input_receptor	input_ligand	receptor_atoms	ligand_atoms	iface_area	iface_energy_worst	iface_energy_best	iface_area_canonical	iface_energy_canonical	iface_clash_score	per_unit_area_iface_energy_worst	scoring_mode	ligand_sasa	ligand_volume
148l-1-148l_E-1-148l_S-1__receptor.pdb	148l-1-148l_E-1-148l_S-1__ligand.sdf	1295	64	312.609	-59.2191	-59.2191	312.609	-59.2191	0	-0.189435	sas_voromqa	312.609	1381.46
1a09-3-1a09_B-1-1a09_D-1__receptor.pdb	1a09-3-1a09_B-1-1a09_D-1__ligand.sdf	815	41	403.757	8.28568	8.28568	403.757	8.28568	0	0.0205215	sas_voromqa	403.757	1118.89
1a1a-1-1a1a_B-1-1a1a_C-1__receptor.pdb	1a1a-1-1a1a_B-1-1a1a_C-1__ligand.sdf	815	41	749.049	-12.8641	-19.8051	743.75	-16.6407	0	-0.0171739	sas_voromqa	749.049	1469.64
1a3r-1-1a3r_H-1-1a3r_P-1__receptor.pdb	1a3r-1-1a3r_H-1-1a3r_P-1__ligand.sdf	1622	120	1202.89	-57.9163	-57.9163	1202.89	-57.9163	0	-0.0481476	sas_voromqa	1202.89	3295.83
1a3r-1-1a3r_L-1-1a3r_P-1__receptor.pdb	1a3r-1-1a3r_L-1-1a3r_P-1__ligand.sdf	1714	120	1346.94	-76.1521	-76.1521	1346.94	-76.1521	0	-0.0565371	sas_voromqa	1346.94	3404.94
1a7c-1-1a7c_A-1-1a7c_B-1__receptor.pdb	1a7c-1-1a7c_A-1-1a7c_B-1__ligand.sdf	2908	35	43.5951	-0.397814	-0.397814	43.5951	-0.397814	0	-0.0091252	sas_voromqa	43.5951	671.61
1a7c-1-1a7c_A-1-1a7c_C-1__receptor.pdb	1a7c-1-1a7c_A-1-1a7c_C-1__ligand.sdf	2908	35	60.3824	2.72661	2.72661	60.3824	2.72661	0	0.0451557	sas_voromqa	60.3824	736.225
1ahg-1-1ahg_B-1-1ahg_C-1__receptor.pdb	1ahg-1-1ahg_B-1-1ahg_C-1__ligand.sdf	3071	28	465.857	14.019	9.59524	462.479	11.612	0	0.0300929	sas_voromqa	465.857	902.558
1ahg-1-1ahg_B-1-1ahg_D-1__receptor.pdb	1ahg-1-1ahg_B-1-1ahg_D-1__ligand.sdf	3071	28	38.8719	7.70554	7.70554	38.8719	7.70554	0	0.198229	sas_voromqa	38.8719	522.467
1ai1-1-1ai1_H-1-1ai1_P-1__receptor.pdb	1ai1-1-1ai1_H-1-1ai1_P-1__ligand.sdf	1700	80	907.709	71.1755	71.1755	907.709	71.1755	0	0.0784122	sas_voromqa	907.709	2246.34
1ai1-1-1ai1_L-1-1ai1_P-1__receptor.pdb	1ai1-1-1ai1_L-1-1ai1_P-1__ligand.sdf	1662	80	972.516	160.419	160.419	972.516	160.419	0	0.164953	sas_voromqa	972.516	2311.03
1al2-1-1al2_4-59-1al2_0-59__receptor.pdb	1al2-1-1al2_4-59-1al2_0-59__ligand.sdf	462	29	452.973	14.7057	14.7057	452.973	14.7057	0	0.0324648	sas_voromqa	452.973	909.073
1apt-1-1apt_E-1-1apt_I-1__receptor.pdb	1apt-1-1apt_E-1-1apt_I-1__ligand.sdf	2366	35	151.764	12.657	12.657	151.764	12.657	0	0.0833992	sas_voromqa	151.764	866.381
1aqc-1-1aqc_B-1-1aqc_D-1__receptor.pdb	1aqc-1-1aqc_B-1-1aqc_D-1__ligand.sdf	888	86	745.241	157.191	157.191	745.241	157.191	0	0.210926	sas_voromqa	745.241	2203.91
1ati-1-1ati_A-1-1ati_C-1__receptor.pdb	1ati-1-1ati_A-1-1ati_C-1__ligand.sdf	3568	184	2510.14	212.401	212.401	2510.14	212.401	0	0.0846172	sas_voromqa	2510.14	5705.82
1ati-1-1ati_B-1-1ati_D-1__receptor.pdb	1ati-1-1ati_B-1-1ati_D-1__ligand.sdf	3554	78	1029.35	89.2655	89.2655	1029.35	89.2655	0	0.0867203	sas_voromqa	1029.35	2348.62
1axd-1-1axd_A-1-1axd_C-1__receptor.pdb	1axd-1-1axd_A-1-1axd_C-1__ligand.sdf	1639	25	192.924	-21.6852	-21.6852	192.924	-21.6852	0	-0.112403	sas_voromqa	192.924	621.266
1b8h-1-1b8h_B-1-1b8h_D-1__receptor.pdb	1b8h-1-1b8h_B-1-1b8h_D-1__ligand.sdf	1766	95	769.682	3.19237	3.19237	769.682	3.19237	0	0.00414765	sas_voromqa	769.682	2450.78
1bbr-4-1bbr_K-2-1bbr_I-1__receptor.pdb	1bbr-4-1bbr_K-2-1bbr_I-1__ligand.sdf	2094	75	983.064	-33.0782	-33.0782	983.064	-33.0782	0	-0.0336481	sas_voromqa	983.064	2218.84
1bbz-3-1bbz_E-1-1bbz_F-1__receptor.pdb	1bbz-3-1bbz_E-1-1bbz_F-1__ligand.sdf	448	75	781.539	43.8063	43.8063	781.539	43.8063	0	0.0560513	sas_voromqa	781.539	1997.35
1bc5-1-1bc5_A-1-1bc5_T-1__receptor.pdb	1bc5-1-1bc5_A-1-1bc5_T-1__ligand.sdf	2186	53	424.161	-28.6283	-28.6283	424.161	-28.6283	0	-0.0674939	sas_voromqa	424.161	1304.86
1bcs-1-1bcs_A-2-1bcs_C-2__receptor.pdb	1bcs-1-1bcs_A-2-1bcs_C-2__ligand.sdf	1999	44	453.961	51.1742	51.1742	453.961	51.1742	0	0.112728	sas_voromqa	453.961	1213.66
1bcs-1-1bcs_B-1-1bcs_C-1__receptor.pdb	1bcs-1-1bcs_B-1-1bcs_C-1__ligand.sdf	1202	44	536.922	23.9568	23.9568	536.922	23.9568	0	0.0446188	sas_voromqa	536.922	1272.79
1bd2-1-1bd2_D-1-1bd2_C-1__receptor.pdb	1bd2-1-1bd2_D-1-1bd2_C-1__ligand.sdf	1421	77	1220.24	191.356	191.356	1220.24	191.356	0	0.156818	sas_voromqa	1220.24	2458.59
1bd2-1-1bd2_E-1-1bd2_C-1__receptor.pdb	1bd2-1-1bd2_E-1-1bd2_C-1__ligand.sdf	1850	77	1246.56	170.593	170.593	1246.56	170.593	0	0.136851	sas_voromqa	1246.56	2486.66
1bii-1-1bii_A-1-1bii_P-1__receptor.pdb	1bii-1-1bii_A-1-1bii_P-1__ligand.sdf	2248	76	333.683	66.3534	66.3534	333.683	66.3534	0	0.198852	sas_voromqa	333.683	1702.48
1bs6-3-1bs6_C-1-1bs6_F-1__receptor.pdb	1bs6-3-1bs6_C-1-1bs6_F-1__ligand.sdf	1346	20	107.366	-23.0137	-23.0137	107.366	-23.0137	0	-0.214348	sas_voromqa	107.366	496.894
1bt6-1-1bt6_A-1-1bt6_C-1__receptor.pdb	1bt6-1-1bt6_A-1-1bt6_C-1__ligand.sdf	733	87	963.113	12.8885	12.8885	963.113	12.8885	0	0.0133821	sas_voromqa	963.113	2459.17
1bt6-1-1bt6_A-1-1bt6_D-1__receptor.pdb	1bt6-1-1bt6_A-1-1bt6_D-1__ligand.sdf	733	87	738.1	-1.89734	-1.89734	738.1	-1.89734	0	-0.00257057	sas_voromqa	738.1	2296.41
1bt6-2-1bt6_B-2-1bt6_C-1__receptor.pdb	1bt6-2-1bt6_B-2-1bt6_C-1__ligand.sdf	733	87	1119.8	46.0952	46.0952	1119.8	46.0952	0	0.0411638	sas_voromqa	1119.8	2591.03
1bx9-1-1bx9_A-1-1bx9_B-1__receptor.pdb	1bx9-1-1bx9_A-1-1bx9_B-1__ligand.sdf	1693	34	232.062	29.7441	-12.5606	199.767	6.72609	0	0.128173	sas_voromqa	232.062	850.947
1by5-1-1by5_A-1-1by5_B-1__receptor.pdb	1by5-1-1by5_A-1-1by5_B-1__ligand.sdf	5453	49	246.025	16.4083	16.4083	246.025	16.4083	0	0.0666936	sas_voromqa	246.025	1086.54
1c5f-3-1c5f_E-1-1c5f_F-1__receptor.pdb	1c5f-3-1c5f_E-1-1c5f_F-1__ligand.sdf	1342	85	698.533	52.2636	52.2636	698.533	52.2636	0	0.0748191	sas_voromqa	698.533	2272.49
1cdl-4-1cdl_D-1-1cdl_H-1__receptor.pdb	1cdl-4-1cdl_D-1-1cdl_H-1__ligand.sdf	1087	133	469.073	-32.9994	-32.9994	469.073	-32.9994	0	-0.0703502	sas_voromqa	469.073	2932.63
1cdm-1-1cdm_A-1-1cdm_B-1__receptor.pdb	1cdm-1-1cdm_A-1-1cdm_B-1__ligand.sdf	1040	139	585.551	-10.9863	-10.9863	585.551	-10.9863	0	-0.0187623	sas_voromqa	585.551	3150.64
1ce1-1-1ce1_H-1-1ce1_P-1__receptor.pdb	1ce1-1-1ce1_H-1-1ce1_P-1__ligand.sdf	1657	48	510.938	36.4582	36.4582	510.938	36.4582	0	0.0713554	sas_voromqa	510.938	1290.52
1ce1-1-1ce1_L-1-1ce1_P-1__receptor.pdb	1ce1-1-1ce1_L-1-1ce1_P-1__ligand.sdf	1638	48	566.097	4.60232	4.60232	566.097	4.60232	0	0.00812991	sas_voromqa	566.097	1343.62
1cjf-1-1cjf_B-1-1cjf_C-1__receptor.pdb	1cjf-1-1cjf_B-1-1cjf_C-1__ligand.sdf	1041	122	1985.7	202.319	202.319	1985.7	202.319	0	0.101888	sas_voromqa	1985.7	3826.02
1cpi-1-1cpi_A-1-1cpi_C-1__receptor.pdb	1cpi-1-1cpi_A-1-1cpi_C-1__ligand.sdf	730	49	424.415	31.9065	31.9065	424.415	31.9065	0	0.0751776	sas_voromqa	424.415	1305.63
1ctp-1-1ctp_E-1-1ctp_I-2__receptor.pdb	1ctp-1-1ctp_E-1-1ctp_I-2__ligand.sdf	2569	140	1913.2	49.3173	-124.479	1780.52	-45.2456	0	0.0257774	sas_voromqa	1913.2	4266.88
1cu4-1-1cu4_H-1-1cu4_P-1__receptor.pdb	1cu4-1-1cu4_H-1-1cu4_P-1__ligand.sdf	1626	76	899.038	44.8473	44.8473	899.038	44.8473	0	0.0498837	sas_voromqa	899.038	2219.35
1cu4-1-1cu4_L-1-1cu4_P-1__receptor.pdb	1cu4-1-1cu4_L-1-1cu4_P-1__ligand.sdf	1692	76	1074.56	45.6286	45.6286	1074.56	45.6286	0	0.0424626	sas_voromqa	1074.56	2404.23
1cvu-1-1cvu_B-1-1cvu_F-1__receptor.pdb	1cvu-1-1cvu_B-1-1cvu_F-1__ligand.sdf	4469	63	785.684	62.9027	62.9027	785.684	62.9027	0	0.0800611	sas_voromqa	785.684	1842.96
1cyn-1-1cyn_A-1-1cyn_C-1__receptor.pdb	1cyn-1-1cyn_A-1-1cyn_C-1__ligand.sdf	1389	85	694.514	54.0376	54.0376	694.514	54.0376	0	0.0778064	sas_voromqa	694.514	2291.83
1czq-1-1czq_A-1-1czq_D-1__receptor.pdb	1czq-1-1czq_A-1-1czq_D-1__ligand.sdf	381	131	1370.87	12.1077	12.1077	1370.87	12.1077	0	0.00883213	sas_voromqa	1370.87	3554.64
1czq-1-1czq_A-3-1czq_D-2__receptor.pdb	1czq-1-1czq_A-3-1czq_D-2__ligand.sdf	381	131	1429.91	-26.4582	-26.4582	1429.91	-26.4582	0	-0.0185034	sas_voromqa	1429.91	3616
1d4t-1-1d4t_A-1-1d4t_B-1__receptor.pdb	1d4t-1-1d4t_A-1-1d4t_B-1__ligand.sdf	825	90	835.965	33.9205	33.9205	835.965	33.9205	0	0.0405765	sas_voromqa	835.965	2417.84
1d8d-1-1d8d_A-1-1d8d_P-1__receptor.pdb	1d8d-1-1d8d_A-1-1d8d_P-1__ligand.sdf	2745	96	1354.75	100.566	100.566	1354.75	100.566	0	0.0742321	sas_voromqa	1354.75	3158.19
1ddv-1-1ddv_A-1-1ddv_B-1__receptor.pdb	1ddv-1-1ddv_A-1-1ddv_B-1__ligand.sdf	843	46	476.417	26.3768	26.3768	476.417	26.3768	0	0.0553649	sas_voromqa	476.417	1241.5
1dkd-3-1dkd_C-1-1dkd_G-1__receptor.pdb	1dkd-3-1dkd_C-1-1dkd_G-1__ligand.sdf	1081	104	743.372	93.9965	93.9965	743.372	93.9965	0	0.126446	sas_voromqa	743.372	2465.86
1dlk-1-1dlk_B-1-1dlk_F-2__receptor.pdb	1dlk-1-1dlk_B-1-1dlk_F-2__ligand.sdf	1696	30	579.891	188.488	188.488	579.891	188.488	0	0.32504	sas_voromqa	579.891	1074.93
1dlk-3-1dlk_D-1-1dlk_C-1__receptor.pdb	1dlk-3-1dlk_D-1-1dlk_C-1__ligand.sdf	1696	86	884.332	70.294	70.294	884.332	70.294	0	0.0794882	sas_voromqa	884.332	2423.12
1dlk-3-1dlk_D-1-1dlk_F-1__receptor.pdb	1dlk-3-1dlk_D-1-1dlk_F-1__ligand.sdf	1696	30	153.411	26.8845	26.8845	153.411	26.8845	0	0.175245	sas_voromqa	153.411	700.443
1dm4-2-1dm4_B-1-1dm4_C-2__receptor.pdb	1dm4-2-1dm4_B-1-1dm4_C-2__ligand.sdf	2038	75	1095.08	-35.8592	-35.8592	1095.08	-35.8592	0	-0.0327457	sas_voromqa	1095.08	2279.52
1dva-2-1dva_I-1-1dva_Y-1__receptor.pdb	1dva-2-1dva_I-1-1dva_Y-1__ligand.sdf	1974	151	1114.07	-7.61161	-7.61161	1114.07	-7.61161	0	-0.00683225	sas_voromqa	1114.07	3664.51
1e4x-1-1e4x_H-1-1e4x_P-1__receptor.pdb	1e4x-1-1e4x_H-1-1e4x_P-1__ligand.sdf	1634	58	707.57	88.593	88.593	707.57	88.593	0	0.125207	sas_voromqa	707.57	1624.53
1e4x-1-1e4x_L-1-1e4x_P-1__receptor.pdb	1e4x-1-1e4x_L-1-1e4x_P-1__ligand.sdf	1657	58	517.055	-10.5158	-10.5158	517.055	-10.5158	0	-0.0203379	sas_voromqa	517.055	1473.5
1e6i-1-1e6i_A-1-1e6i_P-1__receptor.pdb	1e6i-1-1e6i_A-1-1e6i_P-1__ligand.sdf	931	50	575.239	-96.6082	-96.6082	575.239	-96.6082	0	-0.167944	sas_voromqa	575.239	1448.68
1eak-1-1eak_A-1-1eak_P-1__receptor.pdb	1eak-1-1eak_A-1-1eak_P-1__ligand.sdf	3330	44	409.842	17.2688	17.2688	409.842	17.2688	0	0.0421353	sas_voromqa	409.842	1209.98
1eak-1-1eak_C-1-1eak_P-1__receptor.pdb	1eak-1-1eak_C-1-1eak_P-1__ligand.sdf	3305	44	815.911	52.8489	52.8489	815.911	52.8489	0	0.0647729	sas_voromqa	815.911	1493.9
1eba-3-1eba_A-2-1eba_C-2__receptor.pdb	1eba-3-1eba_A-2-1eba_C-2__ligand.sdf	1655	132	1431.62	215.664	94.4392	1339.08	149.706	0	0.150643	sas_voromqa	1431.62	3661.21
1eba-3-1eba_A-2-1eba_D-2__receptor.pdb	1eba-3-1eba_A-2-1eba_D-2__ligand.sdf	1655	132	1560.05	282.921	214.745	1508.01	245.827	0	0.181354	sas_voromqa	1560.05	3785.47
1ee4-1-1ee4_A-1-1ee4_C-1__receptor.pdb	1ee4-1-1ee4_A-1-1ee4_C-1__ligand.sdf	3160	69	529.891	-4.37681	-4.37681	529.891	-4.37681	0	-0.00825983	sas_voromqa	529.891	1797.7
1ee4-1-1ee4_A-1-1ee4_D-1__receptor.pdb	1ee4-1-1ee4_A-1-1ee4_D-1__ligand.sdf	3160	37	410.363	24.5992	24.5992	410.363	24.5992	0	0.059945	sas_voromqa	410.363	1093.5
1efx-1-1efx_A-1-1efx_C-1__receptor.pdb	1efx-1-1efx_A-1-1efx_C-1__ligand.sdf	2274	61	246.55	-9.5954	-9.5954	246.55	-9.5954	0	-0.0389187	sas_voromqa	246.55	1395.56
1efx-1-1efx_D-1-1efx_C-1__receptor.pdb	1efx-1-1efx_D-1-1efx_C-1__ligand.sdf	1527	61	1133.54	-26.7842	-26.7842	1133.54	-26.7842	0	-0.0236288	sas_voromqa	1133.54	2108.16
1eg4-1-1eg4_A-1-1eg4_P-1__receptor.pdb	1eg4-1-1eg4_A-1-1eg4_P-1__ligand.sdf	2089	106	1279.4	100.693	100.693	1279.4	100.693	0	0.0787033	sas_voromqa	1279.4	3019.72
1ejo-1-1ejo_H-1-1ejo_P-1__receptor.pdb	1ejo-1-1ejo_H-1-1ejo_P-1__ligand.sdf	1608	99	1075.14	62.5641	62.5641	1075.14	62.5641	0	0.0581916	sas_voromqa	1075.14	2756.69
1ejo-1-1ejo_L-1-1ejo_P-1__receptor.pdb	1ejo-1-1ejo_L-1-1ejo_P-1__ligand.sdf	1647	99	1047.16	67.1187	67.1187	1047.16	67.1187	0	0.0640959	sas_voromqa	1047.16	2772.31
1ekb-1-1ekb_B-1-1ekb_A-1__receptor.pdb	1ekb-1-1ekb_B-1-1ekb_A-1__ligand.sdf	1831	46	492.18	50.2681	50.2681	492.18	50.2681	0	0.102134	sas_voromqa	492.18	1354.9
1ekb-1-1ekb_B-1-1ekb_C-1__receptor.pdb	1ekb-1-1ekb_B-1-1ekb_C-1__ligand.sdf	1831	34	209.324	-46.1001	-46.1001	209.324	-46.1001	0	-0.220233	sas_voromqa	209.324	801.765
1elr-1-1elr_A-1-1elr_B-1__receptor.pdb	1elr-1-1elr_A-1-1elr_B-1__ligand.sdf	1041	45	400.03	-42.9082	-42.9082	400.03	-42.9082	0	-0.107262	sas_voromqa	400.03	1200.14
1elw-1-1elw_A-1-1elw_C-1__receptor.pdb	1elw-1-1elw_A-1-1elw_C-1__ligand.sdf	932	60	562.68	-59.5237	-59.5237	562.68	-59.5237	0	-0.105786	sas_voromqa	562.68	1611.88
1emu-1-1emu_A-1-1emu_B-1__receptor.pdb	1emu-1-1emu_A-1-1emu_B-1__ligand.sdf	1077	120	1057.28	-87.8961	-87.8961	1057.28	-87.8961	0	-0.0831342	sas_voromqa	1057.28	3144.12
1eyx-1-1eyx_L-1-1eyx_H-1__receptor.pdb	1eyx-1-1eyx_L-1-1eyx_H-1__ligand.sdf	1289	37	487.836	5.1153	5.1153	487.836	5.1153	0	0.0104857	sas_voromqa	487.836	1125.57
1f1j-3-1f1j_A-1-1f1j_C-1__receptor.pdb	1f1j-3-1f1j_A-1-1f1j_C-1__ligand.sdf	1840	35	168.886	4.46734	4.46734	168.886	4.46734	0	0.0264518	sas_voromqa	168.886	751.648
1f1w-2-1f1w_A-1-1f1w_B-2__receptor.pdb	1f1w-2-1f1w_A-1-1f1w_B-2__ligand.sdf	849	62	816.572	-58.0171	-62.3329	813.277	-60.3653	0	-0.0710496	sas_voromqa	816.572	1830.9
1f47-1-1f47_B-1-1f47_A-1__receptor.pdb	1f47-1-1f47_B-1-1f47_A-1__ligand.sdf	1129	135	1314.66	-64.2002	-64.2002	1314.66	-64.2002	0	-0.0488341	sas_voromqa	1314.66	3604.02
1f58-1-1f58_H-1-1f58_P-1__receptor.pdb	1f58-1-1f58_H-1-1f58_P-1__ligand.sdf	1747	92	943.631	69.5033	69.5033	943.631	69.5033	0	0.0736552	sas_voromqa	943.631	2571.23
1f58-1-1f58_L-1-1f58_P-1__receptor.pdb	1f58-1-1f58_L-1-1f58_P-1__ligand.sdf	1658	92	1043.24	136.345	136.345	1043.24	136.345	0	0.130694	sas_voromqa	1043.24	2618.18
1f8a-1-1f8a_B-1-1f8a_C-1__receptor.pdb	1f8a-1-1f8a_B-1-1f8a_C-1__ligand.sdf	1234	60	480.424	-65.6861	-70.5433	476.716	-68.3289	0	-0.136725	sas_voromqa	480.424	1495.35
1f90-1-1f90_H-1-1f90_E-1__receptor.pdb	1f90-1-1f90_H-1-1f90_E-1__ligand.sdf	1680	74	776.508	-72.1487	-72.1487	776.508	-72.1487	0	-0.0929143	sas_voromqa	776.508	2089.29
1fch-3-1fch_A-1-1fch_C-1__receptor.pdb	1fch-3-1fch_A-1-1fch_C-1__ligand.sdf	2335	45	266.017	32.9308	32.9308	266.017	32.9308	0	0.123792	sas_voromqa	266.017	1117.1
1fch-3-1fch_A-2-1fch_D-2__receptor.pdb	1fch-3-1fch_A-2-1fch_D-2__ligand.sdf	2335	45	671.025	-0.508346	-0.508346	671.025	-0.508346	0	-0.000757566	sas_voromqa	671.025	1409.14
1fip-1-1fip_A-1-1fip_C-1__receptor.pdb	1fip-1-1fip_A-1-1fip_C-1__ligand.sdf	585	21	404.097	-5.96153	-5.96153	404.097	-5.96153	0	-0.0147527	sas_voromqa	404.097	731.663
1fip-1-1fip_B-1-1fip_C-1__receptor.pdb	1fip-1-1fip_B-1-1fip_C-1__ligand.sdf	585	21	234.254	-12.615	-12.615	234.254	-12.615	0	-0.0538518	sas_voromqa	234.254	624.72
1fiw-1-1fiw_A-1-1fiw_L-1__receptor.pdb	1fiw-1-1fiw_A-1-1fiw_L-1__ligand.sdf	2032	106	874.892	32.7476	32.7476	874.892	32.7476	0	0.0374304	sas_voromqa	874.892	2720.74
1fiz-2-1fiz_A-1-1fiz_L-1__receptor.pdb	1fiz-2-1fiz_A-1-1fiz_L-1__ligand.sdf	2055	97	819.122	18.6142	18.6142	819.122	18.6142	0	0.0227246	sas_voromqa	819.122	2520.87
1fkn-1-1fkn_A-1-1fkn_C-1__receptor.pdb	1fkn-1-1fkn_A-1-1fkn_C-1__ligand.sdf	3075	63	354.952	13.569	13.569	354.952	13.569	0	0.0382277	sas_voromqa	354.952	1506.26
1fn8-1-1fn8_A-1-1fn8_B-1__receptor.pdb	1fn8-1-1fn8_A-1-1fn8_B-1__ligand.sdf	1557	20	133.259	2.12699	2.12699	133.259	2.12699	0	0.0159613	sas_voromqa	133.259	495.108
1fo0-1-1fo0_B-1-1fo0_P-1__receptor.pdb	1fo0-1-1fo0_B-1-1fo0_P-1__ligand.sdf	910	70	1071.39	69.0835	69.0835	1071.39	69.0835	0	0.0644803	sas_voromqa	1071.39	2180.58
1fpr-1-1fpr_A-1-1fpr_B-1__receptor.pdb	1fpr-1-1fpr_A-1-1fpr_B-1__ligand.sdf	2289	85	779.584	-56.1582	-56.2859	779.486	-56.2277	0	-0.0720361	sas_voromqa	779.584	2127.66
1fpr-2-1fpr_A-1-1fpr_B-2__receptor.pdb	1fpr-2-1fpr_A-1-1fpr_B-2__ligand.sdf	2289	85	1283.35	-136.569	-142.527	1278.8	-139.811	0	-0.106416	sas_voromqa	1283.35	2634.16
1fpt-1-1fpt_H-1-1fpt_P-1__receptor.pdb	1fpt-1-1fpt_H-1-1fpt_P-1__ligand.sdf	1652	83	968.3	-58.2804	-58.2804	968.3	-58.2804	0	-0.0601884	sas_voromqa	968.3	2321.16
1frg-1-1frg_H-1-1frg_P-1__receptor.pdb	1frg-1-1frg_H-1-1frg_P-1__ligand.sdf	1672	65	675.122	43.7426	43.7426	675.122	43.7426	0	0.0647921	sas_voromqa	675.122	1759.75
1frg-1-1frg_L-1-1frg_P-1__receptor.pdb	1frg-1-1frg_L-1-1frg_P-1__ligand.sdf	1689	65	901.82	0.174485	0.174485	901.82	0.174485	0	0.000193481	sas_voromqa	901.82	1954.55
1fv1-2-1fv1_E-1-1fv1_F-1__receptor.pdb	1fv1-2-1fv1_E-1-1fv1_F-1__ligand.sdf	1522	144	1997.85	173.725	173.725	1997.85	173.725	0	0.086956	sas_voromqa	1997.85	4379.2
1fyr-3-1fyr_D-2-1fyr_J-3__receptor.pdb	1fyr-3-1fyr_D-2-1fyr_J-3__ligand.sdf	785	42	662.655	-37.4571	-40.9329	660.002	-39.3483	0	-0.0565258	sas_voromqa	662.655	1360.76
1fzc-1-1fzc_E-1-1fzc_J-1__receptor.pdb	1fzc-1-1fzc_E-1-1fzc_J-1__ligand.sdf	2473	46	545.736	31.8927	31.8927	545.736	31.8927	0	0.0584398	sas_voromqa	545.736	1306.51
1g1s-1-1g1s_B-1-1g1s_C-1__receptor.pdb	1g1s-1-1g1s_B-1-1g1s_C-1__ligand.sdf	1275	200	1993.83	70.4227	3.991	1943.12	34.2772	0	0.0353203	sas_voromqa	1993.83	5293.43
1g5q-1-1g5q_D-2-1g5q_M-2__receptor.pdb	1g5q-1-1g5q_D-2-1g5q_M-2__ligand.sdf	1401	40	660.869	39.0706	39.0706	660.869	39.0706	0	0.05912	sas_voromqa	660.869	1307.74
1g5q-1-1g5q_L-1-1g5q_P-1__receptor.pdb	1g5q-1-1g5q_L-1-1g5q_P-1__ligand.sdf	1401	40	265.958	15.9469	15.9469	265.958	15.9469	0	0.0599602	sas_voromqa	265.958	991.061
1g65-1-1g65_Y-1-1g65_4-1__receptor.pdb	1g65-1-1g65_Y-1-1g65_4-1__ligand.sdf	1644	39	404.301	25.3048	25.3048	404.301	25.3048	0	0.062589	sas_voromqa	404.301	1149.49
1g65-1-1g65_Z-1-1g65_4-1__receptor.pdb	1g65-1-1g65_Z-1-1g65_4-1__ligand.sdf	1757	39	686.493	41.5637	41.5637	686.493	41.5637	0	0.060545	sas_voromqa	686.493	1388.97
1g6g-1-1g6g_B-1-1g6g_F-1__receptor.pdb	1g6g-1-1g6g_B-1-1g6g_F-1__ligand.sdf	969	94	1226.37	58.9916	54.626	1223.04	56.6163	0	0.0481026	sas_voromqa	1226.37	2811.67
1ga6-1-1ga6_A-1-1ga6_I-1__receptor.pdb	1ga6-1-1ga6_A-1-1ga6_I-1__ligand.sdf	2696	16	165.062	29.4462	29.4462	165.062	29.4462	0	0.178395	sas_voromqa	165.062	447.292
1gec-1-1gec_E-1-1gec_I-1__receptor.pdb	1gec-1-1gec_E-1-1gec_I-1__ligand.sdf	1642	30	172.793	57.7544	57.7544	172.793	57.7544	0	0.33424	sas_voromqa	172.793	741.595
1gff-1-1gff_1-16-1gff_3-16__receptor.pdb	1gff-1-1gff_1-16-1gff_3-16__ligand.sdf	3357	97	744.965	33.7193	33.7193	744.965	33.7193	0	0.0452629	sas_voromqa	744.965	2519.78
1gff-1-1gff_1-19-1gff_3-18__receptor.pdb	1gff-1-1gff_1-19-1gff_3-18__ligand.sdf	3357	97	1537.44	213.018	213.018	1537.44	213.018	0	0.138554	sas_voromqa	1537.44	3150.55
1ggd-3-1ggd_C-3-1ggd_A-2__receptor.pdb	1ggd-3-1ggd_C-3-1ggd_A-2__ligand.sdf	689	69	1216.36	63.5886	63.5886	1216.36	63.5886	0	0.0522778	sas_voromqa	1216.36	2379.67
1ggi-1-1ggi_H-1-1ggi_P-1__receptor.pdb	1ggi-1-1ggi_H-1-1ggi_P-1__ligand.sdf	1627	67	925.992	37.2171	37.2171	925.992	37.2171	0	0.0401916	sas_voromqa	925.992	2065.98
1ggi-1-1ggi_L-1-1ggi_P-1__receptor.pdb	1ggi-1-1ggi_L-1-1ggi_P-1__ligand.sdf	1662	67	1007.84	44.1665	44.1665	1007.84	44.1665	0	0.0438229	sas_voromqa	1007.84	2172.89
1ghb-3-1ghb_G-1-1ghb_P-1__receptor.pdb	1ghb-3-1ghb_G-1-1ghb_P-1__ligand.sdf	689	17	264.577	7.9433	7.9433	264.577	7.9433	0	0.0300226	sas_voromqa	264.577	559.888
1gj7-1-1gj7_B-1-1gj7_A-1__receptor.pdb	1gj7-1-1gj7_B-1-1gj7_A-1__ligand.sdf	1939	80	1002.37	63.2593	63.2593	1002.37	63.2593	0	0.0631097	sas_voromqa	1002.37	2394.49
1gmd-1-1gmd_F-2-1gmd_B-2__receptor.pdb	1gmd-1-1gmd_F-2-1gmd_B-2__ligand.sdf	980	34	593.005	65.7076	65.7076	593.005	65.7076	0	0.110804	sas_voromqa	593.005	1130.99
1gtj-1-1gtj_1-1-1gtj_3-1__receptor.pdb	1gtj-1-1gtj_1-1-1gtj_3-1__ligand.sdf	2563	27	184.333	18.4133	18.4133	184.333	18.4133	0	0.0998915	sas_voromqa	184.333	693.168
1gul-3-1gul_E-1-1gul_M-1__receptor.pdb	1gul-3-1gul_E-1-1gul_M-1__ligand.sdf	1777	28	196.484	11.183	11.0234	196.362	11.0962	0	0.0569156	sas_voromqa	196.484	764.719
1gux-1-1gux_B-1-1gux_E-1__receptor.pdb	1gux-1-1gux_B-1-1gux_E-1__ligand.sdf	1190	81	714.883	45.1206	45.1206	714.883	45.1206	0	0.0631161	sas_voromqa	714.883	2091.87
1gvk-1-1gvk_B-1-1gvk_A-1__receptor.pdb	1gvk-1-1gvk_B-1-1gvk_A-1__ligand.sdf	1822	31	141.488	-15.1779	-21.1718	136.913	-18.4392	0	-0.107273	sas_voromqa	141.488	658.951
1gvu-1-1gvu_A-1-1gvu_I-1__receptor.pdb	1gvu-1-1gvu_A-1-1gvu_I-1__ligand.sdf	2377	54	326.978	41.6754	41.6754	326.978	41.6754	0	0.127456	sas_voromqa	326.978	1346.45
1gxc-3-1gxc_G-1-1gxc_H-1__receptor.pdb	1gxc-3-1gxc_G-1-1gxc_H-1__ligand.sdf	964	74	853.404	-7.62502	-9.54826	851.936	-8.67145	0	-0.00893483	sas_voromqa	853.404	2104.27
1gyb-1-1gyb_A-1-1gyb_F-1__receptor.pdb	1gyb-1-1gyb_A-1-1gyb_F-1__ligand.sdf	1000	28	400.875	125.21	125.21	400.875	125.21	0	0.312342	sas_voromqa	400.875	894.551
1gyb-1-1gyb_B-1-1gyb_F-1__receptor.pdb	1gyb-1-1gyb_B-1-1gyb_F-1__ligand.sdf	1006	28	372.636	106.734	106.734	372.636	106.734	0	0.28643	sas_voromqa	372.636	838.044
1h0i-1-1h0i_A-1-1h0i_C-1__receptor.pdb	1h0i-1-1h0i_A-1-1h0i_C-1__ligand.sdf	3899	48	296.981	-34.5997	-34.5997	296.981	-34.5997	0	-0.116505	sas_voromqa	296.981	1149.11
1hbt-1-1hbt_H-1-1hbt_I-1__receptor.pdb	1hbt-1-1hbt_H-1-1hbt_I-1__ligand.sdf	2019	135	996.785	-39.8674	-39.8674	996.785	-39.8674	0	-0.039996	sas_voromqa	996.785	3372.73
1hc9-1-1hc9_A-1-1hc9_C-1__receptor.pdb	1hc9-1-1hc9_A-1-1hc9_C-1__ligand.sdf	553	121	943.822	-7.72911	-7.72911	943.822	-7.72911	0	-0.00818916	sas_voromqa	943.822	2967.17
1hi6-1-1hi6_A-1-1hi6_C-1__receptor.pdb	1hi6-1-1hi6_A-1-1hi6_C-1__ligand.sdf	1678	87	1060.88	-15.4054	-15.4054	1060.88	-15.4054	0	-0.0145213	sas_voromqa	1060.88	2502.17
1hi6-1-1hi6_B-1-1hi6_C-1__receptor.pdb	1hi6-1-1hi6_B-1-1hi6_C-1__ligand.sdf	1595	87	887.923	-64.589	-64.589	887.923	-64.589	0	-0.0727417	sas_voromqa	887.923	2271.18
1hne-1-1hne_E-3-1hne_I-3__receptor.pdb	1hne-1-1hne_E-3-1hne_I-3__ligand.sdf	1636	31	280.621	17.4855	17.4855	280.621	17.4855	0	0.06231	sas_voromqa	280.621	825.988
1hpg-1-1hpg_A-1-1hpg_B-1__receptor.pdb	1hpg-1-1hpg_A-1-1hpg_B-1__ligand.sdf	1283	34	292.065	10.2603	10.2603	292.065	10.2603	0	0.0351302	sas_voromqa	292.065	875.529
1hqq-1-1hqq_B-1-1hqq_F-1__receptor.pdb	1hqq-1-1hqq_B-1-1hqq_F-1__ligand.sdf	891	95	991.843	-55.2764	-55.2764	991.843	-55.2764	0	-0.055731	sas_voromqa	991.843	2639.38
1hqq-1-1hqq_B-1-1hqq_G-1__receptor.pdb	1hqq-1-1hqq_B-1-1hqq_G-1__ligand.sdf	891	95	1418.71	-53.5481	-53.5481	1418.71	-53.5481	0	-0.0377442	sas_voromqa	1418.71	2956.23
1hqw-1-1hqw_A-3-1hqw_B-3__receptor.pdb	1hqw-1-1hqw_A-3-1hqw_B-3__ligand.sdf	1809	32	529.311	108.73	108.73	529.311	108.73	0	0.205418	sas_voromqa	529.311	1012.55
1hr8-4-1hr8_H-1-1hr8_R-1__receptor.pdb	1hr8-4-1hr8_H-1-1hr8_R-1__ligand.sdf	3431	54	493.963	11.0464	11.0464	493.963	11.0464	0	0.0223628	sas_voromqa	493.963	1556.17
1hsb-1-1hsb_A-1-1hsb_C-1__receptor.pdb	1hsb-1-1hsb_A-1-1hsb_C-1__ligand.sdf	2194	17	66.0619	10.9964	10.9964	66.0619	10.9964	0	0.166456	sas_voromqa	66.0619	398.435
1htm-1-1htm_D-1-1htm_C-1__receptor.pdb	1htm-1-1htm_D-1-1htm_C-1__ligand.sdf	1014	38	399.141	47.0706	47.0706	399.141	47.0706	0	0.11793	sas_voromqa	399.141	1109.73
1i3z-1-1i3z_A-1-1i3z_B-1__receptor.pdb	1i3z-1-1i3z_A-1-1i3z_B-1__ligand.sdf	822	84	735.062	22.9898	22.9898	735.062	22.9898	0	0.031276	sas_voromqa	735.062	2197.43
1i4o-3-1i4o_A-1-1i4o_C-1__receptor.pdb	1i4o-3-1i4o_A-1-1i4o_C-1__ligand.sdf	1854	124	992.853	29.5427	29.5427	992.853	29.5427	0	0.0297554	sas_voromqa	992.853	3104.88
1i51-1-1i51_C-1-1i51_F-1__receptor.pdb	1i51-1-1i51_C-1-1i51_F-1__ligand.sdf	1089	140	1595.83	-39.777	-39.777	1595.83	-39.777	0	-0.0249256	sas_voromqa	1595.83	3949.24
1i73-1-1i73_A-1-1i73_B-1__receptor.pdb	1i73-1-1i73_A-1-1i73_B-1__ligand.sdf	1283	31	230.965	26.428	26.1261	230.734	26.2638	0	0.114424	sas_voromqa	230.965	789.586
1i7a-1-1i7a_A-1-1i7a_E-1__receptor.pdb	1i7a-1-1i7a_A-1-1i7a_E-1__ligand.sdf	830	27	267.065	82.6243	82.6243	267.065	82.6243	0	0.309379	sas_voromqa	267.065	748.309
1i8k-1-1i8k_A-1-1i8k_C-1__receptor.pdb	1i8k-1-1i8k_A-1-1i8k_C-1__ligand.sdf	813	82	1029.33	-37.2854	-37.2854	1029.33	-37.2854	0	-0.036223	sas_voromqa	1029.33	2401.34
1i8k-1-1i8k_B-1-1i8k_C-1__receptor.pdb	1i8k-1-1i8k_B-1-1i8k_C-1__ligand.sdf	925	82	787.567	-11.0003	-11.0003	787.567	-11.0003	0	-0.0139674	sas_voromqa	787.567	2164.19
1iak-1-1iak_A-1-1iak_P-1__receptor.pdb	1iak-1-1iak_A-1-1iak_P-1__ligand.sdf	1476	110	1432.64	29.2264	29.2264	1432.64	29.2264	0	0.0204004	sas_voromqa	1432.64	3249.77
1iak-1-1iak_B-1-1iak_P-1__receptor.pdb	1iak-1-1iak_B-1-1iak_P-1__ligand.sdf	1543	110	1348.54	28.3222	28.3222	1348.54	28.3222	0	0.0210021	sas_voromqa	1348.54	3179.48
1iau-1-1iau_A-1-1iau_B-1__receptor.pdb	1iau-1-1iau_A-1-1iau_B-1__ligand.sdf	1780	35	167.009	-13.1205	-13.1205	167.009	-13.1205	0	-0.0785616	sas_voromqa	167.009	787.329
1ifh-1-1ifh_H-1-1ifh_P-1__receptor.pdb	1ifh-1-1ifh_H-1-1ifh_P-1__ligand.sdf	1653	57	550.788	-0.468319	-0.468319	550.788	-0.468319	0	-0.000850271	sas_voromqa	550.788	1498.53
1ihj-1-1ihj_A-1-1ihj_D-1__receptor.pdb	1ihj-1-1ihj_A-1-1ihj_D-1__ligand.sdf	713	39	351.907	-5.90385	-5.90385	351.907	-5.90385	0	-0.0167767	sas_voromqa	351.907	1012.37
1iid-1-1iid_A-1-1iid_O-1__receptor.pdb	1iid-1-1iid_A-1-1iid_O-1__ligand.sdf	3394	54	390.033	29.6965	29.6965	390.033	29.6965	0	0.0761384	sas_voromqa	390.033	1387.82
1ikf-1-1ikf_H-1-1ikf_C-1__receptor.pdb	1ikf-1-1ikf_H-1-1ikf_C-1__ligand.sdf	1742	85	876.371	66.0926	66.0926	876.371	66.0926	0	0.0754162	sas_voromqa	876.371	2458.47
1ikf-1-1ikf_L-1-1ikf_C-1__receptor.pdb	1ikf-1-1ikf_L-1-1ikf_C-1__ligand.sdf	1652	85	1199.74	107.391	107.391	1199.74	107.391	0	0.0895119	sas_voromqa	1199.74	2760.34
1im9-1-1im9_A-1-1im9_G-1__receptor.pdb	1im9-1-1im9_A-1-1im9_G-1__ligand.sdf	2262	79	1252.99	54.8496	54.8496	1252.99	54.8496	0	0.043775	sas_voromqa	1252.99	2526.82
1isq-1-1isq_A-1-1isq_B-1__receptor.pdb	1isq-1-1isq_A-1-1isq_B-1__ligand.sdf	1888	71	654.51	85.1376	85.1376	654.51	85.1376	0	0.130078	sas_voromqa	654.51	1883.84
1ize-1-1ize_A-1-1ize_B-1__receptor.pdb	1ize-1-1ize_A-1-1ize_B-1__ligand.sdf	2391	48	246.563	-13.1604	-13.1604	246.563	-13.1604	0	-0.0533754	sas_voromqa	246.563	1195.57
1j2x-1-1j2x_A-1-1j2x_B-1__receptor.pdb	1j2x-1-1j2x_A-1-1j2x_B-1__ligand.sdf	571	136	1164.36	-63.9181	-63.9181	1164.36	-63.9181	0	-0.0548955	sas_voromqa	1164.36	3489.14
1j4x-1-1j4x_A-1-1j4x_D-1__receptor.pdb	1j4x-1-1j4x_A-1-1j4x_D-1__ligand.sdf	1384	96	1037.28	-118.67	-120.234	1036.09	-119.521	0	-0.114405	sas_voromqa	1037.28	2587.52
1j71-1-1j71_A-1-1j71_B-1__receptor.pdb	1j71-1-1j71_A-1-1j71_B-1__ligand.sdf	2531	29	262.607	-32.502	-32.502	262.607	-32.502	0	-0.123767	sas_voromqa	262.607	822.551
1j8h-1-1j8h_D-1-1j8h_C-1__receptor.pdb	1j8h-1-1j8h_D-1-1j8h_C-1__ligand.sdf	1529	106	1812.67	105.415	105.415	1812.67	105.415	0	0.0581545	sas_voromqa	1812.67	3600.79
1j8h-1-1j8h_E-1-1j8h_C-1__receptor.pdb	1j8h-1-1j8h_E-1-1j8h_C-1__ligand.sdf	1938	106	1858.68	97.2297	97.2297	1858.68	97.2297	0	0.0523112	sas_voromqa	1858.68	3589.18
1jbu-1-1jbu_H-1-1jbu_X-1__receptor.pdb	1jbu-1-1jbu_H-1-1jbu_X-1__ligand.sdf	1871	140	1171.7	-90.3051	-90.3051	1171.7	-90.3051	0	-0.0770719	sas_voromqa	1171.7	3533.07
1jd5-1-1jd5_A-1-1jd5_B-1__receptor.pdb	1jd5-1-1jd5_A-1-1jd5_B-1__ligand.sdf	860	64	584.898	54.432	54.432	584.898	54.432	0	0.0930624	sas_voromqa	584.898	1700.18
1jdp-1-1jdp_B-1-1jdp_H-1__receptor.pdb	1jdp-1-1jdp_B-1-1jdp_H-1__ligand.sdf	3121	124	1515.61	122.115	122.115	1515.61	122.115	0	0.0805715	sas_voromqa	1515.61	3693.72
1jet-1-1jet_A-1-1jet_B-1__receptor.pdb	1jet-1-1jet_A-1-1jet_B-1__ligand.sdf	4165	24	12.3143	-1.31988	-1.31988	12.3143	-1.31988	0	-0.107183	sas_voromqa	12.3143	489.834
1jg3-1-1jg3_A-1-1jg3_C-1__receptor.pdb	1jg3-1-1jg3_A-1-1jg3_C-1__ligand.sdf	1697	50	398.9	21.5564	21.5564	398.9	21.5564	0	0.0540396	sas_voromqa	398.9	1232.5
1jk4-1-1jk4_A-1-1jk4_B-1__receptor.pdb	1jk4-1-1jk4_A-1-1jk4_B-1__ligand.sdf	548	52	459.956	91.7991	91.7991	459.956	91.7991	0	0.199582	sas_voromqa	459.956	1343.2
1jn5-1-1jn5_B-1-1jn5_C-1__receptor.pdb	1jn5-1-1jn5_B-1-1jn5_C-1__ligand.sdf	1429	39	502.257	25.1342	25.1342	502.257	25.1342	0	0.0500425	sas_voromqa	502.257	1127.3
1jq9-3-1jq9_B-1-1jq9_P-1__receptor.pdb	1jq9-3-1jq9_B-1-1jq9_P-1__ligand.sdf	944	47	749.09	110.696	110.696	749.09	110.696	0	0.147774	sas_voromqa	749.09	1506
1jui-1-1jui_A-2-1jui_P-2__receptor.pdb	1jui-1-1jui_A-2-1jui_P-2__ligand.sdf	1809	87	1119.45	222.044	222.044	1119.45	222.044	0	0.198351	sas_voromqa	1119.45	2552.29
1juq-3-1juq_C-1-1juq_G-1__receptor.pdb	1juq-3-1juq_C-1-1juq_G-1__ligand.sdf	1189	42	462.896	-17.9067	-17.9067	462.896	-17.9067	0	-0.0386841	sas_voromqa	462.896	1177.35
1jvq-1-1jvq_I-1-1jvq_C-1__receptor.pdb	1jvq-1-1jvq_I-1-1jvq_C-1__ligand.sdf	3284	47	31.8997	-12.4798	-12.4798	31.8997	-12.4798	0	-0.39122	sas_voromqa	31.8997	841.034
1jvq-1-1jvq_I-1-1jvq_D-1__receptor.pdb	1jvq-1-1jvq_I-1-1jvq_D-1__ligand.sdf	3284	42	45.6362	-11.9949	-11.9949	45.6362	-11.9949	0	-0.262837	sas_voromqa	45.6362	810.813
1jw6-1-1jw6_A-3-1jw6_B-3__receptor.pdb	1jw6-1-1jw6_A-3-1jw6_B-3__ligand.sdf	1809	66	695.52	115.308	115.308	695.52	115.308	0	0.165787	sas_voromqa	695.52	1752.63
1jw6-2-1jw6_A-1-1jw6_B-6__receptor.pdb	1jw6-2-1jw6_A-1-1jw6_B-6__ligand.sdf	1809	66	971.97	228.935	228.935	971.97	228.935	0	0.235537	sas_voromqa	971.97	2049.16
1jw6-2-1jw6_A-2-1jw6_B-8__receptor.pdb	1jw6-2-1jw6_A-2-1jw6_B-8__ligand.sdf	1809	66	856.138	183.195	183.195	856.138	183.195	0	0.213978	sas_voromqa	856.138	1902.44
1jwy-1-1jwy_A-1-1jwy_C-1__receptor.pdb	1jwy-1-1jwy_A-1-1jwy_C-1__ligand.sdf	6052	37	474.754	22.7599	22.7599	474.754	22.7599	0	0.0479404	sas_voromqa	474.754	1106.44
1jwy-1-1jwy_B-1-1jwy_C-1__receptor.pdb	1jwy-1-1jwy_B-1-1jwy_C-1__ligand.sdf	2208	37	486.897	-38.3243	-38.3243	486.897	-38.3243	0	-0.0787113	sas_voromqa	486.897	1131.73
1jxp-1-1jxp_A-1-1jxp_C-1__receptor.pdb	1jxp-1-1jxp_A-1-1jxp_C-1__ligand.sdf	1301	84	303.341	17.4131	17.4131	303.341	17.4131	0	0.0574044	sas_voromqa	303.341	1916.32
1jxq-1-1jxq_A-1-1jxq_E-1__receptor.pdb	1jxq-1-1jxq_A-1-1jxq_E-1__ligand.sdf	1879	35	230.803	22.4363	22.4363	230.803	22.4363	0	0.0972097	sas_voromqa	230.803	862.665
1k2d-1-1k2d_B-1-1k2d_P-1__receptor.pdb	1k2d-1-1k2d_B-1-1k2d_P-1__ligand.sdf	1558	84	909.604	36.2598	36.2598	909.604	36.2598	0	0.0398633	sas_voromqa	909.604	2289.24
1k3a-1-1k3a_A-1-1k3a_B-1__receptor.pdb	1k3a-1-1k3a_A-1-1k3a_B-1__ligand.sdf	2243	68	550.749	-20.0753	-20.0753	550.749	-20.0753	0	-0.0364509	sas_voromqa	550.749	1757.36
1k5n-1-1k5n_A-1-1k5n_C-1__receptor.pdb	1k5n-1-1k5n_A-1-1k5n_C-1__ligand.sdf	2254	64	276.417	29.1593	29.1593	276.417	29.1593	0	0.10549	sas_voromqa	276.417	1491.42
1k8d-1-1k8d_A-1-1k8d_P-1__receptor.pdb	1k8d-1-1k8d_A-1-1k8d_P-1__ligand.sdf	2226	79	418.751	-19.2135	-19.2135	418.751	-19.2135	0	-0.0458829	sas_voromqa	418.751	1880.9
1kap-1-1kap_P-1-1kap_I-1__receptor.pdb	1kap-1-1kap_P-1-1kap_I-1__ligand.sdf	3505	25	123.102	-0.913224	-0.913224	123.102	-0.913224	0	-0.00741843	sas_voromqa	123.102	590.422
1kc5-1-1kc5_H-1-1kc5_P-1__receptor.pdb	1kc5-1-1kc5_H-1-1kc5_P-1__ligand.sdf	1635	62	735.693	18.3752	18.3752	735.693	18.3752	0	0.0249767	sas_voromqa	735.693	1791.87
1kc5-1-1kc5_L-1-1kc5_P-1__receptor.pdb	1kc5-1-1kc5_L-1-1kc5_P-1__ligand.sdf	1644	62	838.739	68.282	68.282	838.739	68.282	0	0.0814103	sas_voromqa	838.739	1846.98
1kcr-1-1kcr_H-1-1kcr_P-1__receptor.pdb	1kcr-1-1kcr_H-1-1kcr_P-1__ligand.sdf	1617	112	1446.89	-88.5149	-88.5149	1446.89	-88.5149	0	-0.061176	sas_voromqa	1446.89	3220.22
1kcr-1-1kcr_L-1-1kcr_P-1__receptor.pdb	1kcr-1-1kcr_L-1-1kcr_P-1__ligand.sdf	1634	112	1196.42	-38.5745	-38.5745	1196.42	-38.5745	0	-0.0322416	sas_voromqa	1196.42	3004.75
1kcs-1-1kcs_H-1-1kcs_P-1__receptor.pdb	1kcs-1-1kcs_H-1-1kcs_P-1__ligand.sdf	1600	52	640.658	14.9926	14.9926	640.658	14.9926	0	0.0234019	sas_voromqa	640.658	1529.81
1kcs-1-1kcs_L-1-1kcs_P-1__receptor.pdb	1kcs-1-1kcs_L-1-1kcs_P-1__ligand.sdf	1611	52	713.196	68.7377	68.7377	713.196	68.7377	0	0.0963798	sas_voromqa	713.196	1573.41
1khq-1-1khq_A-1-1khq_I-1__receptor.pdb	1khq-1-1khq_A-1-1khq_I-1__ligand.sdf	1655	24	162.048	16.8909	16.8909	162.048	16.8909	0	0.104234	sas_voromqa	162.048	596.5
1kj2-1-1kj2_A-1-1kj2_P-1__receptor.pdb	1kj2-1-1kj2_A-1-1kj2_P-1__ligand.sdf	881	67	1197.75	34.6581	34.6581	1197.75	34.6581	0	0.028936	sas_voromqa	1197.75	2299.76
1kj2-1-1kj2_B-1-1kj2_P-1__receptor.pdb	1kj2-1-1kj2_B-1-1kj2_P-1__ligand.sdf	940	67	1134.64	58.5605	58.5605	1134.64	58.5605	0	0.0516115	sas_voromqa	1134.64	2256.83
1kjm-1-1kjm_A-1-1kjm_P-1__receptor.pdb	1kjm-1-1kjm_A-1-1kjm_P-1__ligand.sdf	2263	65	236.75	14.0027	14.0027	236.75	14.0027	0	0.0591455	sas_voromqa	236.75	1376.44
1kjv-1-1kjv_A-1-1kjv_P-1__receptor.pdb	1kjv-1-1kjv_A-1-1kjv_P-1__ligand.sdf	2253	70	293.665	35.0723	35.0723	293.665	35.0723	0	0.11943	sas_voromqa	293.665	1573.97
1ko6-1-1ko6_C-1-1ko6_B-1__receptor.pdb	1ko6-1-1ko6_C-1-1ko6_B-1__ligand.sdf	1179	50	875.155	68.0355	68.0355	875.155	68.0355	0	0.0777411	sas_voromqa	875.155	1703.55
1kpr-3-1kpr_A-2-1kpr_Q-2__receptor.pdb	1kpr-3-1kpr_A-2-1kpr_Q-2__ligand.sdf	2206	69	1207.98	23.4101	23.4101	1207.98	23.4101	0	0.0193795	sas_voromqa	1207.98	2391.57
1ktr-1-1ktr_H-1-1ktr_P-1__receptor.pdb	1ktr-1-1ktr_H-1-1ktr_P-1__ligand.sdf	872	36	498.53	7.94055	7.94055	498.53	7.94055	0	0.0159279	sas_voromqa	498.53	1075.27
1ktr-1-1ktr_L-1-1ktr_P-1__receptor.pdb	1ktr-1-1ktr_L-1-1ktr_P-1__ligand.sdf	873	36	422.145	-15.0103	-15.0103	422.145	-15.0103	0	-0.0355572	sas_voromqa	422.145	991.314
1kug-1-1kug_A-1-1kug_B-1__receptor.pdb	1kug-1-1kug_A-1-1kug_B-1__ligand.sdf	1615	31	163.241	3.18916	3.18916	163.241	3.18916	0	0.0195365	sas_voromqa	163.241	680.688
1ky6-1-1ky6_A-1-1ky6_P-1__receptor.pdb	1ky6-1-1ky6_A-1-1ky6_P-1__ligand.sdf	1957	60	587.933	14.6367	9.9148	584.328	12.0675	0	0.0248952	sas_voromqa	587.933	1545.89
1kyf-1-1kyf_A-1-1kyf_P-1__receptor.pdb	1kyf-1-1kyf_A-1-1kyf_P-1__ligand.sdf	1957	42	459.137	-33.6449	-33.6449	459.137	-33.6449	0	-0.0732786	sas_voromqa	459.137	1158.63
1l2i-2-1l2i_B-2-1l2i_C-1__receptor.pdb	1l2i-2-1l2i_B-2-1l2i_C-1__ligand.sdf	1830	80	1057.05	24.4287	24.4287	1057.05	24.4287	0	0.0231103	sas_voromqa	1057.05	2442.91
1l6o-1-1l6o_A-1-1l6o_E-1__receptor.pdb	1l6o-1-1l6o_A-1-1l6o_E-1__ligand.sdf	684	61	860.321	15.5826	15.5826	860.321	15.5826	0	0.0181125	sas_voromqa	860.321	1939.22
1l6o-1-1l6o_C-1-1l6o_E-1__receptor.pdb	1l6o-1-1l6o_C-1-1l6o_E-1__ligand.sdf	653	61	1041.91	25.1334	25.1334	1041.91	25.1334	0	0.0241224	sas_voromqa	1041.91	2089.92
1l6o-1-1l6o_C-1-1l6o_F-1__receptor.pdb	1l6o-1-1l6o_C-1-1l6o_F-1__ligand.sdf	653	61	628.195	34.131	34.131	628.195	34.131	0	0.0543319	sas_voromqa	628.195	1723.99
1l7z-1-1l7z_A-1-1l7z_B-1__receptor.pdb	1l7z-1-1l7z_A-1-1l7z_B-1__ligand.sdf	1101	51	494.07	26.5554	26.5554	494.07	26.5554	0	0.0537483	sas_voromqa	494.07	1576
1lb6-1-1lb6_A-1-1lb6_B-1__receptor.pdb	1lb6-1-1lb6_A-1-1lb6_B-1__ligand.sdf	1260	80	779.342	-74.4863	-74.4863	779.342	-74.4863	0	-0.0955759	sas_voromqa	779.342	2115.17
1lck-1-1lck_A-1-1lck_B-1__receptor.pdb	1lck-1-1lck_A-1-1lck_B-1__ligand.sdf	1314	76	638.546	-51.1038	-52.268	637.657	-51.7373	0	-0.0800315	sas_voromqa	638.546	1973.49
1lk2-1-1lk2_A-1-1lk2_P-1__receptor.pdb	1lk2-1-1lk2_A-1-1lk2_P-1__ligand.sdf	2231	67	246.502	67.7594	67.7594	246.502	67.7594	0	0.274884	sas_voromqa	246.502	1429.21
1lkk-1-1lkk_A-1-1lkk_B-1__receptor.pdb	1lkk-1-1lkk_A-1-1lkk_B-1__ligand.sdf	846	47	394.895	-77.0869	-77.0869	394.895	-77.0869	0	-0.195209	sas_voromqa	394.895	1209.93
1loc-1-1loc_A-1-1loc_1-1__receptor.pdb	1loc-1-1loc_A-1-1loc_1-1__ligand.sdf	1397	35	426.375	-67.7538	-67.7538	426.375	-67.7538	0	-0.158907	sas_voromqa	426.375	967.653
1lop-1-1lop_A-1-1lop_B-1__receptor.pdb	1lop-1-1lop_A-1-1lop_B-1__ligand.sdf	1278	34	369.943	18.9621	18.9621	369.943	18.9621	0	0.0512568	sas_voromqa	369.943	943.334
1lp9-1-1lp9_E-1-1lp9_C-1__receptor.pdb	1lp9-1-1lp9_E-1-1lp9_C-1__ligand.sdf	1521	76	1106.18	162.346	162.346	1106.18	162.346	0	0.146763	sas_voromqa	1106.18	2343.81
1lp9-1-1lp9_F-1-1lp9_C-1__receptor.pdb	1lp9-1-1lp9_F-1-1lp9_C-1__ligand.sdf	1887	76	1125.99	156.995	156.995	1125.99	156.995	0	0.139428	sas_voromqa	1125.99	2371.11
1lqb-2-1lqb_C-1-1lqb_D-2__receptor.pdb	1lqb-2-1lqb_C-1-1lqb_D-2__ligand.sdf	1232	153	2634.44	157.688	157.688	2634.44	157.688	0	0.0598564	sas_voromqa	2634.44	5107.98
1ls5-3-1ls5_A-1-1ls5_C-1__receptor.pdb	1ls5-3-1ls5_A-1-1ls5_C-1__ligand.sdf	2609	48	214.661	-22.3029	-22.3029	214.661	-22.3029	0	-0.103898	sas_voromqa	214.661	1191.6
1ls5-3-1ls5_A-1-1ls5_D-1__receptor.pdb	1ls5-3-1ls5_A-1-1ls5_D-1__ligand.sdf	2609	48	887.379	-3.88711	-3.88711	887.379	-3.88711	0	-0.00438044	sas_voromqa	887.379	1730.82
1ltx-1-1ltx_B-1-1ltx_P-1__receptor.pdb	1ltx-1-1ltx_B-1-1ltx_P-1__ligand.sdf	2477	36	325.403	13.1512	13.1512	325.403	13.1512	0	0.0404151	sas_voromqa	325.403	1101.88
1lvm-3-1lvm_A-1-1lvm_C-1__receptor.pdb	1lvm-3-1lvm_A-1-1lvm_C-1__ligand.sdf	1827	60	228.368	-17.8361	-17.8361	228.368	-17.8361	0	-0.0781024	sas_voromqa	228.368	1263.47
1lvm-3-1lvm_A-1-1lvm_E-1__receptor.pdb	1lvm-3-1lvm_A-1-1lvm_E-1__ligand.sdf	1827	52	624.749	-27.822	-27.822	624.749	-27.822	0	-0.0445331	sas_voromqa	624.749	1556.37
1lwu-1-1lwu_B-1-1lwu_M-1__receptor.pdb	1lwu-1-1lwu_B-1-1lwu_M-1__ligand.sdf	2535	48	597.83	23.6101	23.6101	597.83	23.6101	0	0.039493	sas_voromqa	597.83	1320.79
1lyb-3-1lyb_C-1-1lyb_J-1__receptor.pdb	1lyb-3-1lyb_C-1-1lyb_J-1__ligand.sdf	748	48	606.74	2.79006	2.79006	606.74	2.79006	0	0.00459844	sas_voromqa	606.74	1492.13
1lyb-3-1lyb_D-1-1lyb_J-1__receptor.pdb	1lyb-3-1lyb_D-1-1lyb_J-1__ligand.sdf	1845	48	446.293	-26.2451	-26.2451	446.293	-26.2451	0	-0.0588069	sas_voromqa	446.293	1407.37
1m1d-2-1m1d_C-1-1m1d_D-1__receptor.pdb	1m1d-2-1m1d_C-1-1m1d_D-1__ligand.sdf	1336	61	338.653	-40.5594	-44.8745	335.359	-42.9072	0	-0.119767	sas_voromqa	338.653	1444.1
1m1j-1-1m1j_B-1-1m1j_I-1__receptor.pdb	1m1j-1-1m1j_B-1-1m1j_I-1__ligand.sdf	3225	48	551.08	-17.8585	-17.8585	551.08	-17.8585	0	-0.0324064	sas_voromqa	551.08	1308.78
1m1j-1-1m1j_C-1-1m1j_G-1__receptor.pdb	1m1j-1-1m1j_C-1-1m1j_G-1__ligand.sdf	3162	30	165.689	-21.9134	-21.9134	165.689	-21.9134	0	-0.132256	sas_voromqa	165.689	687.253
1m21-1-1m21_A-1-1m21_C-1__receptor.pdb	1m21-1-1m21_A-1-1m21_C-1__ligand.sdf	3651	44	185.53	-39.7821	-39.7821	185.53	-39.7821	0	-0.214424	sas_voromqa	185.53	996.863
1m72-1-1m72_A-1-1m72_D-1__receptor.pdb	1m72-1-1m72_A-1-1m72_D-1__ligand.sdf	1974	36	174.099	-19.5678	-19.5678	174.099	-19.5678	0	-0.112395	sas_voromqa	174.099	780.829
1mcb-1-1mcb_A-1-1mcb_P-1__receptor.pdb	1mcb-1-1mcb_A-1-1mcb_P-1__ligand.sdf	1605	41	341.076	24.0247	24.0247	341.076	24.0247	0	0.070438	sas_voromqa	341.076	1027.41
1mcn-1-1mcn_A-1-1mcn_P-1__receptor.pdb	1mcn-1-1mcn_A-1-1mcn_P-1__ligand.sdf	1605	21	281.318	18.8696	18.8696	281.318	18.8696	0	0.0670757	sas_voromqa	281.318	626.54
1mhw-1-1mhw_A-1-1mhw_F-1__receptor.pdb	1mhw-1-1mhw_A-1-1mhw_F-1__ligand.sdf	1319	32	538.809	79.7555	79.7555	538.809	79.7555	0	0.148022	sas_voromqa	538.809	1137.67
1mhw-1-1mhw_A-1-1mhw_G-1__receptor.pdb	1mhw-1-1mhw_A-1-1mhw_G-1__ligand.sdf	1319	53	510.242	161.699	161.699	510.242	161.699	0	0.316906	sas_voromqa	510.242	1469.66
1mi5-1-1mi5_D-1-1mi5_C-1__receptor.pdb	1mi5-1-1mi5_D-1-1mi5_C-1__ligand.sdf	1567	75	1278.42	52.9797	52.9797	1278.42	52.9797	0	0.0414415	sas_voromqa	1278.42	2552.93
1mi5-1-1mi5_E-1-1mi5_C-1__receptor.pdb	1mi5-1-1mi5_E-1-1mi5_C-1__ligand.sdf	1919	75	1338.35	39.6681	39.6681	1338.35	39.6681	0	0.0296396	sas_voromqa	1338.35	2550.55
1miz-1-1miz_B-1-1miz_A-1__receptor.pdb	1miz-1-1miz_B-1-1miz_A-1__ligand.sdf	1629	67	1035.23	77.1733	77.1733	1035.23	77.1733	0	0.074547	sas_voromqa	1035.23	2078.66
1mk7-1-1mk7_D-1-1mk7_A-1__receptor.pdb	1mk7-1-1mk7_D-1-1mk7_A-1__ligand.sdf	1520	113	1170.28	53.3085	53.3085	1170.28	53.3085	0	0.0455519	sas_voromqa	1170.28	3057.83
1mnf-1-1mnf_G-1-1mnf_O-1__receptor.pdb	1mnf-1-1mnf_G-1-1mnf_O-1__ligand.sdf	3864	104	1187.92	274.129	274.129	1187.92	274.129	0	0.230764	sas_voromqa	1187.92	2873.5
1mnf-1-1mnf_K-1-1mnf_Y-1__receptor.pdb	1mnf-1-1mnf_K-1-1mnf_Y-1__ligand.sdf	3864	104	734.268	84.9788	84.9788	734.268	84.9788	0	0.115733	sas_voromqa	734.268	2471
1mpa-1-1mpa_H-1-1mpa_P-1__receptor.pdb	1mpa-1-1mpa_H-1-1mpa_P-1__ligand.sdf	1717	102	951.306	70.8233	70.8233	951.306	70.8233	0	0.0744485	sas_voromqa	951.306	2622.33
1mpa-2-1mpa_H-2-1mpa_P-1__receptor.pdb	1mpa-2-1mpa_H-2-1mpa_P-1__ligand.sdf	1717	102	1086.38	45.7421	45.7421	1086.38	45.7421	0	0.0421051	sas_voromqa	1086.38	2731.93
1mvu-1-1mvu_A-1-1mvu_P-1__receptor.pdb	1mvu-1-1mvu_A-1-1mvu_P-1__ligand.sdf	859	103	1117.12	-150.544	-150.544	1117.12	-150.544	0	-0.134761	sas_voromqa	1117.12	2869.19
1mvu-1-1mvu_B-1-1mvu_P-1__receptor.pdb	1mvu-1-1mvu_B-1-1mvu_P-1__ligand.sdf	947	103	1038.55	-114.556	-114.556	1038.55	-114.556	0	-0.110304	sas_voromqa	1038.55	2811.64
1mwa-1-1mwa_A-1-1mwa_P-1__receptor.pdb	1mwa-1-1mwa_A-1-1mwa_P-1__ligand.sdf	1570	80	1168.93	129.062	129.062	1168.93	129.062	0	0.11041	sas_voromqa	1168.93	2507.52
1mwa-1-1mwa_B-1-1mwa_P-1__receptor.pdb	1mwa-1-1mwa_B-1-1mwa_P-1__ligand.sdf	1853	80	1212.3	79.5668	79.5668	1212.3	79.5668	0	0.0656329	sas_voromqa	1212.3	2529.84
1n12-1-1n12_A-1-1n12_B-1__receptor.pdb	1n12-1-1n12_A-1-1n12_B-1__ligand.sdf	1006	85	495.29	-141.944	-141.944	495.29	-141.944	0	-0.286588	sas_voromqa	495.29	1961.78
1n3n-5-1n3n_D-2-1n3n_L-1__receptor.pdb	1n3n-5-1n3n_D-2-1n3n_L-1__ligand.sdf	821	66	1064.33	-39.8684	-39.8684	1064.33	-39.8684	0	-0.0374587	sas_voromqa	1064.33	2148.16
1n4m-3-1n4m_A-2-1n4m_C-2__receptor.pdb	1n4m-3-1n4m_A-2-1n4m_C-2__ligand.sdf	2829	143	882.274	-75.5516	-75.5516	882.274	-75.5516	0	-0.0856328	sas_voromqa	882.274	3340.6
1n4q-3-1n4q_F-1-1n4q_O-1__receptor.pdb	1n4q-3-1n4q_F-1-1n4q_O-1__ligand.sdf	2700	39	413.665	-1.19038	-1.19038	413.665	-1.19038	0	-0.00287764	sas_voromqa	413.665	1211.46
1n51-1-1n51_A-3-1n51_B-2__receptor.pdb	1n51-1-1n51_A-3-1n51_B-2__ligand.sdf	3499	33	520.925	83.87	83.87	520.925	83.87	0	0.161002	sas_voromqa	520.925	1080.72
1n5z-3-1n5z_A-1-1n5z_P-1__receptor.pdb	1n5z-3-1n5z_A-1-1n5z_P-1__ligand.sdf	581	87	932.613	57.8581	57.8581	932.613	57.8581	0	0.0620387	sas_voromqa	932.613	2419.72
1n64-1-1n64_H-1-1n64_P-1__receptor.pdb	1n64-1-1n64_H-1-1n64_P-1__ligand.sdf	1660	116	1576.49	-14.9615	-14.9615	1576.49	-14.9615	0	-0.00949039	sas_voromqa	1576.49	3514.36
1n64-1-1n64_L-1-1n64_P-1__receptor.pdb	1n64-1-1n64_L-1-1n64_P-1__ligand.sdf	1708	116	1719.84	-38.7138	-38.7138	1719.84	-38.7138	0	-0.0225101	sas_voromqa	1719.84	3601.46
1n6d-1-1n6d_C-1-1n6d_J-1__receptor.pdb	1n6d-1-1n6d_C-1-1n6d_J-1__ligand.sdf	8177	49	1012.49	-32.9792	-32.9792	1012.49	-32.9792	0	-0.0325724	sas_voromqa	1012.49	1858.05
1n6d-1-1n6d_F-1-1n6d_L-1__receptor.pdb	1n6d-1-1n6d_F-1-1n6d_L-1__ligand.sdf	8177	49	478.231	-50.166	-50.166	478.231	-50.166	0	-0.104899	sas_voromqa	478.231	1412.67
1n6e-1-1n6e_K-1-1n6e_L-1__receptor.pdb	1n6e-1-1n6e_K-1-1n6e_L-1__ligand.sdf	8177	87	707.248	56.7063	56.7063	707.248	56.7063	0	0.0801788	sas_voromqa	707.248	2276.75
1n73-1-1n73_F-1-1n73_H-1__receptor.pdb	1n73-1-1n73_F-1-1n73_H-1__ligand.sdf	2630	32	141.479	7.81406	7.81406	141.479	7.81406	0	0.0552312	sas_voromqa	141.479	685.681
1n7f-1-1n7f_B-1-1n7f_D-1__receptor.pdb	1n7f-1-1n7f_B-1-1n7f_D-1__ligand.sdf	642	62	636.804	13.0434	13.0434	636.804	13.0434	0	0.0204826	sas_voromqa	636.804	1697.4
1nak-1-1nak_H-1-1nak_P-1__receptor.pdb	1nak-1-1nak_H-1-1nak_P-1__ligand.sdf	1625	77	1067.71	-31.4168	-31.4168	1067.71	-31.4168	0	-0.0294245	sas_voromqa	1067.71	2372.71
1nak-1-1nak_L-1-1nak_P-1__receptor.pdb	1nak-1-1nak_L-1-1nak_P-1__ligand.sdf	1683	77	1088.35	-26.3033	-26.3033	1088.35	-26.3033	0	-0.0241681	sas_voromqa	1088.35	2388.93
1nb5-3-1nb5_K-1-1nb5_S-1__receptor.pdb	1nb5-3-1nb5_K-1-1nb5_S-1__ligand.sdf	775	58	1051.96	-39.3642	-39.3642	1051.96	-39.3642	0	-0.0374199	sas_voromqa	1051.96	1950.08
1nes-1-1nes_E-1-1nes_J-1__receptor.pdb	1nes-1-1nes_E-1-1nes_J-1__ligand.sdf	1812	21	200.549	10.031	10.031	200.549	10.031	0	0.0500177	sas_voromqa	200.549	577.876
1nh0-1-1nh0_A-1-1nh0_J-1__receptor.pdb	1nh0-1-1nh0_A-1-1nh0_J-1__ligand.sdf	752	53	792.53	240.336	240.336	792.53	240.336	0	0.303252	sas_voromqa	792.53	1610.99
1nh0-1-1nh0_B-1-1nh0_I-1__receptor.pdb	1nh0-1-1nh0_B-1-1nh0_I-1__ligand.sdf	758	53	461.638	25.2568	25.2568	461.638	25.2568	0	0.0547113	sas_voromqa	461.638	1383.41
1njt-1-1njt_B-1-1njt_F-1__receptor.pdb	1njt-1-1njt_B-1-1njt_F-1__ligand.sdf	1782	39	227.456	23.8074	1.6136	210.513	11.7318	0	0.104668	sas_voromqa	227.456	895.073
1nlt-1-1nlt_A-1-1nlt_B-1__receptor.pdb	1nlt-1-1nlt_A-1-1nlt_B-1__ligand.sdf	1752	61	600.527	68.0078	68.0078	600.527	68.0078	0	0.113247	sas_voromqa	600.527	1641.8
1nlu-1-1nlu_A-1-1nlu_C-1__receptor.pdb	1nlu-1-1nlu_A-1-1nlu_C-1__ligand.sdf	2692	30	214.318	84.3101	38.484	179.335	59.3761	0	0.393388	sas_voromqa	214.318	807.509
1npo-2-1npo_C-3-1npo_B-2__receptor.pdb	1npo-2-1npo_C-3-1npo_B-2__ligand.sdf	547	68	909.073	102.028	102.028	909.073	102.028	0	0.112233	sas_voromqa	909.073	2026.61
1nq7-1-1nq7_A-1-1nq7_B-1__receptor.pdb	1nq7-1-1nq7_A-1-1nq7_B-1__ligand.sdf	1976	90	861.82	-57.9058	-57.9058	861.82	-57.9058	0	-0.0671901	sas_voromqa	861.82	2468.58
1nrl-3-1nrl_B-1-1nrl_D-1__receptor.pdb	1nrl-3-1nrl_B-1-1nrl_D-1__ligand.sdf	2218	131	1109.95	-94.3737	-94.3737	1109.95	-94.3737	0	-0.0850252	sas_voromqa	1109.95	3414.83
1ntv-1-1ntv_A-1-1ntv_B-1__receptor.pdb	1ntv-1-1ntv_A-1-1ntv_B-1__ligand.sdf	1201	89	750.963	-58.933	-58.933	750.963	-58.933	0	-0.0784766	sas_voromqa	750.963	2252.64
1nx0-1-1nx0_A-1-1nx0_E-1__receptor.pdb	1nx0-1-1nx0_A-1-1nx0_E-1__ligand.sdf	1395	32	435.397	20.5109	20.5109	435.397	20.5109	0	0.0471085	sas_voromqa	435.397	995.628
1nx1-1-1nx1_B-1-1nx1_D-1__receptor.pdb	1nx1-1-1nx1_B-1-1nx1_D-1__ligand.sdf	1395	81	565.362	-91.7147	-91.7147	565.362	-91.7147	0	-0.162223	sas_voromqa	565.362	1924.66
1o6l-1-1o6l_A-1-1o6l_C-1__receptor.pdb	1o6l-1-1o6l_A-1-1o6l_C-1__ligand.sdf	2580	79	720.638	-56.9206	-56.9206	720.638	-56.9206	0	-0.0789864	sas_voromqa	720.638	2114.23
1o6o-3-1o6o_C-1-1o6o_E-1__receptor.pdb	1o6o-3-1o6o_C-1-1o6o_E-1__ligand.sdf	3433	45	470.294	42.5882	42.5882	470.294	42.5882	0	0.0905565	sas_voromqa	470.294	1236.57
1o6p-1-1o6p_A-1-1o6p_D-1__receptor.pdb	1o6p-1-1o6p_A-1-1o6p_D-1__ligand.sdf	3441	28	380.931	73.9772	73.9772	380.931	73.9772	0	0.194201	sas_voromqa	380.931	865.362
1o9k-3-1o9k_E-1-1o9k_R-1__receptor.pdb	1o9k-3-1o9k_E-1-1o9k_R-1__ligand.sdf	1569	149	1413.27	-75.4686	-75.4686	1413.27	-75.4686	0	-0.0534	sas_voromqa	1413.27	4012.4
1o9k-3-1o9k_F-1-1o9k_R-1__receptor.pdb	1o9k-3-1o9k_F-1-1o9k_R-1__ligand.sdf	1213	149	1939.58	86.2216	86.2216	1939.58	86.2216	0	0.0444537	sas_voromqa	1939.58	4401.15
1oai-1-1oai_A-1-1oai_B-1__receptor.pdb	1oai-1-1oai_A-1-1oai_B-1__ligand.sdf	476	66	796.076	-34.7086	-34.7086	796.076	-34.7086	0	-0.0435996	sas_voromqa	796.076	1862.17
1obx-1-1obx_A-2-1obx_B-2__receptor.pdb	1obx-1-1obx_A-2-1obx_B-2__ligand.sdf	553	33	299.015	-5.13352	-5.13352	299.015	-5.13352	0	-0.0171681	sas_voromqa	299.015	869.027
1oby-1-1oby_A-1-1oby_Q-1__receptor.pdb	1oby-1-1oby_A-1-1oby_Q-1__ligand.sdf	560	53	873.537	106.154	106.154	873.537	106.154	0	0.121522	sas_voromqa	873.537	1694.8
1oga-1-1oga_E-1-1oga_C-1__receptor.pdb	1oga-1-1oga_E-1-1oga_C-1__ligand.sdf	1933	69	1063.31	118.188	118.188	1063.31	118.188	0	0.111151	sas_voromqa	1063.31	2258.93
1ohe-1-1ohe_A-1-1ohe_B-1__receptor.pdb	1ohe-1-1ohe_A-1-1ohe_B-1__ligand.sdf	2744	26	141.459	-31.959	-31.959	141.459	-31.959	0	-0.225924	sas_voromqa	141.459	614.85
1oj5-1-1oj5_A-1-1oj5_B-1__receptor.pdb	1oj5-1-1oj5_A-1-1oj5_B-1__ligand.sdf	812	106	1105.15	-20.907	-20.907	1105.15	-20.907	0	-0.0189178	sas_voromqa	1105.15	2966.99
1om9-3-1om9_A-1-1om9_P-1__receptor.pdb	1om9-3-1om9_A-1-1om9_P-1__ligand.sdf	1113	81	897.183	-55.793	-55.793	897.183	-55.793	0	-0.0621869	sas_voromqa	897.183	2279.45
1osg-1-1osg_A-1-1osg_G-1__receptor.pdb	1osg-1-1osg_A-1-1osg_G-1__ligand.sdf	1143	109	1036.14	141.207	141.207	1036.14	141.207	0	0.136282	sas_voromqa	1036.14	2925.25
1osg-1-1osg_A-1-1osg_I-1__receptor.pdb	1osg-1-1osg_A-1-1osg_I-1__ligand.sdf	1143	104	1299.35	158.63	158.63	1299.35	158.63	0	0.122084	sas_voromqa	1299.35	3116.09
1osv-1-1osv_A-1-1osv_C-1__receptor.pdb	1osv-1-1osv_A-1-1osv_C-1__ligand.sdf	1875	100	963.561	-43.5238	-43.5238	963.561	-43.5238	0	-0.0451697	sas_voromqa	963.561	2759.82
1osv-2-1osv_B-1-1osv_E-1__receptor.pdb	1osv-2-1osv_B-1-1osv_E-1__ligand.sdf	1875	100	1090.09	-93.0594	-93.0594	1090.09	-93.0594	0	-0.0853685	sas_voromqa	1090.09	2842.74
1ou8-1-1ou8_A-2-1ou8_C-2__receptor.pdb	1ou8-1-1ou8_A-2-1ou8_C-2__ligand.sdf	845	85	914.83	-67.8717	-67.8717	914.83	-67.8717	0	-0.0741905	sas_voromqa	914.83	2306.94
1ov3-1-1ov3_A-1-1ov3_C-1__receptor.pdb	1ov3-1-1ov3_A-1-1ov3_C-1__ligand.sdf	1057	78	1119.74	3.65691	3.65691	1119.74	3.65691	0	0.00326586	sas_voromqa	1119.74	2388.37
1ov3-1-1ov3_A-1-1ov3_D-1__receptor.pdb	1ov3-1-1ov3_A-1-1ov3_D-1__ligand.sdf	1057	78	813.774	35.9824	35.9824	813.774	35.9824	0	0.0442167	sas_voromqa	813.774	2125.18
1ow6-1-1ow6_A-2-1ow6_D-2__receptor.pdb	1ow6-1-1ow6_A-2-1ow6_D-2__ligand.sdf	1042	94	1232.79	-161.94	-161.94	1232.79	-161.94	0	-0.131361	sas_voromqa	1232.79	2815.17
1ow6-1-1ow6_C-2-1ow6_F-2__receptor.pdb	1ow6-1-1ow6_C-2-1ow6_F-2__ligand.sdf	1073	87	896.162	-107.071	-107.071	896.162	-107.071	0	-0.119477	sas_voromqa	896.162	2525.22
1ow7-1-1ow7_A-1-1ow7_D-1__receptor.pdb	1ow7-1-1ow7_A-1-1ow7_D-1__ligand.sdf	1042	94	970.263	-176.126	-176.126	970.263	-176.126	0	-0.181524	sas_voromqa	970.263	2579.87
1ox9-3-1ox9_E-1-1ox9_M-1__receptor.pdb	1ox9-3-1ox9_E-1-1ox9_M-1__ligand.sdf	849	61	466.91	-36.4936	-36.4936	466.91	-36.4936	0	-0.0781598	sas_voromqa	466.91	1504.35
1oxn-7-1oxn_E-2-1oxn_F-2__receptor.pdb	1oxn-7-1oxn_E-2-1oxn_F-2__ligand.sdf	758	26	243.052	-7.2383	-7.2383	243.052	-7.2383	0	-0.0297809	sas_voromqa	243.052	724.932
1p16-1-1p16_A-1-1p16_C-1__receptor.pdb	1p16-1-1p16_A-1-1p16_C-1__ligand.sdf	3152	72	882.007	-39.5244	-48.2122	875.375	-44.2514	0	-0.0448119	sas_voromqa	882.007	2022.8
1p16-2-1p16_B-1-1p16_D-1__receptor.pdb	1p16-2-1p16_B-1-1p16_D-1__ligand.sdf	3043	134	1238.34	-12.1685	-19.4599	1232.77	-16.1357	0	-0.00982646	sas_voromqa	1238.34	3518.91
1p4b-1-1p4b_H-1-1p4b_P-1__receptor.pdb	1p4b-1-1p4b_H-1-1p4b_P-1__ligand.sdf	853	99	1080.43	-35.5937	-35.5937	1080.43	-35.5937	0	-0.032944	sas_voromqa	1080.43	2761.67
1p4b-1-1p4b_L-1-1p4b_P-1__receptor.pdb	1p4b-1-1p4b_L-1-1p4b_P-1__ligand.sdf	812	99	1176.38	-109.486	-109.486	1176.38	-109.486	0	-0.0930703	sas_voromqa	1176.38	2876.04
1p4u-1-1p4u_A-1-1p4u_B-1__receptor.pdb	1p4u-1-1p4u_A-1-1p4u_B-1__ligand.sdf	1110	54	531.733	3.44912	3.44912	531.733	3.44912	0	0.00648656	sas_voromqa	531.733	1466.69
1p7w-1-1p7w_A-1-1p7w_B-1__receptor.pdb	1p7w-1-1p7w_A-1-1p7w_B-1__ligand.sdf	2031	46	297.841	24.8392	24.8392	297.841	24.8392	0	0.0833975	sas_voromqa	297.841	1090.29
1p8j-1-1p8j_D-1-1p8j_J-1__receptor.pdb	1p8j-1-1p8j_D-1-1p8j_J-1__ligand.sdf	3569	55	1022.68	-127.319	-130	1020.63	-128.778	0	-0.124495	sas_voromqa	1022.68	1965.48
1p9u-3-1p9u_F-1-1p9u_H-1__receptor.pdb	1p9u-3-1p9u_F-1-1p9u_H-1__ligand.sdf	2296	46	297.373	9.6304	9.6304	297.373	9.6304	0	0.0323849	sas_voromqa	297.373	1074.04
1pcx-1-1pcx_A-1-1pcx_B-1__receptor.pdb	1pcx-1-1pcx_A-1-1pcx_B-1__ligand.sdf	5893	58	407.801	-34.6738	-34.6738	407.801	-34.6738	0	-0.0850263	sas_voromqa	407.801	1394.87
1pd0-1-1pd0_A-1-1pd0_B-1__receptor.pdb	1pd0-1-1pd0_A-1-1pd0_B-1__ligand.sdf	5816	83	569.729	59.4425	59.4425	569.729	59.4425	0	0.104335	sas_voromqa	569.729	2008.09
1pdq-1-1pdq_A-1-1pdq_B-1__receptor.pdb	1pdq-1-1pdq_A-1-1pdq_B-1__ligand.sdf	448	68	614.015	3.88543	3.88543	614.015	3.88543	0	0.00632791	sas_voromqa	614.015	1820.73
1peg-1-1peg_A-1-1peg_P-1__receptor.pdb	1peg-1-1peg_A-1-1peg_P-1__ligand.sdf	1882	46	377.53	-12.4634	-12.4634	377.53	-12.4634	0	-0.033013	sas_voromqa	377.53	1200.87
1pek-1-1pek_E-1-1pek_D-1__receptor.pdb	1pek-1-1pek_E-1-1pek_D-1__ligand.sdf	2018	10	129.753	1.82005	1.82005	129.753	1.82005	0	0.014027	sas_voromqa	129.753	323.488
1pfb-1-1pfb_A-1-1pfb_B-1__receptor.pdb	1pfb-1-1pfb_A-1-1pfb_B-1__ligand.sdf	478	81	826.673	-42.0286	-42.0286	826.673	-42.0286	0	-0.0508407	sas_voromqa	826.673	2221.8
1pip-1-1pip_A-1-1pip_B-1__receptor.pdb	1pip-1-1pip_A-1-1pip_B-1__ligand.sdf	1655	50	590.233	8.48865	8.48865	590.233	8.48865	0	0.0143819	sas_voromqa	590.233	1440.02
1pjp-1-1pjp_A-1-1pjp_I-1__receptor.pdb	1pjp-1-1pjp_A-1-1pjp_I-1__ligand.sdf	1755	29	181.437	13.4108	13.4108	181.437	13.4108	0	0.0739144	sas_voromqa	181.437	683.709
1pn3-1-1pn3_A-1-1pn3_C-1__receptor.pdb	1pn3-1-1pn3_A-1-1pn3_C-1__ligand.sdf	2834	91	587.326	88.9453	49.2843	557.049	67.3657	0	0.151441	sas_voromqa	587.326	2102.11
1pso-1-1pso_E-1-1pso_I-1__receptor.pdb	1pso-1-1pso_E-1-1pso_I-1__ligand.sdf	2438	48	221.519	-8.56823	-8.56823	221.519	-8.56823	0	-0.0386794	sas_voromqa	221.519	1185.11
1ptu-1-1ptu_A-1-1ptu_B-2__receptor.pdb	1ptu-1-1ptu_A-1-1ptu_B-2__ligand.sdf	2427	55	957.519	-110.854	-116.63	953.11	-113.997	0	-0.115772	sas_voromqa	957.519	1810.85
1pvc-1-1pvc_4-19-1pvc_0-19__receptor.pdb	1pvc-1-1pvc_4-19-1pvc_0-19__ligand.sdf	472	30	396.05	15.6049	15.6049	396.05	15.6049	0	0.0394013	sas_voromqa	396.05	911.806
1pww-3-1pww_B-1-1pww_D-1__receptor.pdb	1pww-3-1pww_B-1-1pww_D-1__ligand.sdf	6030	94	757.355	28.5032	28.5032	757.355	28.5032	0	0.0376352	sas_voromqa	757.355	2422.09
1pyo-1-1pyo_A-1-1pyo_E-1__receptor.pdb	1pyo-1-1pyo_A-1-1pyo_E-1__ligand.sdf	1261	42	689.202	-45.6498	-45.6498	689.202	-45.6498	0	-0.0662357	sas_voromqa	689.202	1357.98
1pyo-1-1pyo_D-1-1pyo_F-1__receptor.pdb	1pyo-1-1pyo_D-1-1pyo_F-1__ligand.sdf	784	42	356.707	-33.3261	-33.3261	356.707	-33.3261	0	-0.0934271	sas_voromqa	356.707	1074.67
1pz5-1-1pz5_B-1-1pz5_C-1__receptor.pdb	1pz5-1-1pz5_B-1-1pz5_C-1__ligand.sdf	1655	67	712.42	-19.2536	-19.2536	712.42	-19.2536	0	-0.0270256	sas_voromqa	712.42	1874.63
1q1a-1-1q1a_A-1-1q1a_B-1__receptor.pdb	1q1a-1-1q1a_A-1-1q1a_B-1__ligand.sdf	2271	84	907.369	-67.6261	-67.6261	907.369	-67.6261	0	-0.0745299	sas_voromqa	907.369	2363.95
1q2c-1-1q2c_A-1-1q2c_B-1__receptor.pdb	1q2c-1-1q2c_A-1-1q2c_B-1__ligand.sdf	1361	47	422.459	18.0945	18.0945	422.459	18.0945	0	0.0428314	sas_voromqa	422.459	1275.35
1q3p-1-1q3p_B-1-1q3p_D-1__receptor.pdb	1q3p-1-1q3p_B-1-1q3p_D-1__ligand.sdf	801	50	455.147	-35.2871	-35.2871	455.147	-35.2871	0	-0.077529	sas_voromqa	455.147	1292.92
1q4q-10-1q4q_J-1-1q4q_T-1__receptor.pdb	1q4q-10-1q4q_J-1-1q4q_T-1__ligand.sdf	833	55	685.606	46.379	46.379	685.606	46.379	0	0.0676467	sas_voromqa	685.606	1602.67
1q4q-5-1q4q_E-1-1q4q_O-1__receptor.pdb	1q4q-5-1q4q_E-1-1q4q_O-1__ligand.sdf	833	66	1144.99	95.6426	95.6426	1144.99	95.6426	0	0.0835314	sas_voromqa	1144.99	2220.41
1q94-1-1q94_A-2-1q94_F-2__receptor.pdb	1q94-1-1q94_A-2-1q94_F-2__ligand.sdf	2245	70	1226.14	116.431	116.431	1226.14	116.431	0	0.0949573	sas_voromqa	1226.14	2390.17
1qc6-1-1qc6_B-1-1qc6_D-1__receptor.pdb	1qc6-1-1qc6_B-1-1qc6_D-1__ligand.sdf	839	39	393.969	43.005	43.005	393.969	43.005	0	0.109158	sas_voromqa	393.969	1030.45
1qd6-3-1qd6_D-1-1qd6_B-1__receptor.pdb	1qd6-3-1qd6_D-1-1qd6_B-1__ligand.sdf	1953	97	736.728	-85.8407	-85.8407	736.728	-85.8407	0	-0.116516	sas_voromqa	736.728	2485.86
1qjj-1-1qjj_A-1-1qjj_B-1__receptor.pdb	1qjj-1-1qjj_A-1-1qjj_B-1__ligand.sdf	1591	21	184.017	8.96096	8.96096	184.017	8.96096	0	0.0486964	sas_voromqa	184.017	560.738
1qkz-1-1qkz_H-1-1qkz_P-1__receptor.pdb	1qkz-1-1qkz_H-1-1qkz_P-1__ligand.sdf	1670	62	603.075	-44.9474	-44.9474	603.075	-44.9474	0	-0.0745304	sas_voromqa	603.075	1662.09
1qls-1-1qls_A-1-1qls_D-1__receptor.pdb	1qls-1-1qls_A-1-1qls_D-1__ligand.sdf	749	91	856.355	76.53	76.53	856.355	76.53	0	0.0893671	sas_voromqa	856.355	2411.12
1qls-1-1qls_A-1-1qls_D-2__receptor.pdb	1qls-1-1qls_A-1-1qls_D-2__ligand.sdf	749	91	1060.9	159.087	159.087	1060.9	159.087	0	0.149955	sas_voromqa	1060.9	2578.53
1qng-1-1qng_A-1-1qng_D-1__receptor.pdb	1qng-1-1qng_A-1-1qng_D-1__ligand.sdf	1314	85	703.841	56.6368	56.6368	703.841	56.6368	0	0.0804682	sas_voromqa	703.841	2300.32
1qs7-2-1qs7_C-1-1qs7_D-1__receptor.pdb	1qs7-2-1qs7_C-1-1qs7_D-1__ligand.sdf	1132	138	485.308	-12.104	-12.104	485.308	-12.104	0	-0.0249409	sas_voromqa	485.308	2963.35
1qs8-3-1qs8_A-1-1qs8_C-1__receptor.pdb	1qs8-3-1qs8_A-1-1qs8_C-1__ligand.sdf	2605	48	189.431	0.698297	0.698297	189.431	0.698297	0	0.00368629	sas_voromqa	189.431	1170.15
1qsn-1-1qsn_A-1-1qsn_B-1__receptor.pdb	1qsn-1-1qsn_A-1-1qsn_B-1__ligand.sdf	1360	72	519.283	-27.1562	-27.1562	519.283	-27.1562	0	-0.0522956	sas_voromqa	519.283	1790.3
1qtn-1-1qtn_A-1-1qtn_C-1__receptor.pdb	1qtn-1-1qtn_A-1-1qtn_C-1__ligand.sdf	1210	35	488.56	-2.72121	-2.72121	488.56	-2.72121	0	-0.00556986	sas_voromqa	488.56	1087.78
1qtn-1-1qtn_B-2-1qtn_C-2__receptor.pdb	1qtn-1-1qtn_B-2-1qtn_C-2__ligand.sdf	726	35	406.282	-32.7228	-32.7228	406.282	-32.7228	0	-0.0805421	sas_voromqa	406.282	1002.41
1qvo-1-1qvo_A-2-1qvo_F-1__receptor.pdb	1qvo-1-1qvo_A-2-1qvo_F-1__ligand.sdf	2245	86	1412.62	65.2401	65.2401	1412.62	65.2401	0	0.0461838	sas_voromqa	1412.62	2824.24
1qxa-1-1qxa_A-1-1qxa_B-1__receptor.pdb	1qxa-1-1qxa_A-1-1qxa_B-1__ligand.sdf	1798	12	142.435	13.1267	13.1267	142.435	13.1267	0	0.0921592	sas_voromqa	142.435	359.1
1qz0-1-1qz0_A-1-1qz0_C-1__receptor.pdb	1qz0-1-1qz0_A-1-1qz0_C-1__ligand.sdf	2166	44	346.971	-55.4745	-55.4745	346.971	-55.4745	0	-0.159882	sas_voromqa	346.971	1057.15
1qz0-1-1qz0_A-1-1qz0_D-1__receptor.pdb	1qz0-1-1qz0_A-1-1qz0_D-1__ligand.sdf	2166	57	454.968	-97.5754	-114.479	442.064	-106.773	0	-0.214467	sas_voromqa	454.968	1407.22
1qz2-1-1qz2_A-1-1qz2_G-1__receptor.pdb	1qz2-1-1qz2_A-1-1qz2_G-1__ligand.sdf	2305	42	587.059	-28.0601	-28.0601	587.059	-28.0601	0	-0.0477978	sas_voromqa	587.059	1324.45
1qz2-1-1qz2_B-1-1qz2_H-1__receptor.pdb	1qz2-1-1qz2_B-1-1qz2_H-1__ligand.sdf	2305	42	687.46	-50.7427	-50.7427	687.46	-50.7427	0	-0.0738119	sas_voromqa	687.46	1400.36
1r17-1-1r17_A-1-1r17_C-1__receptor.pdb	1r17-1-1r17_A-1-1r17_C-1__ligand.sdf	2504	85	545.376	-42.3065	-42.3065	545.376	-42.3065	0	-0.0775731	sas_voromqa	545.376	2006.14
1r1p-1-1r1p_A-1-1r1p_E-1__receptor.pdb	1r1p-1-1r1p_A-1-1r1p_E-1__ligand.sdf	800	58	516.844	-78.8749	-78.8749	516.844	-78.8749	0	-0.152609	sas_voromqa	516.844	1488.79
1r1r-1-1r1r_A-1-1r1r_P-1__receptor.pdb	1r1r-1-1r1r_A-1-1r1r_P-1__ligand.sdf	5844	27	362.998	53.6343	53.6343	362.998	53.6343	0	0.147754	sas_voromqa	362.998	853.878
1r42-1-1r42_A-1-1r42_C-1__receptor.pdb	1r42-1-1r42_A-1-1r42_C-1__ligand.sdf	4871	101	1747.22	63.995	63.995	1747.22	63.995	0	0.0366268	sas_voromqa	1747.22	3415.86
1r5v-3-1r5v_C-1-1r5v_F-1__receptor.pdb	1r5v-3-1r5v_C-1-1r5v_F-1__ligand.sdf	1465	100	1206.55	81.6117	81.6117	1206.55	81.6117	0	0.0676405	sas_voromqa	1206.55	2933.43
1r5v-3-1r5v_D-1-1r5v_F-1__receptor.pdb	1r5v-3-1r5v_D-1-1r5v_F-1__ligand.sdf	1499	100	1305.35	105.589	105.589	1305.35	105.589	0	0.0808894	sas_voromqa	1305.35	3050.51
1r5w-1-1r5w_C-1-1r5w_E-1__receptor.pdb	1r5w-1-1r5w_C-1-1r5w_E-1__ligand.sdf	1465	104	1686.16	161.885	161.885	1686.16	161.885	0	0.0960081	sas_voromqa	1686.16	3404.75
1rdt-1-1rdt_D-1-1rdt_E-1__receptor.pdb	1rdt-1-1rdt_D-1-1rdt_E-1__ligand.sdf	1998	34	378.997	27.2492	27.2492	378.997	27.2492	0	0.0718982	sas_voromqa	378.997	1002.81
1rff-1-1rff_A-1-1rff_C-1__receptor.pdb	1rff-1-1rff_A-1-1rff_C-1__ligand.sdf	3393	57	478.431	2.30512	2.30512	478.431	2.30512	0	0.00481808	sas_voromqa	478.431	1492.93
1rjl-1-1rjl_C-1-1rjl_D-1__receptor.pdb	1rjl-1-1rjl_C-1-1rjl_D-1__ligand.sdf	723	26	418.525	-7.37237	-7.37237	418.525	-7.37237	0	-0.0176151	sas_voromqa	418.525	860.638
1rmh-1-1rmh_B-1-1rmh_C-1__receptor.pdb	1rmh-1-1rmh_B-1-1rmh_C-1__ligand.sdf	1258	45	745.703	116.083	116.083	745.703	116.083	0	0.155669	sas_voromqa	745.703	1445.16
1rqf-1-1rqf_A-1-1rqf_N-1__receptor.pdb	1rqf-1-1rqf_A-1-1rqf_N-1__ligand.sdf	1407	21	499.275	-16.3795	-16.3795	499.275	-16.3795	0	-0.0328066	sas_voromqa	499.275	842.271
1rqf-1-1rqf_B-1-1rqf_M-1__receptor.pdb	1rqf-1-1rqf_B-1-1rqf_M-1__ligand.sdf	1350	21	367.76	-25.7176	-25.7176	367.76	-25.7176	0	-0.0699304	sas_voromqa	367.76	729.835
1rqf-1-1rqf_B-1-1rqf_N-1__receptor.pdb	1rqf-1-1rqf_B-1-1rqf_N-1__ligand.sdf	1350	21	525.006	-4.15674	-4.15674	525.006	-4.15674	0	-0.00791751	sas_voromqa	525.006	855.667
1rqf-2-1rqf_D-1-1rqf_P-1__receptor.pdb	1rqf-2-1rqf_D-1-1rqf_P-1__ligand.sdf	1345	16	285.046	-17.7815	-17.7815	285.046	-17.7815	0	-0.0623812	sas_voromqa	285.046	549.616
1rqf-2-1rqf_E-1-1rqf_O-1__receptor.pdb	1rqf-2-1rqf_E-1-1rqf_O-1__ligand.sdf	1416	41	1171.83	5.38846	5.38846	1171.83	5.38846	0	0.00459833	sas_voromqa	1171.83	1814.4
1rqf-4-1rqf_J-1-1rqf_S-1__receptor.pdb	1rqf-4-1rqf_J-1-1rqf_S-1__ligand.sdf	1416	16	247.408	-24.1349	-24.1349	247.408	-24.1349	0	-0.097551	sas_voromqa	247.408	523.042
1rqf-4-1rqf_J-1-1rqf_T-1__receptor.pdb	1rqf-4-1rqf_J-1-1rqf_T-1__ligand.sdf	1416	21	254.405	-10.7632	-10.7632	254.405	-10.7632	0	-0.0423073	sas_voromqa	254.405	600.154
1rrv-1-1rrv_A-1-1rrv_C-1__receptor.pdb	1rrv-1-1rrv_A-1-1rrv_C-1__ligand.sdf	2915	91	274.591	17.0944	-4.41959	258.167	5.38862	0	0.062254	sas_voromqa	274.591	1860.34
1rtf-1-1rtf_B-1-1rtf_A-1__receptor.pdb	1rtf-1-1rtf_B-1-1rtf_A-1__ligand.sdf	1907	58	538.786	50.7779	50.7779	538.786	50.7779	0	0.094245	sas_voromqa	538.786	1546.51
1rxz-1-1rxz_A-3-1rxz_B-3__receptor.pdb	1rxz-1-1rxz_A-3-1rxz_B-3__ligand.sdf	1916	97	820.889	-79.5051	-79.5051	820.889	-79.5051	0	-0.0968524	sas_voromqa	820.889	2462.3
1s2k-1-1s2k_A-1-1s2k_B-1__receptor.pdb	1s2k-1-1s2k_A-1-1s2k_B-1__ligand.sdf	1448	24	178.018	2.65845	2.65845	178.018	2.65845	0	0.0149336	sas_voromqa	178.018	633.795
1s4v-1-1s4v_A-1-1s4v_C-1__receptor.pdb	1s4v-1-1s4v_A-1-1s4v_C-1__ligand.sdf	1690	25	246.557	7.92488	7.92488	246.557	7.92488	0	0.0321422	sas_voromqa	246.557	727.115
1se0-1-1se0_A-1-1se0_B-1__receptor.pdb	1se0-1-1se0_A-1-1se0_B-1__ligand.sdf	805	56	518.176	133.931	133.931	518.176	133.931	0	0.258466	sas_voromqa	518.176	1501.27
1sem-1-1sem_A-1-1sem_C-1__receptor.pdb	1sem-1-1sem_A-1-1sem_C-1__ligand.sdf	477	56	624.607	32.0448	32.0448	624.607	32.0448	0	0.0513039	sas_voromqa	624.607	1548.23
1sgc-1-1sgc_A-1-1sgc_B-1__receptor.pdb	1sgc-1-1sgc_A-1-1sgc_B-1__ligand.sdf	1259	44	290.567	-43.145	-43.145	290.567	-43.145	0	-0.148486	sas_voromqa	290.567	1050.51
1sha-1-1sha_A-1-1sha_B-1__receptor.pdb	1sha-1-1sha_A-1-1sha_B-1__ligand.sdf	834	47	451.595	47.5307	47.5307	451.595	47.5307	0	0.105251	sas_voromqa	451.595	1285.62
1sio-3-1sio_C-1-1sio_F-1__receptor.pdb	1sio-3-1sio_C-1-1sio_F-1__ligand.sdf	2512	29	209.949	23.9956	23.9956	209.949	23.9956	0	0.114293	sas_voromqa	209.949	731.767
1sm3-1-1sm3_H-1-1sm3_P-1__receptor.pdb	1sm3-1-1sm3_H-1-1sm3_P-1__ligand.sdf	1580	62	759.622	-4.16287	-4.16287	759.622	-4.16287	0	-0.00548019	sas_voromqa	759.622	1793.97
1smr-3-1smr_E-1-1smr_F-1__receptor.pdb	1smr-3-1smr_E-1-1smr_F-1__ligand.sdf	2511	90	321.584	35.0637	35.0637	321.584	35.0637	0	0.109034	sas_voromqa	321.584	1993.39
1sqz-1-1sqz_A-1-1sqz_B-1__receptor.pdb	1sqz-1-1sqz_A-1-1sqz_B-1__ligand.sdf	944	40	571.895	84.3012	84.3012	571.895	84.3012	0	0.147407	sas_voromqa	571.895	1253.89
1srn-1-1srn_A-1-1srn_B-1__receptor.pdb	1srn-1-1srn_A-1-1srn_B-1__ligand.sdf	863	88	579.801	31.1546	31.1546	579.801	31.1546	0	0.0537333	sas_voromqa	579.801	2099.33
1ssh-1-1ssh_A-1-1ssh_B-1__receptor.pdb	1ssh-1-1ssh_A-1-1ssh_B-1__ligand.sdf	466	76	978.69	11.3511	11.3511	978.69	11.3511	0	0.0115983	sas_voromqa	978.69	2242.42
1sua-1-1sua_A-1-1sua_C-1__receptor.pdb	1sua-1-1sua_A-1-1sua_C-1__ligand.sdf	1851	27	178.596	2.70691	2.70691	178.596	2.70691	0	0.0151566	sas_voromqa	178.596	691.885
1svz-1-1svz_B-1-1svz_D-1__receptor.pdb	1svz-1-1svz_B-1-1svz_D-1__ligand.sdf	1830	55	294.362	24.933	24.933	294.362	24.933	0	0.0847018	sas_voromqa	294.362	1256.77
1sza-2-1sza_B-1-1sza_Z-1__receptor.pdb	1sza-2-1sza_B-1-1sza_Z-1__ligand.sdf	1133	68	611.986	-29.7984	-32.4632	609.952	-31.2484	0	-0.0486913	sas_voromqa	611.986	1737.94
1t08-1-1t08_A-1-1t08_C-1__receptor.pdb	1t08-1-1t08_A-1-1t08_C-1__ligand.sdf	3890	115	1037.38	-50.4025	-50.4025	1037.38	-50.4025	0	-0.0485863	sas_voromqa	1037.38	3038.33
1t0j-2-1t0j_B-2-1t0j_C-2__receptor.pdb	1t0j-2-1t0j_B-2-1t0j_C-2__ligand.sdf	1468	139	1071.88	-87.7916	-87.7916	1071.88	-87.7916	0	-0.0819043	sas_voromqa	1071.88	3525.59
1t6o-1-1t6o_A-1-1t6o_B-1__receptor.pdb	1t6o-1-1t6o_A-1-1t6o_B-1__ligand.sdf	395	143	1318.47	-124.172	-124.172	1318.47	-124.172	0	-0.0941789	sas_voromqa	1318.47	3752.55
1t7r-1-1t7r_A-1-1t7r_B-1__receptor.pdb	1t7r-1-1t7r_A-1-1t7r_B-1__ligand.sdf	2043	77	595.843	-23.8522	-23.8522	595.843	-23.8522	0	-0.040031	sas_voromqa	595.843	1866.52
1tdv-1-1tdv_A-1-1tdv_B-1__receptor.pdb	1tdv-1-1tdv_A-1-1tdv_B-1__ligand.sdf	944	46	721.526	129.777	129.777	721.526	129.777	0	0.179865	sas_voromqa	721.526	1455.78
1tet-1-1tet_L-1-1tet_P-1__receptor.pdb	1tet-1-1tet_L-1-1tet_P-1__ligand.sdf	1681	92	1343.23	27.4668	27.4668	1343.23	27.4668	0	0.0204483	sas_voromqa	1343.23	2853.02
1tj9-1-1tj9_A-1-1tj9_B-1__receptor.pdb	1tj9-1-1tj9_A-1-1tj9_B-1__ligand.sdf	944	30	260.755	-26.8963	-26.8963	260.755	-26.8963	0	-0.103148	sas_voromqa	260.755	810.065
1tk2-1-1tk2_A-1-1tk2_B-1__receptor.pdb	1tk2-1-1tk2_A-1-1tk2_B-1__ligand.sdf	1879	82	649.006	171.984	171.984	649.006	171.984	0	0.264996	sas_voromqa	649.006	2023.5
1tl9-1-1tl9_A-1-1tl9_B-1__receptor.pdb	1tl9-1-1tl9_A-1-1tl9_B-1__ligand.sdf	2587	30	226.749	-7.21501	-7.21501	226.749	-7.21501	0	-0.0318194	sas_voromqa	226.749	822.743
1tmc-1-1tmc_A-1-1tmc_C-1__receptor.pdb	1tmc-1-1tmc_A-1-1tmc_C-1__ligand.sdf	1430	86	459.773	16.5575	16.5575	459.773	16.5575	0	0.0360123	sas_voromqa	459.773	2009.05
1tn6-1-1tn6_B-1-1tn6_C-1__receptor.pdb	1tn6-1-1tn6_B-1-1tn6_C-1__ligand.sdf	3228	78	706.39	-20.8241	-20.8241	706.39	-20.8241	0	-0.0294796	sas_voromqa	706.39	2089.2
1tp5-2-1tp5_A-2-1tp5_B-1__receptor.pdb	1tp5-2-1tp5_A-2-1tp5_B-1__ligand.sdf	863	56	1026.52	51.8818	51.8818	1026.52	51.8818	0	0.0505414	sas_voromqa	1026.52	1937.17
1tt5-2-1tt5_D-1-1tt5_F-1__receptor.pdb	1tt5-2-1tt5_D-1-1tt5_F-1__ligand.sdf	2866	83	1023.38	20.4453	20.4453	1023.38	20.4453	0	0.0199782	sas_voromqa	1023.38	2569.6
1twb-3-1twb_B-1-1twb_D-1__receptor.pdb	1twb-3-1twb_B-1-1twb_D-1__ligand.sdf	840	62	543.422	-77.2003	-77.2003	543.422	-77.2003	0	-0.142063	sas_voromqa	543.422	1584.39
1tze-3-1tze_E-1-1tze_I-2__receptor.pdb	1tze-3-1tze_E-1-1tze_I-2__ligand.sdf	795	66	891.609	17.9381	15.2226	889.536	16.4606	0	0.0201188	sas_voromqa	891.609	2018.76
1tze-5-1tze_E-3-1tze_I-2__receptor.pdb	1tze-5-1tze_E-3-1tze_I-2__ligand.sdf	795	66	964	94.325	91.6095	961.927	92.8475	0	0.0978475	sas_voromqa	964	2066.75
1tzg-3-1tzg_H-1-1tzg_Q-2__receptor.pdb	1tzg-3-1tzg_H-1-1tzg_Q-2__ligand.sdf	1719	109	1481.06	258.378	258.378	1481.06	258.378	0	0.174455	sas_voromqa	1481.06	3214.46
1tzs-1-1tzs_A-1-1tzs_P-1__receptor.pdb	1tzs-1-1tzs_A-1-1tzs_P-1__ligand.sdf	2419	72	605.065	-26.2203	-26.2203	605.065	-26.2203	0	-0.0433347	sas_voromqa	605.065	1944.8
1u00-1-1u00_A-1-1u00_P-1__receptor.pdb	1u00-1-1u00_A-1-1u00_P-1__ligand.sdf	1667	71	651.055	42.1113	42.1113	651.055	42.1113	0	0.0646816	sas_voromqa	651.055	1966.61
1u3h-1-1u3h_A-1-1u3h_P-1__receptor.pdb	1u3h-1-1u3h_A-1-1u3h_P-1__ligand.sdf	869	91	1577.09	-37.6632	-37.6632	1577.09	-37.6632	0	-0.0238815	sas_voromqa	1577.09	2976.8
1u3h-1-1u3h_F-1-1u3h_I-1__receptor.pdb	1u3h-1-1u3h_F-1-1u3h_I-1__ligand.sdf	853	91	1616.97	-16.598	-16.598	1616.97	-16.598	0	-0.0102649	sas_voromqa	1616.97	3033.38
1u7b-1-1u7b_A-1-1u7b_B-1__receptor.pdb	1u7b-1-1u7b_A-1-1u7b_B-1__ligand.sdf	1931	104	886.791	-27.5922	-27.5922	886.791	-27.5922	0	-0.0311147	sas_voromqa	886.791	2663.92
1u8t-1-1u8t_A-1-1u8t_E-1__receptor.pdb	1u8t-1-1u8t_A-1-1u8t_E-1__ligand.sdf	914	97	804.186	-18.2214	-18.2214	804.186	-18.2214	0	-0.0226582	sas_voromqa	804.186	2441.4
1u9l-2-1u9l_B-1-1u9l_C-1__receptor.pdb	1u9l-2-1u9l_B-1-1u9l_C-1__ligand.sdf	543	57	728.797	-32.2365	-32.2365	728.797	-32.2365	0	-0.0442325	sas_voromqa	728.797	1730.64
1ucy-1-1ucy_E-1-1ucy_F-1__receptor.pdb	1ucy-1-1ucy_E-1-1ucy_F-1__ligand.sdf	860	97	1067.41	-46.9666	-46.9666	1067.41	-46.9666	0	-0.0440005	sas_voromqa	1067.41	2712.93
1ucy-1-1ucy_H-1-1ucy_F-1__receptor.pdb	1ucy-1-1ucy_H-1-1ucy_F-1__ligand.sdf	1235	97	1153.29	-120.609	-120.609	1153.29	-120.609	0	-0.104578	sas_voromqa	1153.29	2833.8
1ucy-3-1ucy_N-1-1ucy_I-1__receptor.pdb	1ucy-3-1ucy_N-1-1ucy_I-1__ligand.sdf	2094	97	622.238	-59.9586	-59.9586	622.238	-59.9586	0	-0.0963596	sas_voromqa	622.238	2330.73
1uef-3-1uef_B-1-1uef_D-1__receptor.pdb	1uef-3-1uef_B-1-1uef_D-1__ligand.sdf	816	79	694.331	24.0852	24.0852	694.331	24.0852	0	0.0346884	sas_voromqa	694.331	2061.85
1uhb-1-1uhb_A-1-1uhb_P-1__receptor.pdb	1uhb-1-1uhb_A-1-1uhb_P-1__ligand.sdf	932	65	903.232	-45.6137	-45.6137	903.232	-45.6137	0	-0.0505005	sas_voromqa	903.232	1984.09
1uj0-1-1uj0_A-1-1uj0_B-1__receptor.pdb	1uj0-1-1uj0_A-1-1uj0_B-1__ligand.sdf	470	74	839.083	-17.854	-17.854	839.083	-17.854	0	-0.021278	sas_voromqa	839.083	2087.1
1uk4-1-1uk4_B-1-1uk4_K-1__receptor.pdb	1uk4-1-1uk4_B-1-1uk4_K-1__ligand.sdf	2336	39	663.034	-13.2017	-13.2017	663.034	-13.2017	0	-0.019911	sas_voromqa	663.034	1257.11
1um2-1-1um2_A-1-1um2_C-1__receptor.pdb	1um2-1-1um2_A-1-1um2_C-1__ligand.sdf	3293	53	628.06	34.6016	34.6016	628.06	34.6016	0	0.0550928	sas_voromqa	628.06	1497.26
1un0-1-1un0_A-1-1un0_C-1__receptor.pdb	1un0-1-1un0_A-1-1un0_C-1__ligand.sdf	3398	139	1027.07	70.0515	70.0515	1027.07	70.0515	0	0.0682052	sas_voromqa	1027.07	3580.69
1upk-1-1upk_A-1-1upk_B-1__receptor.pdb	1upk-1-1upk_A-1-1upk_B-1__ligand.sdf	2563	43	347.607	-85.4684	-85.4684	347.607	-85.4684	0	-0.245877	sas_voromqa	347.607	1086.93
1url-1-1url_A-1-1url_B-1__receptor.pdb	1url-1-1url_A-1-1url_B-1__ligand.sdf	922	64	723.097	93.2524	93.2524	723.097	93.2524	0	0.128963	sas_voromqa	723.097	1755
1utc-1-1utc_A-1-1utc_P-1__receptor.pdb	1utc-1-1utc_A-1-1utc_P-1__ligand.sdf	2754	66	488.081	44.8987	44.8987	488.081	44.8987	0	0.0919903	sas_voromqa	488.081	1611.32
1uti-1-1uti_A-1-1uti_D-1__receptor.pdb	1uti-1-1uti_A-1-1uti_D-1__ligand.sdf	464	126	1527.66	17.7416	17.7416	1527.66	17.7416	0	0.0116136	sas_voromqa	1527.66	3639.8
1uwx-1-1uwx_H-1-1uwx_P-1__receptor.pdb	1uwx-1-1uwx_H-1-1uwx_P-1__ligand.sdf	1686	107	1054.97	53.1507	53.1507	1054.97	53.1507	0	0.0503812	sas_voromqa	1054.97	2925.53
1uwx-1-1uwx_L-1-1uwx_P-1__receptor.pdb	1uwx-1-1uwx_L-1-1uwx_P-1__ligand.sdf	1616	107	1474.64	85.2588	85.2588	1474.64	85.2588	0	0.0578167	sas_voromqa	1474.64	3289.33
1v6d-1-1v6d_A-1-1v6d_B-1__receptor.pdb	1v6d-1-1v6d_A-1-1v6d_B-1__ligand.sdf	1642	57	743.284	12.9309	12.9309	743.284	12.9309	0	0.017397	sas_voromqa	743.284	1684.01
1v9t-2-1v9t_B-1-1v9t_C-1__receptor.pdb	1v9t-2-1v9t_B-1-1v9t_C-1__ligand.sdf	1232	34	324.451	61.5846	61.5846	324.451	61.5846	0	0.189812	sas_voromqa	324.451	904.575
1vdn-1-1vdn_A-1-1vdn_B-1__receptor.pdb	1vdn-1-1vdn_A-1-1vdn_B-1__ligand.sdf	1219	37	341.669	49.3551	49.3551	341.669	49.3551	0	0.144453	sas_voromqa	341.669	973.522
1vpp-1-1vpp_W-1-1vpp_Y-1__receptor.pdb	1vpp-1-1vpp_W-1-1vpp_Y-1__ligand.sdf	725	142	1552.2	-31.7255	-31.7255	1552.2	-31.7255	0	-0.0204391	sas_voromqa	1552.2	3881.63
1vzj-1-1vzj_C-1-1vzj_I-1__receptor.pdb	1vzj-1-1vzj_C-1-1vzj_I-1__ligand.sdf	279	120	1522.22	324.057	324.057	1522.22	324.057	0	0.212884	sas_voromqa	1522.22	3518.24
1w70-1-1w70_A-1-1w70_C-1__receptor.pdb	1w70-1-1w70_A-1-1w70_C-1__ligand.sdf	480	99	1339.77	-6.66614	-6.66614	1339.77	-6.66614	0	-0.00497559	sas_voromqa	1339.77	2947.74
1w72-1-1w72_H-1-1w72_C-1__receptor.pdb	1w72-1-1w72_H-1-1w72_C-1__ligand.sdf	1675	69	1079.86	0.559856	0.559856	1079.86	0.559856	0	0.000518452	sas_voromqa	1079.86	2144.49
1w9e-1-1w9e_A-1-1w9e_R-1__receptor.pdb	1w9e-1-1w9e_A-1-1w9e_R-1__ligand.sdf	1252	44	425.742	110.483	110.483	425.742	110.483	0	0.259507	sas_voromqa	425.742	1189.15
1w9u-2-1w9u_B-1-1w9u_D-1__receptor.pdb	1w9u-2-1w9u_B-1-1w9u_D-1__ligand.sdf	3067	48	223.848	3.24011	3.24011	223.848	3.24011	0	0.0144746	sas_voromqa	223.848	1020.58
1wb0-1-1wb0_A-1-1wb0_B-1__receptor.pdb	1wb0-1-1wb0_A-1-1wb0_B-1__ligand.sdf	2871	48	345.327	-55.1075	-55.1075	345.327	-55.1075	0	-0.159581	sas_voromqa	345.327	1175.05
1wkr-1-1wkr_A-1-1wkr_I-1__receptor.pdb	1wkr-1-1wkr_A-1-1wkr_I-1__ligand.sdf	2472	48	270.954	-24.9764	-24.9764	270.954	-24.9764	0	-0.0921795	sas_voromqa	270.954	1203.36
1wm0-1-1wm0_X-1-1wm0_Y-1__receptor.pdb	1wm0-1-1wm0_X-1-1wm0_Y-1__ligand.sdf	2184	86	784.527	-13.0456	-13.0456	784.527	-13.0456	0	-0.0166286	sas_voromqa	784.527	2361.47
1wvm-3-1wvm_B-1-1wvm_D-1__receptor.pdb	1wvm-3-1wvm_B-1-1wvm_D-1__ligand.sdf	3136	44	306.955	-42.9604	-42.9604	306.955	-42.9604	0	-0.139957	sas_voromqa	306.955	1090.05
1x3z-1-1x3z_A-1-1x3z_I-1__receptor.pdb	1x3z-1-1x3z_A-1-1x3z_I-1__ligand.sdf	2665	21	168.423	-12.0086	-12.0086	168.423	-12.0086	0	-0.0713002	sas_voromqa	168.423	544.621
1x7r-1-1x7r_A-1-1x7r_B-1__receptor.pdb	1x7r-1-1x7r_A-1-1x7r_B-1__ligand.sdf	1871	81	760.435	-22.6163	-22.6163	760.435	-22.6163	0	-0.0297413	sas_voromqa	760.435	2161.1
1xb0-1-1xb0_C-1-1xb0_I-1__receptor.pdb	1xb0-1-1xb0_C-1-1xb0_I-1__ligand.sdf	746	27	249.566	28.6877	28.6877	249.566	28.6877	0	0.11495	sas_voromqa	249.566	742.136
1xb7-1-1xb7_A-2-1xb7_P-2__receptor.pdb	1xb7-1-1xb7_A-2-1xb7_P-2__ligand.sdf	1667	75	665.274	88.6441	-21.5131	581.18	28.7075	0	0.133244	sas_voromqa	665.274	2053.52
1xdh-1-1xdh_B-1-1xdh_D-1__receptor.pdb	1xdh-1-1xdh_B-1-1xdh_D-1__ligand.sdf	2607	48	239.717	-11.5597	-11.5597	239.717	-11.5597	0	-0.0482223	sas_voromqa	239.717	1163.11
1xgy-1-1xgy_H-1-1xgy_P-1__receptor.pdb	1xgy-1-1xgy_H-1-1xgy_P-1__ligand.sdf	1642	42	443.479	-4.24617	-4.24617	443.479	-4.24617	0	-0.00957468	sas_voromqa	443.479	1151.87
1xgy-1-1xgy_L-1-1xgy_P-1__receptor.pdb	1xgy-1-1xgy_L-1-1xgy_P-1__ligand.sdf	1671	42	454.294	36.5958	36.5958	454.294	36.5958	0	0.0805553	sas_voromqa	454.294	1184.19
1xiu-1-1xiu_A-2-1xiu_E-1__receptor.pdb	1xiu-1-1xiu_A-2-1xiu_E-1__ligand.sdf	1748	100	1309.21	-3.94893	-3.94893	1309.21	-3.94893	0	-0.00301627	sas_voromqa	1309.21	3018.12
1xiu-1-1xiu_B-2-1xiu_F-2__receptor.pdb	1xiu-1-1xiu_B-2-1xiu_F-2__ligand.sdf	1759	84	846.266	-27.2861	-27.2861	846.266	-27.2861	0	-0.0322429	sas_voromqa	846.266	2367.19
1xls-3-1xls_G-1-1xls_O-1__receptor.pdb	1xls-3-1xls_G-1-1xls_O-1__ligand.sdf	1969	149	1446.75	-93.3641	-93.3641	1446.75	-93.3641	0	-0.0645337	sas_voromqa	1446.75	3961.88
1xls-5-1xls_E-3-1xls_P-2__receptor.pdb	1xls-5-1xls_E-3-1xls_P-2__ligand.sdf	1969	149	1898.18	-136.179	-136.179	1898.18	-136.179	0	-0.0717419	sas_voromqa	1898.18	4401.96
1xoc-3-1xoc_A-2-1xoc_B-2__receptor.pdb	1xoc-3-1xoc_A-2-1xoc_B-2__ligand.sdf	4092	70	95.4573	-0.97437	-0.97437	95.4573	-0.97437	0	-0.0102074	sas_voromqa	95.4573	1341.77
1xq7-3-1xq7_C-1-1xq7_F-1__receptor.pdb	1xq7-3-1xq7_C-1-1xq7_F-1__ligand.sdf	1271	85	705.793	52.6238	52.6238	705.793	52.6238	0	0.0745598	sas_voromqa	705.793	2335.33
1xrp-1-1xrp_A-1-1xrp_Q-1__receptor.pdb	1xrp-1-1xrp_A-1-1xrp_Q-1__ligand.sdf	2332	24	182.436	-40.9613	-40.9613	182.436	-40.9613	0	-0.224524	sas_voromqa	182.436	634.911
1xvp-3-1xvp_D-1-1xvp_H-1__receptor.pdb	1xvp-3-1xvp_D-1-1xvp_H-1__ligand.sdf	1990	106	1109.74	-162.159	-162.159	1109.74	-162.159	0	-0.146123	sas_voromqa	1109.74	3000.86
1y0y-1-1y0y_A-5-1y0y_B-5__receptor.pdb	1y0y-1-1y0y_A-5-1y0y_B-5__ligand.sdf	2596	33	234.541	-13.9414	-13.9414	234.541	-13.9414	0	-0.0594412	sas_voromqa	234.541	836.57
1y19-3-1y19_F-1-1y19_E-1__receptor.pdb	1y19-3-1y19_F-1-1y19_E-1__ligand.sdf	1554	93	1311.62	236.479	236.479	1311.62	236.479	0	0.180295	sas_voromqa	1311.62	2764.74
1y3a-1-1y3a_A-1-1y3a_E-1__receptor.pdb	1y3a-1-1y3a_A-1-1y3a_E-1__ligand.sdf	2413	109	879.77	-65.8037	-65.8037	879.77	-65.8037	0	-0.0747965	sas_voromqa	879.77	2738.13
1y3a-1-1y3a_B-1-1y3a_E-1__receptor.pdb	1y3a-1-1y3a_B-1-1y3a_E-1__ligand.sdf	2471	109	1514.02	120.252	120.252	1514.02	120.252	0	0.0794256	sas_voromqa	1514.02	3287.76
1y7l-1-1y7l_A-1-1y7l_P-1__receptor.pdb	1y7l-1-1y7l_A-1-1y7l_P-1__ligand.sdf	2292	33	150.035	-0.00897273	-0.00897273	150.035	-0.00897273	0	-5.98042e-05	sas_voromqa	150.035	802.723
1y98-2-1y98_A-2-1y98_B-1__receptor.pdb	1y98-2-1y98_A-2-1y98_B-1__ligand.sdf	1696	90	1524.06	11.1091	6.93815	1520.88	8.83971	0	0.00728915	sas_voromqa	1524.06	2959.58
1yc5-1-1yc5_A-1-1yc5_B-1__receptor.pdb	1yc5-1-1yc5_A-1-1yc5_B-1__ligand.sdf	1835	106	1163.05	84.3704	84.3704	1163.05	84.3704	0	0.0725424	sas_voromqa	1163.05	3011.46
1ycq-1-1ycq_A-2-1ycq_B-2__receptor.pdb	1ycq-1-1ycq_A-2-1ycq_B-2__ligand.sdf	706	95	794.439	-10.4216	-10.4216	794.439	-10.4216	0	-0.0131182	sas_voromqa	794.439	2422.69
1yf4-1-1yf4_A-1-1yf4_B-1__receptor.pdb	1yf4-1-1yf4_A-1-1yf4_B-1__ligand.sdf	1642	75	577.186	113.011	113.011	577.186	113.011	0	0.195797	sas_voromqa	577.186	1842.35
1yfn-2-1yfn_D-1-1yfn_H-1__receptor.pdb	1yfn-2-1yfn_D-1-1yfn_H-1__ligand.sdf	842	133	916.622	42.5257	42.5257	916.622	42.5257	0	0.0463939	sas_voromqa	916.622	3199.5
1ygr-1-1ygr_A-1-1ygr_C-1__receptor.pdb	1ygr-1-1ygr_A-1-1ygr_C-1__ligand.sdf	4605	61	604.14	-125.592	-125.592	604.14	-125.592	0	-0.207886	sas_voromqa	604.14	1606.48
1yjm-3-1yjm_C-1-1yjm_G-1__receptor.pdb	1yjm-3-1yjm_C-1-1yjm_G-1__ligand.sdf	758	49	527.557	-53.9098	-55.6498	526.229	-54.8565	0	-0.102188	sas_voromqa	527.557	1335.57
1ymt-1-1ymt_A-1-1ymt_B-1__receptor.pdb	1ymt-1-1ymt_A-1-1ymt_B-1__ligand.sdf	1878	80	771.991	29.0086	29.0086	771.991	29.0086	0	0.0375763	sas_voromqa	771.991	2208.07
1yp1-1-1yp1_A-1-1yp1_B-1__receptor.pdb	1yp1-1-1yp1_A-1-1yp1_B-1__ligand.sdf	1512	26	192.229	-2.77696	-2.77696	192.229	-2.77696	0	-0.0144461	sas_voromqa	192.229	662.446
1yrk-1-1yrk_A-1-1yrk_B-1__receptor.pdb	1yrk-1-1yrk_A-1-1yrk_B-1__ligand.sdf	1002	115	1306.47	93.1598	91.1427	1304.93	92.0623	0	0.0713065	sas_voromqa	1306.47	3258.88
1yti-1-1yti_A-2-1yti_I-1__receptor.pdb	1yti-1-1yti_A-2-1yti_I-1__ligand.sdf	741	38	581.779	-47.7777	-47.7777	581.779	-47.7777	0	-0.0821235	sas_voromqa	581.779	1220.4
1yti-1-1yti_A-2-1yti_I-2__receptor.pdb	1yti-1-1yti_A-2-1yti_I-2__ligand.sdf	741	38	342.379	-24.8524	-24.8524	342.379	-24.8524	0	-0.0725874	sas_voromqa	342.379	1060.63
1ytv-1-1ytv_A-1-1ytv_M-1__receptor.pdb	1ytv-1-1ytv_A-1-1ytv_M-1__ligand.sdf	2842	42	433.29	-17.639	-17.639	433.29	-17.639	0	-0.0407095	sas_voromqa	433.29	1109.09
1yvl-3-1yvl_A-1-1yvl_C-2__receptor.pdb	1yvl-3-1yvl_A-1-1yvl_C-2__ligand.sdf	5372	51	892.472	-34.2439	-40.5154	887.684	-37.6562	0	-0.0383697	sas_voromqa	892.472	1681.02
1yvl-3-1yvl_A-2-1yvl_C-2__receptor.pdb	1yvl-3-1yvl_A-2-1yvl_C-2__ligand.sdf	5372	51	416.534	3.8711	3.8711	416.534	3.8711	0	0.0092936	sas_voromqa	416.534	1262.41
1ywh-3-1ywh_K-1-1ywh_J-1__receptor.pdb	1ywh-3-1ywh_K-1-1ywh_J-1__ligand.sdf	1969	116	1301.45	152.771	152.771	1301.45	152.771	0	0.117385	sas_voromqa	1301.45	3242.79
1ywh-3-1ywh_M-1-1ywh_L-1__receptor.pdb	1ywh-3-1ywh_M-1-1ywh_L-1__ligand.sdf	2016	116	1435.15	145.58	145.58	1435.15	145.58	0	0.101439	sas_voromqa	1435.15	3386.96
1ywh-3-1ywh_M-1-1ywh_N-1__receptor.pdb	1ywh-3-1ywh_M-1-1ywh_N-1__ligand.sdf	2016	116	728.897	18.7839	18.7839	728.897	18.7839	0	0.0257703	sas_voromqa	728.897	2828.22
1ywo-1-1ywo_A-1-1ywo_P-1__receptor.pdb	1ywo-1-1ywo_A-1-1ywo_P-1__ligand.sdf	456	80	1081.54	-23.8953	-23.8953	1081.54	-23.8953	0	-0.0220938	sas_voromqa	1081.54	2423.78
1z8g-1-1z8g_A-1-1z8g_L-1__receptor.pdb	1z8g-1-1z8g_A-1-1z8g_L-1__ligand.sdf	2788	41	262.923	9.39212	9.39212	262.923	9.39212	0	0.0357219	sas_voromqa	262.923	1017.3
1z9o-1-1z9o_E-1-1z9o_H-1__receptor.pdb	1z9o-1-1z9o_E-1-1z9o_H-1__ligand.sdf	948	76	1147.34	16.3672	16.3672	1147.34	16.3672	0	0.0142653	sas_voromqa	1147.34	2377.8
1z9o-1-1z9o_E-1-1z9o_K-1__receptor.pdb	1z9o-1-1z9o_E-1-1z9o_K-1__ligand.sdf	948	76	799.138	-55.3622	-55.3622	799.138	-55.3622	0	-0.0692774	sas_voromqa	799.138	2051.69
1zbc-1-1zbc_A-1-1zbc_C-1__receptor.pdb	1zbc-1-1zbc_A-1-1zbc_C-1__ligand.sdf	2874	36	580.567	114.248	114.248	580.567	114.248	0	0.196787	sas_voromqa	580.567	1129.24
1zbk-1-1zbk_A-1-1zbk_C-1__receptor.pdb	1zbk-1-1zbk_A-1-1zbk_C-1__ligand.sdf	2869	36	475.964	76.3299	76.3299	475.964	76.3299	0	0.160369	sas_voromqa	475.964	1028.38
1zbw-1-1zbw_A-1-1zbw_D-1__receptor.pdb	1zbw-1-1zbw_A-1-1zbw_D-1__ligand.sdf	2877	36	467.313	91.3835	91.3835	467.313	91.3835	0	0.195551	sas_voromqa	467.313	1062.37
1zdt-3-1zdt_A-1-1zdt_P-1__receptor.pdb	1zdt-3-1zdt_A-1-1zdt_P-1__ligand.sdf	1873	102	781.928	-13.3598	-13.3598	781.928	-13.3598	0	-0.0170857	sas_voromqa	781.928	2579.85
1zdu-1-1zdu_A-1-1zdu_Q-1__receptor.pdb	1zdu-1-1zdu_A-1-1zdu_Q-1__ligand.sdf	1890	85	873.773	-2.35675	-2.35675	873.773	-2.35675	0	-0.00269721	sas_voromqa	873.773	2432.86
1zea-1-1zea_H-1-1zea_A-1__receptor.pdb	1zea-1-1zea_H-1-1zea_A-1__ligand.sdf	1606	70	686.877	22.6171	22.6171	686.877	22.6171	0	0.0329274	sas_voromqa	686.877	1805.66
1zea-1-1zea_L-1-1zea_A-1__receptor.pdb	1zea-1-1zea_L-1-1zea_A-1__ligand.sdf	1678	70	1030.5	-0.476494	-0.476494	1030.5	-0.476494	0	-0.000462391	sas_voromqa	1030.5	2105.02
1zfp-3-1zfp_E-4-1zfp_I-1__receptor.pdb	1zfp-3-1zfp_E-4-1zfp_I-1__ligand.sdf	807	60	843.43	57.4181	53.9556	840.787	55.5341	0	0.0680769	sas_voromqa	843.43	1802.01
1zgl-1-1zgl_Q-1-1zgl_F-1__receptor.pdb	1zgl-1-1zgl_Q-1-1zgl_F-1__ligand.sdf	1331	119	1998.33	176.075	176.075	1998.33	176.075	0	0.0881111	sas_voromqa	1998.33	3895.91
1zgl-1-1zgl_R-1-1zgl_F-1__receptor.pdb	1zgl-1-1zgl_R-1-1zgl_F-1__ligand.sdf	1790	119	1972.21	193.501	193.501	1972.21	193.501	0	0.0981138	sas_voromqa	1972.21	3870.19
1zgl-1-1zgl_T-1-1zgl_F-1__receptor.pdb	1zgl-1-1zgl_T-1-1zgl_F-1__ligand.sdf	1657	119	2027.73	234.324	234.324	2027.73	234.324	0	0.11556	sas_voromqa	2027.73	3890.28
1zh7-1-1zh7_A-1-1zh7_C-1__receptor.pdb	1zh7-1-1zh7_A-1-1zh7_C-1__ligand.sdf	1984	88	770.839	15.1733	15.1733	770.839	15.1733	0	0.0196841	sas_voromqa	770.839	2322.8
1zkk-1-1zkk_B-1-1zkk_E-1__receptor.pdb	1zkk-1-1zkk_B-1-1zkk_E-1__ligand.sdf	1283	72	1300.68	-54.2774	-54.2774	1300.68	-54.2774	0	-0.04173	sas_voromqa	1300.68	2500.13
1zt1-1-1zt1_A-1-1zt1_P-1__receptor.pdb	1zt1-1-1zt1_A-1-1zt1_P-1__ligand.sdf	2253	62	275.097	4.78734	4.78734	275.097	4.78734	0	0.0174024	sas_voromqa	275.097	1396.9
1ztz-1-1ztz_B-1-1ztz_P-1__receptor.pdb	1ztz-1-1ztz_B-1-1ztz_P-1__ligand.sdf	749	42	551.544	238.579	-173.4	237.037	14.4213	0	0.432566	sas_voromqa	551.544	1193.18
1ztz-2-1ztz_B-1-1ztz_P-2__receptor.pdb	1ztz-2-1ztz_B-1-1ztz_P-2__ligand.sdf	749	42	530.213	179.278	-102.589	315.033	25.9138	0	0.338124	sas_voromqa	530.213	1193.63
1zuk-1-1zuk_A-1-1zuk_C-1__receptor.pdb	1zuk-1-1zuk_A-1-1zuk_C-1__ligand.sdf	535	84	1129.72	-35.5072	-35.5072	1129.72	-35.5072	0	-0.0314301	sas_voromqa	1129.72	2495.29
1zvs-1-1zvs_A-1-1zvs_C-1__receptor.pdb	1zvs-1-1zvs_A-1-1zvs_C-1__ligand.sdf	2264	58	235.304	-48.3231	-48.3231	235.304	-48.3231	0	-0.205365	sas_voromqa	235.304	1294.01
1zys-1-1zys_A-1-1zys_B-1__receptor.pdb	1zys-1-1zys_A-1-1zys_B-1__ligand.sdf	2194	30	301.762	-23.3751	-23.3751	301.762	-23.3751	0	-0.077462	sas_voromqa	301.762	828.439
2a3z-1-2a3z_A-1-2a3z_C-1__receptor.pdb	2a3z-1-2a3z_A-1-2a3z_C-1__ligand.sdf	2809	134	1317.65	-73.1278	-73.1278	1317.65	-73.1278	0	-0.0554987	sas_voromqa	1317.65	3682.28
2a6d-2-2a6d_B-1-2a6d_P-1__receptor.pdb	2a6d-2-2a6d_B-1-2a6d_P-1__ligand.sdf	1651	96	1384.94	-130.763	-130.763	1384.94	-130.763	0	-0.0944178	sas_voromqa	1384.94	2923.39
2a6k-2-2a6k_H-1-2a6k_P-1__receptor.pdb	2a6k-2-2a6k_H-1-2a6k_P-1__ligand.sdf	1637	81	1084.82	-54.7349	-54.7349	1084.82	-54.7349	0	-0.0504553	sas_voromqa	1084.82	2361.54
2a79-1-2a79_B-1-2a79_D-1__receptor.pdb	2a79-1-2a79_B-1-2a79_D-1__ligand.sdf	1972	105	1224.15	99.191	99.191	1224.15	99.191	0	0.0810285	sas_voromqa	1224.15	3047.66
2aij-1-2aij_X-1-2aij_P-1__receptor.pdb	2aij-1-2aij_X-1-2aij_P-1__ligand.sdf	2176	38	191.346	-37.2361	-37.2361	191.346	-37.2361	0	-0.194601	sas_voromqa	191.346	874.193
2aka-1-2aka_A-1-2aka_L-1__receptor.pdb	2aka-1-2aka_A-1-2aka_L-1__ligand.sdf	6139	51	870.634	-40.6984	-40.6984	870.634	-40.6984	0	-0.0467457	sas_voromqa	870.634	1691.4
2aka-1-2aka_B-1-2aka_L-1__receptor.pdb	2aka-1-2aka_B-1-2aka_L-1__ligand.sdf	2329	51	639.615	-72.8713	-72.8713	639.615	-72.8713	0	-0.11393	sas_voromqa	639.615	1555.09
2aos-1-2aos_A-1-2aos_D-1__receptor.pdb	2aos-1-2aos_A-1-2aos_D-1__ligand.sdf	2877	36	438.077	59.4573	59.4573	438.077	59.4573	0	0.135723	sas_voromqa	438.077	1015.08
2aph-3-2aph_B-2-2aph_D-2__receptor.pdb	2aph-3-2aph_B-2-2aph_D-2__ligand.sdf	1286	53	441.711	-11.3097	-11.3097	441.711	-11.3097	0	-0.0256043	sas_voromqa	441.711	1352.75
2arr-1-2arr_A-1-2arr_P-1__receptor.pdb	2arr-1-2arr_A-1-2arr_P-1__ligand.sdf	2861	92	167.862	-52.1036	-52.1036	167.862	-52.1036	0	-0.310395	sas_voromqa	167.862	1802.32
2ast-1-2ast_B-1-2ast_D-1__receptor.pdb	2ast-1-2ast_B-1-2ast_D-1__ligand.sdf	2572	77	1292.23	-81.4203	-87.6953	1287.44	-84.8345	0	-0.0630076	sas_voromqa	1292.23	2534.05
2ast-3-2ast_C-4-2ast_D-4__receptor.pdb	2ast-3-2ast_C-4-2ast_D-4__ligand.sdf	599	77	1107.47	-60.974	-60.9788	1107.47	-60.9766	0	-0.055057	sas_voromqa	1107.47	2381.72
2asu-1-2asu_B-1-2asu_A-1__receptor.pdb	2asu-1-2asu_B-1-2asu_A-1__ligand.sdf	1703	26	309.748	33.3666	33.3666	309.748	33.3666	0	0.107722	sas_voromqa	309.748	768.204
2atp-1-2atp_A-1-2atp_E-1__receptor.pdb	2atp-1-2atp_A-1-2atp_E-1__ligand.sdf	938	49	803.666	-5.68777	-5.68777	803.666	-5.68777	0	-0.00707728	sas_voromqa	803.666	1607.43
2atp-1-2atp_B-1-2atp_E-1__receptor.pdb	2atp-1-2atp_B-1-2atp_E-1__ligand.sdf	915	49	779.644	-69.1207	-69.1207	779.644	-69.1207	0	-0.0886567	sas_voromqa	779.644	1571.61
2atp-2-2atp_D-1-2atp_F-1__receptor.pdb	2atp-2-2atp_D-1-2atp_F-1__ligand.sdf	891	11	152.747	2.73064	2.73064	152.747	2.73064	0	0.0178769	sas_voromqa	152.747	339.541
2auc-1-2auc_C-1-2auc_D-1__receptor.pdb	2auc-1-2auc_C-1-2auc_D-1__ligand.sdf	979	115	1062.66	1.19339	1.19339	1062.66	1.19339	0	0.00112302	sas_voromqa	1062.66	3141.97
2aw6-1-2aw6_B-1-2aw6_E-1__receptor.pdb	2aw6-1-2aw6_B-1-2aw6_E-1__ligand.sdf	2360	56	288.713	13.945	13.945	288.713	13.945	0	0.0483006	sas_voromqa	288.713	1393.8
2axi-3-2axi_A-1-2axi_B-2__receptor.pdb	2axi-3-2axi_A-1-2axi_B-2__ligand.sdf	765	99	1172.77	175.14	81.42	1101.22	124.147	0	0.149339	sas_voromqa	1172.77	2783.91
2axi-3-2axi_A-2-2axi_B-2__receptor.pdb	2axi-3-2axi_A-2-2axi_B-2__ligand.sdf	765	99	640.414	-78.1719	-78.1719	640.414	-78.1719	0	-0.122065	sas_voromqa	640.414	2323.86
2axz-2-2axz_C-1-2axz_I-1__receptor.pdb	2axz-2-2axz_C-1-2axz_I-1__ligand.sdf	2277	62	702.548	65.1359	2.4672	654.706	31.0378	0	0.0927138	sas_voromqa	702.548	1787.52
2b1h-1-2b1h_H-1-2b1h_P-1__receptor.pdb	2b1h-1-2b1h_H-1-2b1h_P-1__ligand.sdf	1699	134	1279.45	46.4502	46.4502	1279.45	46.4502	0	0.0363048	sas_voromqa	1279.45	3671.94
2b1h-1-2b1h_L-1-2b1h_P-1__receptor.pdb	2b1h-1-2b1h_L-1-2b1h_P-1__ligand.sdf	1616	134	1471.51	33.3613	33.3613	1471.51	33.3613	0	0.0226715	sas_voromqa	1471.51	3820.68
2b1n-1-2b1n_A-1-2b1n_B-1__receptor.pdb	2b1n-1-2b1n_A-1-2b1n_B-1__ligand.sdf	1732	32	261.283	-13.6738	-13.6738	261.283	-13.6738	0	-0.0523333	sas_voromqa	261.283	858.77
2b2w-1-2b2w_A-1-2b2w_D-1__receptor.pdb	2b2w-1-2b2w_A-1-2b2w_D-1__ligand.sdf	1449	44	483.431	-18.6425	-18.6425	483.431	-18.6425	0	-0.0385629	sas_voromqa	483.431	1279.88
2b6n-1-2b6n_A-1-2b6n_B-1__receptor.pdb	2b6n-1-2b6n_A-1-2b6n_B-1__ligand.sdf	1990	20	249.25	5.2644	5.2644	249.25	5.2644	0	0.021121	sas_voromqa	249.25	585.455
2b9h-1-2b9h_A-1-2b9h_C-1__receptor.pdb	2b9h-1-2b9h_A-1-2b9h_C-1__ligand.sdf	2733	101	1072.52	12.9409	12.9409	1072.52	12.9409	0	0.0120659	sas_voromqa	1072.52	2874.49
2bb4-1-2bb4_A-1-2bb4_P-1__receptor.pdb	2bb4-1-2bb4_A-1-2bb4_P-1__ligand.sdf	1802	20	117.233	13.7118	13.7118	117.233	13.7118	0	0.116962	sas_voromqa	117.233	469.805
2bba-1-2bba_A-1-2bba_P-1__receptor.pdb	2bba-1-2bba_A-1-2bba_P-1__ligand.sdf	1443	115	778.19	-18.381	-18.381	778.19	-18.381	0	-0.0236202	sas_voromqa	778.19	2765.87
2bbv-1-2bbv_B-1-2bbv_E-1__receptor.pdb	2bbv-1-2bbv_B-1-2bbv_E-1__ligand.sdf	2311	125	879.508	10.9612	10.9612	879.508	10.9612	0	0.0124629	sas_voromqa	879.508	3112.22
2bcd-1-2bcd_A-1-2bcd_B-1__receptor.pdb	2bcd-1-2bcd_A-1-2bcd_B-1__ligand.sdf	2350	55	459.456	67.0935	67.0935	459.456	67.0935	0	0.146028	sas_voromqa	459.456	1483.19
2be1-1-2be1_B-1-2be1_D-1__receptor.pdb	2be1-1-2be1_B-1-2be1_D-1__ligand.sdf	2401	56	890.685	46.4052	46.4052	890.685	46.4052	0	0.0521006	sas_voromqa	890.685	1941.2
2bew-1-2bew_A-2-2bew_C-2__receptor.pdb	2bew-1-2bew_A-2-2bew_C-2__ligand.sdf	3134	28	465.049	6.27408	6.27408	465.049	6.27408	0	0.0134912	sas_voromqa	465.049	933.469
2bew-1-2bew_B-1-2bew_C-2__receptor.pdb	2bew-1-2bew_B-1-2bew_C-2__ligand.sdf	2619	28	275.315	36.3604	36.3604	275.315	36.3604	0	0.132068	sas_voromqa	275.315	768.858
2bgr-1-2bgr_B-1-2bgr_Z-1__receptor.pdb	2bgr-1-2bgr_B-1-2bgr_Z-1__ligand.sdf	5972	23	196.678	24.6958	24.6958	196.678	24.6958	0	0.125565	sas_voromqa	196.678	625.079
2bj4-1-2bj4_A-1-2bj4_C-1__receptor.pdb	2bj4-1-2bj4_A-1-2bj4_C-1__ligand.sdf	1716	93	648.644	-14.2612	-14.2612	648.644	-14.2612	0	-0.0219862	sas_voromqa	648.644	2224.38
2bnq-1-2bnq_D-1-2bnq_C-1__receptor.pdb	2bnq-1-2bnq_D-1-2bnq_C-1__ligand.sdf	1557	76	1154.68	25.7313	25.7313	1154.68	25.7313	0	0.0222844	sas_voromqa	1154.68	2429.08
2bnq-1-2bnq_E-1-2bnq_C-1__receptor.pdb	2bnq-1-2bnq_E-1-2bnq_C-1__ligand.sdf	1902	76	1205.96	82.3899	82.3899	1205.96	82.3899	0	0.0683189	sas_voromqa	1205.96	2494.03
2bp3-2-2bp3_B-1-2bp3_S-1__receptor.pdb	2bp3-2-2bp3_B-1-2bp3_S-1__ligand.sdf	651	101	1094.51	111.939	111.939	1094.51	111.939	0	0.102273	sas_voromqa	1094.51	2820.62
2br9-1-2br9_A-1-2br9_P-1__receptor.pdb	2br9-1-2br9_A-1-2br9_P-1__ligand.sdf	1811	46	429.231	-21.2778	-22.7126	428.135	-22.0585	0	-0.0495719	sas_voromqa	429.231	1256.45
2brr-1-2brr_H-1-2brr_P-1__receptor.pdb	2brr-1-2brr_H-1-2brr_P-1__ligand.sdf	1709	69	655.216	18.7962	18.7962	655.216	18.7962	0	0.028687	sas_voromqa	655.216	1834.24
2brr-1-2brr_Y-1-2brr_P-1__receptor.pdb	2brr-1-2brr_Y-1-2brr_P-1__ligand.sdf	1715	69	737.448	3.14172	3.14172	737.448	3.14172	0	0.00426026	sas_voromqa	737.448	1922.03
2byp-1-2byp_D-1-2byp_J-1__receptor.pdb	2byp-1-2byp_D-1-2byp_J-1__ligand.sdf	1654	91	854.617	-21.3865	-21.3865	854.617	-21.3865	0	-0.0250247	sas_voromqa	854.617	2409.71
2byp-1-2byp_E-1-2byp_J-1__receptor.pdb	2byp-1-2byp_E-1-2byp_J-1__ligand.sdf	1693	91	761.022	83.0767	83.0767	761.022	83.0767	0	0.109165	sas_voromqa	761.022	2295.29
2bz8-1-2bz8_A-1-2bz8_C-1__receptor.pdb	2bz8-1-2bz8_A-1-2bz8_C-1__ligand.sdf	461	94	1293.23	-137.342	-137.342	1293.23	-137.342	0	-0.106201	sas_voromqa	1293.23	2853.53
2c23-1-2c23_A-2-2c23_P-2__receptor.pdb	2c23-1-2c23_A-2-2c23_P-2__ligand.sdf	1765	74	462.527	-51.2837	-51.2837	462.527	-51.2837	0	-0.110877	sas_voromqa	462.527	1831.61
2c5w-1-2c5w_B-1-2c5w_A-1__receptor.pdb	2c5w-1-2c5w_B-1-2c5w_A-1__ligand.sdf	3042	128	845.942	-17.6157	-17.6157	845.942	-17.6157	0	-0.0208238	sas_voromqa	845.942	3079.74
2c63-1-2c63_B-1-2c63_Q-1__receptor.pdb	2c63-1-2c63_B-1-2c63_Q-1__ligand.sdf	1833	34	316.14	-27.3166	-29.1526	314.738	-28.3156	0	-0.0864067	sas_voromqa	316.14	933.766
2c77-1-2c77_A-1-2c77_B-1__receptor.pdb	2c77-1-2c77_A-1-2c77_B-1__ligand.sdf	3138	87	467.148	71.3394	71.3394	467.148	71.3394	0	0.152713	sas_voromqa	467.148	2018.07
2cbl-1-2cbl_A-2-2cbl_B-3__receptor.pdb	2cbl-1-2cbl_A-2-2cbl_B-3__ligand.sdf	2495	70	1195.59	-65.4829	-89.6228	1177.16	-78.6174	0	-0.0547704	sas_voromqa	1195.59	2279.41
2cch-1-2cch_B-1-2cch_E-1__receptor.pdb	2cch-1-2cch_B-1-2cch_E-1__ligand.sdf	2100	102	1086.67	-72.0776	-72.0776	1086.67	-72.0776	0	-0.0663289	sas_voromqa	1086.67	2861.56
2ce8-1-2ce8_A-1-2ce8_X-1__receptor.pdb	2ce8-1-2ce8_A-1-2ce8_X-1__ligand.sdf	2587	70	586.71	11.5301	11.5301	586.71	11.5301	0	0.0196521	sas_voromqa	586.71	1877.54
2cho-1-2cho_A-1-2cho_C-1__receptor.pdb	2cho-1-2cho_A-1-2cho_C-1__ligand.sdf	5212	65	836.739	56.4238	56.4238	836.739	56.4238	0	0.067433	sas_voromqa	836.739	2043.14
2ci9-1-2ci9_A-1-2ci9_L-1__receptor.pdb	2ci9-1-2ci9_A-1-2ci9_L-1__ligand.sdf	828	76	758.463	-45.2381	-45.2381	758.463	-45.2381	0	-0.0596444	sas_voromqa	758.463	2061.59
2cia-1-2cia_A-1-2cia_L-1__receptor.pdb	2cia-1-2cia_A-1-2cia_L-1__ligand.sdf	799	72	697.998	-37.8831	-37.8831	697.998	-37.8831	0	-0.0542739	sas_voromqa	697.998	1914.53
2cio-1-2cio_A-1-2cio_B-1__receptor.pdb	2cio-1-2cio_A-1-2cio_B-1__ligand.sdf	1649	32	293.09	-21.8007	-21.8007	293.09	-21.8007	0	-0.0743823	sas_voromqa	293.09	916.375
2ck0-1-2ck0_H-1-2ck0_P-1__receptor.pdb	2ck0-1-2ck0_H-1-2ck0_P-1__ligand.sdf	1610	82	992.375	4.97497	4.97497	992.375	4.97497	0	0.0050132	sas_voromqa	992.375	2383.92
2ck0-1-2ck0_L-1-2ck0_P-1__receptor.pdb	2ck0-1-2ck0_L-1-2ck0_P-1__ligand.sdf	1681	82	1137.01	41.1449	41.1449	1137.01	41.1449	0	0.0361869	sas_voromqa	1137.01	2509.08
2clv-1-2clv_A-1-2clv_C-1__receptor.pdb	2clv-1-2clv_A-1-2clv_C-1__ligand.sdf	2258	74	198.966	30.3203	30.3203	198.966	30.3203	0	0.152389	sas_voromqa	198.966	1514.65
2cnm-3-2cnm_C-1-2cnm_F-1__receptor.pdb	2cnm-3-2cnm_C-1-2cnm_F-1__ligand.sdf	1202	113	830.651	-80.6158	-86.4565	826.193	-83.7938	0	-0.0970513	sas_voromqa	830.651	2800.49
2co2-1-2co2_A-2-2co2_B-2__receptor.pdb	2co2-1-2co2_A-2-2co2_B-2__ligand.sdf	898	124	1126.78	-21.2924	-21.2924	1126.78	-21.2924	0	-0.0188967	sas_voromqa	1126.78	3278.16
2cvy-1-2cvy_A-1-2cvy_B-1__receptor.pdb	2cvy-1-2cvy_A-1-2cvy_B-1__ligand.sdf	5128	66	585.44	-41.6635	-41.6635	585.44	-41.6635	0	-0.0711661	sas_voromqa	585.44	1718.18
2cwg-1-2cwg_A-1-2cwg_D-1__receptor.pdb	2cwg-1-2cwg_A-1-2cwg_D-1__ligand.sdf	1159	128	1442.78	-25.6633	-25.6633	1442.78	-25.6633	0	-0.0177874	sas_voromqa	1442.78	3536.52
2d11-4-2d11_D-1-2d11_H-1__receptor.pdb	2d11-4-2d11_D-1-2d11_H-1__ligand.sdf	2445	155	1243.1	-141.411	-141.411	1243.1	-141.411	0	-0.113757	sas_voromqa	1243.1	3933.81
2d3g-1-2d3g_B-1-2d3g_P-1__receptor.pdb	2d3g-1-2d3g_B-1-2d3g_P-1__ligand.sdf	574	139	1535.47	-175.077	-175.077	1535.47	-175.077	0	-0.114022	sas_voromqa	1535.47	3845.97
2d5w-1-2d5w_A-1-2d5w_C-1__receptor.pdb	2d5w-1-2d5w_A-1-2d5w_C-1__ligand.sdf	4849	37	56.7744	-4.32366	-4.32366	56.7744	-4.32366	0	-0.0761551	sas_voromqa	56.7744	734.321
2dew-1-2dew_X-2-2dew_A-2__receptor.pdb	2dew-1-2dew_X-2-2dew_A-2__ligand.sdf	4952	38	317.6	8.00334	8.00334	317.6	8.00334	0	0.0251994	sas_voromqa	317.6	1036.84
2df6-1-2df6_A-1-2df6_C-1__receptor.pdb	2df6-1-2df6_A-1-2df6_C-1__ligand.sdf	478	145	1432.66	0.444575	0.444575	1432.66	0.444575	0	0.000310314	sas_voromqa	1432.66	3775.24
2dko-1-2dko_A-1-2dko_I-1__receptor.pdb	2dko-1-2dko_A-1-2dko_I-1__ligand.sdf	1153	33	492.763	-63.7715	-63.7715	492.763	-63.7715	0	-0.129416	sas_voromqa	492.763	1032.06
2dko-1-2dko_B-2-2dko_I-2__receptor.pdb	2dko-1-2dko_B-2-2dko_I-2__ligand.sdf	843	33	313.706	-46.0943	-46.0943	313.706	-46.0943	0	-0.146935	sas_voromqa	313.706	891.917
2drk-2-2drk_A-1-2drk_B-2__receptor.pdb	2drk-2-2drk_A-1-2drk_B-2__ligand.sdf	467	82	1116.54	-27.1342	-29.662	1114.61	-28.5096	0	-0.024302	sas_voromqa	1116.54	2459.66
2drm-1-2drm_B-1-2drm_E-1__receptor.pdb	2drm-1-2drm_B-1-2drm_E-1__ligand.sdf	457	140	1955.93	10.5148	6.69398	1953.01	8.4359	0	0.00537586	sas_voromqa	1955.93	4249.34
2ds8-1-2ds8_B-1-2ds8_P-1__receptor.pdb	2ds8-1-2ds8_B-1-2ds8_P-1__ligand.sdf	316	48	624.776	-3.32121	-3.32121	624.776	-3.32121	0	-0.00531584	sas_voromqa	624.776	1473.35
2ds8-1-2ds8_B-1-2ds8_Q-1__receptor.pdb	2ds8-1-2ds8_B-1-2ds8_Q-1__ligand.sdf	316	48	833.538	-45.6758	-45.6758	833.538	-45.6758	0	-0.0547975	sas_voromqa	833.538	1666.45
2duj-1-2duj_A-1-2duj_P-1__receptor.pdb	2duj-1-2duj_A-1-2duj_P-1__ligand.sdf	2031	43	361.225	32.3344	32.3344	361.225	32.3344	0	0.0895132	sas_voromqa	361.225	1108.63
2dvq-1-2dvq_A-1-2dvq_Q-1__receptor.pdb	2dvq-1-2dvq_A-1-2dvq_Q-1__ligand.sdf	897	82	1491.98	74.6623	74.6623	1491.98	74.6623	0	0.0500424	sas_voromqa	1491.98	2787.25
2dvs-1-2dvs_A-1-2dvs_P-1__receptor.pdb	2dvs-1-2dvs_A-1-2dvs_P-1__ligand.sdf	897	12	109.738	-0.120708	-0.120708	109.738	-0.120708	0	-0.00109997	sas_voromqa	109.738	372.642
2dze-1-2dze_A-1-2dze_X-1__receptor.pdb	2dze-1-2dze_A-1-2dze_X-1__ligand.sdf	1280	55	823.26	-99.6494	-99.6494	823.26	-99.6494	0	-0.121042	sas_voromqa	823.26	1778
2e7l-1-2e7l_A-1-2e7l_Q-1__receptor.pdb	2e7l-1-2e7l_A-1-2e7l_Q-1__ligand.sdf	890	75	1235.15	148.393	148.393	1235.15	148.393	0	0.120142	sas_voromqa	1235.15	2460
2eax-1-2eax_C-1-2eax_L-1__receptor.pdb	2eax-1-2eax_C-1-2eax_L-1__ligand.sdf	1259	68	622.321	17.3902	17.3902	622.321	17.3902	0	0.0279441	sas_voromqa	622.321	1866.71
2egn-1-2egn_A-2-2egn_B-1__receptor.pdb	2egn-1-2egn_A-2-2egn_B-1__ligand.sdf	613	33	282.315	-0.942872	-0.942872	282.315	-0.942872	0	-0.00333979	sas_voromqa	282.315	859.757
2eh8-1-2eh8_H-1-2eh8_P-1__receptor.pdb	2eh8-1-2eh8_H-1-2eh8_P-1__ligand.sdf	1623	83	901.794	105.297	105.297	901.794	105.297	0	0.116764	sas_voromqa	901.794	2242.9
2eh8-1-2eh8_L-1-2eh8_P-1__receptor.pdb	2eh8-1-2eh8_L-1-2eh8_P-1__ligand.sdf	1673	83	681.256	36.2539	36.2539	681.256	36.2539	0	0.0532163	sas_voromqa	681.256	2063.13
2esl-11-2esl_A-1-2esl_I-1__receptor.pdb	2esl-11-2esl_A-1-2esl_I-1__ligand.sdf	1386	85	698.075	54.3198	54.3198	698.075	54.3198	0	0.0778137	sas_voromqa	698.075	2282.63
2esl-11-2esl_E-1-2esl_I-1__receptor.pdb	2esl-11-2esl_E-1-2esl_I-1__ligand.sdf	1386	85	1100.73	98.8961	98.8961	1100.73	98.8961	0	0.0898459	sas_voromqa	1100.73	2658.64
2esv-1-2esv_D-1-2esv_P-1__receptor.pdb	2esv-1-2esv_D-1-2esv_P-1__ligand.sdf	1557	70	1223.33	13.6473	13.6473	1223.33	13.6473	0	0.0111559	sas_voromqa	1223.33	2431.3
2esv-1-2esv_E-1-2esv_P-1__receptor.pdb	2esv-1-2esv_E-1-2esv_P-1__ligand.sdf	1924	70	1157.85	45.0645	45.0645	1157.85	45.0645	0	0.0389208	sas_voromqa	1157.85	2376.05
2f49-3-2f49_A-1-2f49_C-1__receptor.pdb	2f49-3-2f49_A-1-2f49_C-1__ligand.sdf	2698	142	1639.39	45.0241	45.0241	1639.39	45.0241	0	0.0274639	sas_voromqa	1639.39	4098.81
2f4o-1-2f4o_A-1-2f4o_I-1__receptor.pdb	2f4o-1-2f4o_A-1-2f4o_I-1__ligand.sdf	2409	31	306.875	88.2383	88.2383	306.875	88.2383	0	0.287538	sas_voromqa	306.875	844.821
2f69-1-2f69_A-1-2f69_B-1__receptor.pdb	2f69-1-2f69_A-1-2f69_B-1__ligand.sdf	1903	70	429.199	8.46553	8.46553	429.199	8.46553	0	0.019724	sas_voromqa	429.199	1684.72
2f8e-1-2f8e_X-1-2f8e_A-1__receptor.pdb	2f8e-1-2f8e_X-1-2f8e_A-1__ligand.sdf	3741	139	979.749	67.3485	39.2149	958.271	52.0411	0	0.0687406	sas_voromqa	979.749	3616.07
2f9n-1-2f9n_A-1-2f9n_E-1__receptor.pdb	2f9n-1-2f9n_A-1-2f9n_E-1__ligand.sdf	1930	30	256.785	13.3	13.3	256.785	13.3	0	0.0517943	sas_voromqa	256.785	821.569
2ff4-3-2ff4_A-1-2ff4_E-1__receptor.pdb	2ff4-3-2ff4_A-1-2ff4_E-1__ligand.sdf	2898	56	684.205	-31.4345	-33.3461	682.746	-32.4746	0	-0.0459431	sas_voromqa	684.205	1599.5
2ff4-3-2ff4_B-1-2ff4_E-1__receptor.pdb	2ff4-3-2ff4_B-1-2ff4_E-1__ligand.sdf	2848	56	1019.94	-99.6865	-106.025	1015.1	-103.136	0	-0.0977376	sas_voromqa	1019.94	1899.99
2ff6-1-2ff6_A-1-2ff6_H-1__receptor.pdb	2ff6-1-2ff6_A-1-2ff6_H-1__ligand.sdf	2822	89	1016.37	-52.1093	-52.1093	1016.37	-52.1093	0	-0.05127	sas_voromqa	1016.37	2585.8
2fff-1-2fff_B-1-2fff_A-1__receptor.pdb	2fff-1-2fff_B-1-2fff_A-1__ligand.sdf	3507	109	736.068	8.21452	8.21452	736.068	8.21452	0	0.01116	sas_voromqa	736.068	2672.61
2ffu-1-2ffu_A-1-2ffu_P-1__receptor.pdb	2ffu-1-2ffu_A-1-2ffu_P-1__ligand.sdf	3959	63	579.453	-30.019	-30.019	579.453	-30.019	0	-0.0518058	sas_voromqa	579.453	1667.91
2fge-1-2fge_A-1-2fge_D-1__receptor.pdb	2fge-1-2fge_A-1-2fge_D-1__ligand.sdf	7571	41	268.993	17.7382	17.7382	268.993	17.7382	0	0.065943	sas_voromqa	268.993	1095.95
2fgr-1-2fgr_A-1-2fgr_B-1__receptor.pdb	2fgr-1-2fgr_A-1-2fgr_B-1__ligand.sdf	2462	65	736.738	-21.684	-21.684	736.738	-21.684	0	-0.0294324	sas_voromqa	736.738	1783.02
2fgr-1-2fgr_A-3-2fgr_B-1__receptor.pdb	2fgr-1-2fgr_A-3-2fgr_B-1__ligand.sdf	2462	65	1014.86	5.50006	5.50006	1014.86	5.50006	0	0.00541953	sas_voromqa	1014.86	2004.5
2fib-1-2fib_A-1-2fib_B-1__receptor.pdb	2fib-1-2fib_A-1-2fib_B-1__ligand.sdf	2003	30	182.951	-15.5611	-15.5611	182.951	-15.5611	0	-0.0850561	sas_voromqa	182.951	713.418
2flu-1-2flu_X-1-2flu_P-1__receptor.pdb	2flu-1-2flu_X-1-2flu_P-1__ligand.sdf	2172	128	1374.21	232.48	232.48	1374.21	232.48	0	0.169174	sas_voromqa	1374.21	3526.55
2fmh-3-2fmh_A-2-2fmh_B-1__receptor.pdb	2fmh-3-2fmh_A-2-2fmh_B-1__ligand.sdf	981	86	1016.35	-55.8626	-55.8626	1016.35	-55.8626	0	-0.0549639	sas_voromqa	1016.35	2474.56
2fnt-1-2fnt_B-1-2fnt_P-1__receptor.pdb	2fnt-1-2fnt_B-1-2fnt_P-1__ligand.sdf	736	48	580.048	106.499	106.499	580.048	106.499	0	0.183604	sas_voromqa	580.048	1452.23
2fo5-3-2fo5_C-1-2fo5_G-1__receptor.pdb	2fo5-3-2fo5_C-1-2fo5_G-1__ligand.sdf	1655	30	262.579	-2.93378	-2.93378	262.579	-2.93378	0	-0.0111729	sas_voromqa	262.579	824.795
2fp7-1-2fp7_A-1-2fp7_C-1__receptor.pdb	2fp7-1-2fp7_A-1-2fp7_C-1__ligand.sdf	324	47	792.776	60.4592	60.4592	792.776	60.4592	0	0.0762627	sas_voromqa	792.776	1572.42
2fp7-1-2fp7_B-1-2fp7_C-1__receptor.pdb	2fp7-1-2fp7_B-1-2fp7_C-1__ligand.sdf	1115	47	442.916	37.552	37.552	442.916	37.552	0	0.0847836	sas_voromqa	442.916	1266.97
2fts-1-2fts_A-1-2fts_P-2__receptor.pdb	2fts-1-2fts_A-1-2fts_P-2__ligand.sdf	3194	104	1615.87	106.951	106.951	1615.87	106.951	0	0.0661879	sas_voromqa	1615.87	3324.75
2fym-3-2fym_A-1-2fym_B-1__receptor.pdb	2fym-3-2fym_A-1-2fym_B-1__ligand.sdf	3156	118	1290.3	68.4742	68.4742	1290.3	68.4742	0	0.0530684	sas_voromqa	1290.3	3374.06
2fym-3-2fym_D-2-2fym_B-1__receptor.pdb	2fym-3-2fym_D-2-2fym_B-1__ligand.sdf	3133	118	1597.14	99.1818	99.1818	1597.14	99.1818	0	0.0620996	sas_voromqa	1597.14	3568.92
2fym-3-2fym_D-2-2fym_E-2__receptor.pdb	2fym-3-2fym_D-2-2fym_E-2__ligand.sdf	3133	118	1194.53	136.898	136.898	1194.53	136.898	0	0.114604	sas_voromqa	1194.53	3268.67
2g1t-3-2g1t_C-1-2g1t_G-1__receptor.pdb	2g1t-3-2g1t_C-1-2g1t_G-1__ligand.sdf	2249	92	592.947	-27.7099	-27.7099	592.947	-27.7099	0	-0.0467325	sas_voromqa	592.947	2192.14
2g30-1-2g30_A-1-2g30_P-1__receptor.pdb	2g30-1-2g30_A-1-2g30_P-1__ligand.sdf	1848	121	1072.46	-60.0275	-60.0275	1072.46	-60.0275	0	-0.0559718	sas_voromqa	1072.46	3120.85
2g30-1-2g30_A-1-2g30_S-1__receptor.pdb	2g30-1-2g30_A-1-2g30_S-1__ligand.sdf	1848	21	277.714	25.396	25.396	277.714	25.396	0	0.0914466	sas_voromqa	277.714	631.839
2g3v-3-2g3v_C-1-2g3v_G-1__receptor.pdb	2g3v-3-2g3v_C-1-2g3v_G-1__ligand.sdf	1277	39	447.788	1.34297	1.34297	447.788	1.34297	0	0.00299912	sas_voromqa	447.788	1211.63
2g47-1-2g47_A-1-2g47_C-1__receptor.pdb	2g47-1-2g47_A-1-2g47_C-1__ligand.sdf	7853	86	710.32	-14.2567	-14.2567	710.32	-14.2567	0	-0.0200708	sas_voromqa	710.32	2252.89
2g58-1-2g58_A-1-2g58_B-1__receptor.pdb	2g58-1-2g58_A-1-2g58_B-1__ligand.sdf	944	40	323.858	38.1876	38.1876	323.858	38.1876	0	0.117915	sas_voromqa	323.858	1022.03
2g5b-3-2g5b_E-1-2g5b_K-1__receptor.pdb	2g5b-3-2g5b_E-1-2g5b_K-1__ligand.sdf	1692	53	673.945	-67.1464	-67.1464	673.945	-67.1464	0	-0.0996319	sas_voromqa	673.945	1525.03
2g5b-3-2g5b_F-1-2g5b_K-1__receptor.pdb	2g5b-3-2g5b_F-1-2g5b_K-1__ligand.sdf	1654	53	572.778	-7.06479	-7.06479	572.778	-7.06479	0	-0.0123343	sas_voromqa	572.778	1462.89
2g5l-1-2g5l_A-1-2g5l_X-1__receptor.pdb	2g5l-1-2g5l_A-1-2g5l_X-1__ligand.sdf	903	61	386.62	36.2441	36.2441	386.62	36.2441	0	0.0937461	sas_voromqa	386.62	1489.1
2g5l-1-2g5l_B-2-2g5l_X-1__receptor.pdb	2g5l-1-2g5l_B-2-2g5l_X-1__ligand.sdf	782	61	832.57	65.285	65.285	832.57	65.285	0	0.0784138	sas_voromqa	832.57	1850.67
2g6q-1-2g6q_A-1-2g6q_B-1__receptor.pdb	2g6q-1-2g6q_A-1-2g6q_B-1__ligand.sdf	421	67	795.811	-56.5655	-56.5655	795.811	-56.5655	0	-0.0710791	sas_voromqa	795.811	1958.05
2g83-1-2g83_A-1-2g83_C-1__receptor.pdb	2g83-1-2g83_A-1-2g83_C-1__ligand.sdf	2450	96	877.363	-24.3418	-24.3418	877.363	-24.3418	0	-0.0277443	sas_voromqa	877.363	2453.42
2g8z-1-2g8z_A-1-2g8z_P-1__receptor.pdb	2g8z-1-2g8z_A-1-2g8z_P-1__ligand.sdf	2869	36	561.717	93.2092	93.2092	561.717	93.2092	0	0.165936	sas_voromqa	561.717	1137.1
2g9h-1-2g9h_D-1-2g9h_C-1__receptor.pdb	2g9h-1-2g9h_D-1-2g9h_C-1__ligand.sdf	1729	111	1996.99	23.876	20.6438	1994.52	22.1174	0	0.011956	sas_voromqa	1996.99	3812.75
2gfa-1-2gfa_A-1-2gfa_C-1__receptor.pdb	2gfa-1-2gfa_A-1-2gfa_C-1__ligand.sdf	857	56	605.137	5.61428	5.61428	605.137	5.61428	0	0.0092777	sas_voromqa	605.137	1570.45
2ght-1-2ght_A-1-2ght_C-1__receptor.pdb	2ght-1-2ght_A-1-2ght_C-1__ligand.sdf	1464	37	265.037	1.21891	1.21883	265.037	1.21887	0	0.00459902	sas_voromqa	265.037	889.387
2gkw-1-2gkw_A-1-2gkw_B-1__receptor.pdb	2gkw-1-2gkw_A-1-2gkw_B-1__ligand.sdf	1532	118	974.326	30.3043	30.3043	974.326	30.3043	0	0.0311028	sas_voromqa	974.326	3063.79
2gpv-2-2gpv_E-3-2gpv_I-2__receptor.pdb	2gpv-2-2gpv_E-3-2gpv_I-2__ligand.sdf	1650	87	1187.62	17.353	17.353	1187.62	17.353	0	0.0146116	sas_voromqa	1187.62	2731.65
2gs6-1-2gs6_A-1-2gs6_B-1__receptor.pdb	2gs6-1-2gs6_A-1-2gs6_B-1__ligand.sdf	2465	72	463.944	11.0616	9.41538	462.687	10.1659	0	0.0238425	sas_voromqa	463.944	1775.23
2gsi-3-2gsi_E-1-2gsi_Y-1__receptor.pdb	2gsi-3-2gsi_E-1-2gsi_Y-1__ligand.sdf	1634	93	1332.89	63.2624	63.2624	1332.89	63.2624	0	0.0474626	sas_voromqa	1332.89	2922.28
2gsi-3-2gsi_F-1-2gsi_Y-1__receptor.pdb	2gsi-3-2gsi_F-1-2gsi_Y-1__ligand.sdf	1613	93	1042.23	44.721	44.721	1042.23	44.721	0	0.042909	sas_voromqa	1042.23	2647.29
2h1c-1-2h1c_A-1-2h1c_B-1__receptor.pdb	2h1c-1-2h1c_A-1-2h1c_B-1__ligand.sdf	1083	134	969.835	-37.4293	-37.4293	969.835	-37.4293	0	-0.0385935	sas_voromqa	969.835	3376.35
2h1c-2-2h1c_A-1-2h1c_B-2__receptor.pdb	2h1c-2-2h1c_A-1-2h1c_B-2__ligand.sdf	1083	134	1872.26	-73.7081	-73.7081	1872.26	-73.7081	0	-0.0393685	sas_voromqa	1872.26	4120.1
2h1p-1-2h1p_H-1-2h1p_P-1__receptor.pdb	2h1p-1-2h1p_H-1-2h1p_P-1__ligand.sdf	1665	86	1040.17	64.3506	64.3506	1040.17	64.3506	0	0.0618655	sas_voromqa	1040.17	2466.75
2h5d-1-2h5d_A-1-2h5d_B-1__receptor.pdb	2h5d-1-2h5d_A-1-2h5d_B-1__ligand.sdf	1391	43	341.258	-22.5274	-27.6323	337.361	-25.305	0	-0.0660128	sas_voromqa	341.258	1096.94
2h6f-1-2h6f_A-1-2h6f_P-1__receptor.pdb	2h6f-1-2h6f_A-1-2h6f_P-1__ligand.sdf	2683	43	720.753	64.6674	64.6674	720.753	64.6674	0	0.089722	sas_voromqa	720.753	1535.85
2h6f-1-2h6f_B-1-2h6f_P-1__receptor.pdb	2h6f-1-2h6f_B-1-2h6f_P-1__ligand.sdf	3228	43	306.853	-13.8566	-13.8566	306.853	-13.8566	0	-0.0451571	sas_voromqa	306.853	1196.91
2h6t-1-2h6t_A-1-2h6t_B-1__receptor.pdb	2h6t-1-2h6t_A-1-2h6t_B-1__ligand.sdf	2575	48	278.544	-10.1494	-10.1494	278.544	-10.1494	0	-0.0364373	sas_voromqa	278.544	1205.24
2h9e-1-2h9e_H-1-2h9e_S-1__receptor.pdb	2h9e-1-2h9e_H-1-2h9e_S-1__ligand.sdf	1846	47	304.51	-1.21956	-1.21956	304.51	-1.21956	0	-0.00400499	sas_voromqa	304.51	1161.1
2hal-1-2hal_A-1-2hal_I-1__receptor.pdb	2hal-1-2hal_A-1-2hal_I-1__ligand.sdf	1634	43	241.448	77.1364	77.1364	241.448	77.1364	0	0.319474	sas_voromqa	241.448	1026.44
2hdx-3-2hdx_C-1-2hdx_I-1__receptor.pdb	2hdx-3-2hdx_C-1-2hdx_I-1__ligand.sdf	834	65	628.387	-95.7335	-95.9387	628.231	-95.8452	0	-0.152348	sas_voromqa	628.387	1738.27
2hh0-1-2hh0_H-1-2hh0_P-1__receptor.pdb	2hh0-1-2hh0_H-1-2hh0_P-1__ligand.sdf	1638	77	817.478	12.8741	12.8741	817.478	12.8741	0	0.0157486	sas_voromqa	817.478	2099.66
2hh0-1-2hh0_L-1-2hh0_P-1__receptor.pdb	2hh0-1-2hh0_L-1-2hh0_P-1__ligand.sdf	1619	77	1101.05	43.5102	43.5102	1101.05	43.5102	0	0.039517	sas_voromqa	1101.05	2351.02
2hkf-1-2hkf_H-1-2hkf_P-1__receptor.pdb	2hkf-1-2hkf_H-1-2hkf_P-1__ligand.sdf	1593	61	612.018	-117.572	-117.572	612.018	-117.572	0	-0.192105	sas_voromqa	612.018	1626.42
2hl3-1-2hl3_A-1-2hl3_C-1__receptor.pdb	2hl3-1-2hl3_A-1-2hl3_C-1__ligand.sdf	584	31	249.658	-27.1458	-27.1458	249.658	-27.1458	0	-0.108732	sas_voromqa	249.658	760.359
2hmh-1-2hmh_A-1-2hmh_B-1__receptor.pdb	2hmh-1-2hmh_A-1-2hmh_B-1__ligand.sdf	946	89	567.573	-49.3497	-50.8353	566.439	-50.158	0	-0.0869486	sas_voromqa	567.573	2113.93
2ho2-1-2ho2_A-1-2ho2_B-1__receptor.pdb	2ho2-1-2ho2_A-1-2ho2_B-1__ligand.sdf	268	71	1001.67	94.2528	94.2528	1001.67	94.2528	0	0.0940957	sas_voromqa	1001.67	2118
2hpe-1-2hpe_A-1-2hpe_S-1__receptor.pdb	2hpe-1-2hpe_A-1-2hpe_S-1__ligand.sdf	754	45	625.763	-0.42513	-0.42513	625.763	-0.42513	0	-0.000679379	sas_voromqa	625.763	1441.98
2hpl-1-2hpl_A-1-2hpl_B-1__receptor.pdb	2hpl-1-2hpl_A-1-2hpl_B-1__ligand.sdf	786	41	340.098	-35.5758	-35.5758	340.098	-35.5758	0	-0.104605	sas_voromqa	340.098	1031.68
2hrp-3-2hrp_H-1-2hrp_P-1__receptor.pdb	2hrp-3-2hrp_H-1-2hrp_P-1__ligand.sdf	1706	80	860.904	9.82494	9.82494	860.904	9.82494	0	0.0114124	sas_voromqa	860.904	2226.09
2ht9-1-2ht9_A-1-2ht9_X-1__receptor.pdb	2ht9-1-2ht9_A-1-2ht9_X-1__ligand.sdf	821	85	956.176	130.941	130.941	956.176	130.941	0	0.136942	sas_voromqa	956.176	2408.92
2hu2-1-2hu2_A-2-2hu2_B-2__receptor.pdb	2hu2-1-2hu2_A-2-2hu2_B-2__ligand.sdf	2560	65	610.064	23.6649	23.6649	610.064	23.6649	0	0.0387908	sas_voromqa	610.064	1791.99
2hwn-3-2hwn_D-2-2hwn_E-1__receptor.pdb	2hwn-3-2hwn_D-2-2hwn_E-1__ligand.sdf	347	139	1826.34	163.08	163.08	1826.34	163.08	0	0.0892933	sas_voromqa	1826.34	4232.55
2hwn-3-2hwn_D-2-2hwn_F-2__receptor.pdb	2hwn-3-2hwn_D-2-2hwn_F-2__ligand.sdf	347	144	1587.61	118.799	118.799	1587.61	118.799	0	0.0748288	sas_voromqa	1587.61	4153.27
2hzs-4-2hzs_H-1-2hzs_L-1__receptor.pdb	2hzs-4-2hzs_H-1-2hzs_L-1__ligand.sdf	1803	141	865.468	-47.5152	-47.5152	865.468	-47.5152	0	-0.0549012	sas_voromqa	865.468	3348.5
2hzs-7-2hzs_F-1-2hzs_I-1__receptor.pdb	2hzs-7-2hzs_F-1-2hzs_I-1__ligand.sdf	1829	192	2148.87	183.528	183.528	2148.87	183.528	0	0.0854067	sas_voromqa	2148.87	5339.37
2i04-1-2i04_A-1-2i04_C-1__receptor.pdb	2i04-1-2i04_A-1-2i04_C-1__ligand.sdf	635	44	393.787	-33.7719	-33.7719	393.787	-33.7719	0	-0.0857618	sas_voromqa	393.787	1136.32
2i0i-3-2i0i_C-1-2i0i_F-1__receptor.pdb	2i0i-3-2i0i_C-1-2i0i_F-1__ligand.sdf	579	55	637.797	-107.408	-107.408	637.797	-107.408	0	-0.168405	sas_voromqa	637.797	1555.3
2i32-2-2i32_B-1-2i32_F-1__receptor.pdb	2i32-2-2i32_B-1-2i32_F-1__ligand.sdf	1240	130	1144.04	-48.2547	-48.2547	1144.04	-48.2547	0	-0.0421792	sas_voromqa	1144.04	3449.23
2i3h-3-2i3h_A-2-2i3h_C-2__receptor.pdb	2i3h-3-2i3h_A-2-2i3h_C-2__ligand.sdf	727	34	259.011	5.75028	5.75028	259.011	5.75028	0	0.0222009	sas_voromqa	259.011	839.396
2i6o-1-2i6o_A-1-2i6o_B-1__receptor.pdb	2i6o-1-2i6o_A-1-2i6o_B-1__ligand.sdf	1277	75	957.947	5.00851	5.00851	957.947	5.00851	0	0.00522838	sas_voromqa	957.947	2192.47
2iam-1-2iam_C-1-2iam_P-1__receptor.pdb	2iam-1-2iam_C-1-2iam_P-1__ligand.sdf	1546	104	1834.81	-11.1915	-11.1915	1834.81	-11.1915	0	-0.00609954	sas_voromqa	1834.81	3543.73
2iam-1-2iam_D-1-2iam_P-1__receptor.pdb	2iam-1-2iam_D-1-2iam_P-1__ligand.sdf	1901	104	1837.16	-27.3564	-27.3564	1837.16	-27.3564	0	-0.0148906	sas_voromqa	1837.16	3531.42
2icw-1-2icw_G-1-2icw_C-1__receptor.pdb	2icw-1-2icw_G-1-2icw_C-1__ligand.sdf	1786	106	1711.5	125.277	125.277	1711.5	125.277	0	0.0731972	sas_voromqa	1711.5	3451.71
2id4-1-2id4_A-1-2id4_C-1__receptor.pdb	2id4-1-2id4_A-1-2id4_C-1__ligand.sdf	3693	44	253.4	-39.0335	-39.0335	253.4	-39.0335	0	-0.154039	sas_voromqa	253.4	1081.76
2ifr-1-2ifr_A-1-2ifr_B-1__receptor.pdb	2ifr-1-2ifr_A-1-2ifr_B-1__ligand.sdf	1501	71	492.764	59.7586	59.7586	492.764	59.7586	0	0.121272	sas_voromqa	492.764	1805.26
2igf-1-2igf_H-1-2igf_P-1__receptor.pdb	2igf-1-2igf_H-1-2igf_P-1__ligand.sdf	1672	58	576.831	13.6779	13.6779	576.831	13.6779	0	0.0237121	sas_voromqa	576.831	1590.95
2igf-1-2igf_L-1-2igf_P-1__receptor.pdb	2igf-1-2igf_L-1-2igf_P-1__ligand.sdf	1692	58	901.334	-1.42561	-1.42561	901.334	-1.42561	0	-0.00158167	sas_voromqa	901.334	1860.09
2ihs-2-2ihs_B-1-2ihs_D-1__receptor.pdb	2ihs-2-2ihs_B-1-2ihs_D-1__ligand.sdf	1545	176	1794.99	-59.5733	-59.5733	1794.99	-59.5733	0	-0.0331887	sas_voromqa	1794.99	4678.73
2ilm-1-2ilm_A-1-2ilm_S-1__receptor.pdb	2ilm-1-2ilm_A-1-2ilm_S-1__ligand.sdf	2653	39	439.951	-35.4302	-35.4302	439.951	-35.4302	0	-0.0805322	sas_voromqa	439.951	1146.7
2ipu-1-2ipu_H-1-2ipu_Q-1__receptor.pdb	2ipu-1-2ipu_H-1-2ipu_Q-1__ligand.sdf	1674	61	811.395	-94.6591	-94.6591	811.395	-94.6591	0	-0.116662	sas_voromqa	811.395	1777.28
2iq6-1-2iq6_A-1-2iq6_B-1__receptor.pdb	2iq6-1-2iq6_A-1-2iq6_B-1__ligand.sdf	2211	25	102.038	-17.5854	-17.5854	102.038	-17.5854	0	-0.172342	sas_voromqa	102.038	559.235
2isq-1-2isq_A-1-2isq_B-1__receptor.pdb	2isq-1-2isq_A-1-2isq_B-1__ligand.sdf	2359	72	482.389	-39.577	-39.577	482.389	-39.577	0	-0.0820437	sas_voromqa	482.389	1773.36
2itk-1-2itk_A-1-2itk_B-1__receptor.pdb	2itk-1-2itk_A-1-2itk_B-1__ligand.sdf	1155	49	437.604	10.3012	9.50639	436.997	9.86873	0	0.02354	sas_voromqa	437.604	1320.68
2iv9-1-2iv9_B-1-2iv9_P-1__receptor.pdb	2iv9-1-2iv9_B-1-2iv9_P-1__ligand.sdf	1850	68	670.998	231.187	231.187	670.998	231.187	0	0.344542	sas_voromqa	670.998	1826.11
2ivz-3-2ivz_C-1-2ivz_G-1__receptor.pdb	2ivz-3-2ivz_C-1-2ivz_G-1__ligand.sdf	2961	113	618.031	38.2336	38.2336	618.031	38.2336	0	0.0618636	sas_voromqa	618.031	2482.75
2iwb-1-2iwb_A-1-2iwb_B-1__receptor.pdb	2iwb-1-2iwb_A-1-2iwb_B-1__ligand.sdf	2065	28	253.296	47.3378	47.3378	253.296	47.3378	0	0.186887	sas_voromqa	253.296	763.187
2ixp-1-2ixp_A-1-2ixp_F-1__receptor.pdb	2ixp-1-2ixp_A-1-2ixp_F-1__ligand.sdf	2524	43	669.09	79.4826	79.4826	669.09	79.4826	0	0.118792	sas_voromqa	669.09	1369.6
2ixp-1-2ixp_C-1-2ixp_F-1__receptor.pdb	2ixp-1-2ixp_C-1-2ixp_F-1__ligand.sdf	2576	43	520.343	20.0252	20.0252	520.343	20.0252	0	0.0384846	sas_voromqa	520.343	1232.54
2izx-1-2izx_B-1-2izx_C-1__receptor.pdb	2izx-1-2izx_B-1-2izx_C-1__ligand.sdf	338	141	1436.1	35.9799	35.9799	1436.1	35.9799	0	0.0250539	sas_voromqa	1436.1	3863.75
2j0u-1-2j0u_A-1-2j0u_T-1__receptor.pdb	2j0u-1-2j0u_A-1-2j0u_T-1__ligand.sdf	2654	72	680.872	9.19664	9.19664	680.872	9.19664	0	0.0135071	sas_voromqa	680.872	1879.23
2j32-1-2j32_A-3-2j32_B-3__receptor.pdb	2j32-1-2j32_A-3-2j32_B-3__ligand.sdf	1935	36	203.321	-17.865	-17.865	203.321	-17.865	0	-0.087866	sas_voromqa	203.321	845.522
2j7y-1-2j7y_A-1-2j7y_B-1__receptor.pdb	2j7y-1-2j7y_A-1-2j7y_B-1__ligand.sdf	1764	64	538.357	16.7577	16.7577	538.357	16.7577	0	0.0311275	sas_voromqa	538.357	1702.15
2j9a-1-2j9a_A-1-2j9a_D-1__receptor.pdb	2j9a-1-2j9a_A-1-2j9a_D-1__ligand.sdf	3707	52	354.405	21.2011	21.2011	354.405	21.2011	0	0.0598217	sas_voromqa	354.405	1341.52
2j9j-1-2j9j_B-1-2j9j_C-1__receptor.pdb	2j9j-1-2j9j_B-1-2j9j_C-1__ligand.sdf	717	58	546.566	42.8945	42.8945	546.566	42.8945	0	0.07848	sas_voromqa	546.566	1608.68
2j9n-1-2j9n_A-1-2j9n_B-1__receptor.pdb	2j9n-1-2j9n_A-1-2j9n_B-1__ligand.sdf	1629	61	1048.29	1.84073	1.84073	1048.29	1.84073	0	0.00175594	sas_voromqa	1048.29	2020.64
2j9n-1-2j9n_A-1-2j9n_C-1__receptor.pdb	2j9n-1-2j9n_A-1-2j9n_C-1__ligand.sdf	1629	18	228.247	-38.0125	-38.0125	228.247	-38.0125	0	-0.166541	sas_voromqa	228.247	528.282
2jam-1-2jam_A-1-2jam_D-1__receptor.pdb	2jam-1-2jam_A-1-2jam_D-1__ligand.sdf	2213	42	460.615	50.014	50.014	460.615	50.014	0	0.108581	sas_voromqa	460.615	1187.92
2jd5-1-2jd5_B-1-2jd5_C-1__receptor.pdb	2jd5-1-2jd5_B-1-2jd5_C-1__ligand.sdf	2896	38	398.345	-16.5553	-16.5553	398.345	-16.5553	0	-0.0415602	sas_voromqa	398.345	1084.79
2jdl-1-2jdl_A-1-2jdl_C-1__receptor.pdb	2jdl-1-2jdl_A-1-2jdl_C-1__ligand.sdf	1914	79	735.369	-15.6457	-15.6457	735.369	-15.6457	0	-0.021276	sas_voromqa	735.369	2065.76
2jet-1-2jet_B-1-2jet_A-1__receptor.pdb	2jet-1-2jet_B-1-2jet_A-1__ligand.sdf	946	85	1059.34	28.762	28.762	1059.34	28.762	0	0.0271509	sas_voromqa	1059.34	2579.98
2jet-1-2jet_C-1-2jet_A-1__receptor.pdb	2jet-1-2jet_C-1-2jet_A-1__ligand.sdf	669	85	1348.39	26.7994	26.7994	1348.39	26.7994	0	0.0198751	sas_voromqa	1348.39	2792.18
2jf1-1-2jf1_A-3-2jf1_T-1__receptor.pdb	2jf1-1-2jf1_A-3-2jf1_T-1__ligand.sdf	634	83	1477.43	227.464	227.464	1477.43	227.464	0	0.153959	sas_voromqa	1477.43	2851.98
2jf9-1-2jf9_A-2-2jf9_R-2__receptor.pdb	2jf9-1-2jf9_A-2-2jf9_R-2__ligand.sdf	1692	107	1298.95	26.7916	-14.5792	1267.36	4.28171	0	0.0206256	sas_voromqa	1298.95	3062.73
2jgb-1-2jgb_A-1-2jgb_B-1__receptor.pdb	2jgb-1-2jgb_A-1-2jgb_B-1__ligand.sdf	1524	174	1442.71	-70.8168	-75.2109	1439.35	-73.2076	0	-0.049086	sas_voromqa	1442.71	4522.24
2jk9-1-2jk9_A-1-2jk9_B-1__receptor.pdb	2jk9-1-2jk9_A-1-2jk9_B-1__ligand.sdf	1598	61	668.114	29.1395	29.1395	668.114	29.1395	0	0.0436146	sas_voromqa	668.114	1623.7
2jkg-1-2jkg_A-1-2jkg_P-1__receptor.pdb	2jkg-1-2jkg_A-1-2jkg_P-1__ligand.sdf	1295	56	706.827	66.076	66.076	706.827	66.076	0	0.0934826	sas_voromqa	706.827	1603.04
2jkr-1-2jkr_S-1-2jkr_P-1__receptor.pdb	2jkr-1-2jkr_S-1-2jkr_P-1__ligand.sdf	1200	73	760.48	-9.00766	-9.00766	760.48	-9.00766	0	-0.0118447	sas_voromqa	760.48	2097.8
2jld-3-2jld_A-1-2jld_E-1__receptor.pdb	2jld-3-2jld_A-1-2jld_E-1__ligand.sdf	2698	38	517.593	43.4364	43.4364	517.593	43.4364	0	0.08392	sas_voromqa	517.593	1187.1
2nph-1-2nph_A-1-2nph_T-1__receptor.pdb	2nph-1-2nph_A-1-2nph_T-1__ligand.sdf	759	37	469.873	-36.2438	-36.2438	469.873	-36.2438	0	-0.0771353	sas_voromqa	469.873	1090.65
2npm-1-2npm_B-1-2npm_Y-1__receptor.pdb	2npm-1-2npm_B-1-2npm_Y-1__ligand.sdf	1779	40	394.784	19.8957	18.7964	393.945	19.2976	0	0.0503964	sas_voromqa	394.784	1108.3
2nqa-1-2nqa_B-1-2nqa_D-1__receptor.pdb	2nqa-1-2nqa_B-1-2nqa_D-1__ligand.sdf	2500	30	530.166	-2.97637	-2.97637	530.166	-2.97637	0	-0.00561403	sas_voromqa	530.166	1075.18
2nqa-1-2nqa_B-1-2nqa_E-1__receptor.pdb	2nqa-1-2nqa_B-1-2nqa_E-1__ligand.sdf	2500	29	234.108	-9.43826	-9.43826	234.108	-9.43826	0	-0.0403158	sas_voromqa	234.108	804.423
2ns8-3-2ns8_A-2-2ns8_Z-2__receptor.pdb	2ns8-3-2ns8_A-2-2ns8_Z-2__ligand.sdf	1599	43	379.482	24.4383	24.4383	379.482	24.4383	0	0.0643991	sas_voromqa	379.482	1100.73
2nx5-3-2nx5_P-1-2nx5_H-1__receptor.pdb	2nx5-3-2nx5_P-1-2nx5_H-1__ligand.sdf	1936	86	1267.61	9.49498	9.49498	1267.61	9.49498	0	0.00749046	sas_voromqa	1267.61	2670.31
2o02-1-2o02_B-1-2o02_Q-1__receptor.pdb	2o02-1-2o02_B-1-2o02_Q-1__ligand.sdf	1842	68	410.93	-23.1223	-23.1223	410.93	-23.1223	0	-0.0562682	sas_voromqa	410.93	1673.94
2o4j-2-2o4j_A-1-2o4j_C-2__receptor.pdb	2o4j-2-2o4j_A-1-2o4j_C-2__ligand.sdf	1910	87	1214.12	88.8797	88.8797	1214.12	88.8797	0	0.073205	sas_voromqa	1214.12	2753.17
2obh-1-2obh_A-1-2obh_C-1__receptor.pdb	2obh-1-2obh_A-1-2obh_C-1__ligand.sdf	1150	140	1106.5	4.30021	4.30021	1106.5	4.30021	0	0.00388632	sas_voromqa	1106.5	3626.9
2obh-1-2obh_A-1-2obh_D-1__receptor.pdb	2obh-1-2obh_A-1-2obh_D-1__ligand.sdf	1150	151	2064.25	1.77146	1.77146	2064.25	1.77146	0	0.000858162	sas_voromqa	2064.25	4648.75
2od8-1-2od8_A-1-2od8_B-1__receptor.pdb	2od8-1-2od8_A-1-2od8_B-1__ligand.sdf	2003	92	910.823	57.3497	57.3497	910.823	57.3497	0	0.0629647	sas_voromqa	910.823	2563.1
2oi9-1-2oi9_B-1-2oi9_Q-1__receptor.pdb	2oi9-1-2oi9_B-1-2oi9_Q-1__ligand.sdf	856	75	1269.4	148.955	148.955	1269.4	148.955	0	0.117343	sas_voromqa	1269.4	2500.44
2oi9-1-2oi9_C-1-2oi9_Q-1__receptor.pdb	2oi9-1-2oi9_C-1-2oi9_Q-1__ligand.sdf	846	75	1218.92	164.794	164.794	1218.92	164.794	0	0.135197	sas_voromqa	1218.92	2431.67
2oju-1-2oju_B-1-2oju_D-1__receptor.pdb	2oju-1-2oju_B-1-2oju_D-1__ligand.sdf	1307	85	700.283	53.6499	53.6499	700.283	53.6499	0	0.0766117	sas_voromqa	700.283	2290.45
2opz-1-2opz_A-1-2opz_E-1__receptor.pdb	2opz-1-2opz_A-1-2opz_E-1__ligand.sdf	888	31	229.92	-7.24962	-7.24962	229.92	-7.24962	0	-0.0315311	sas_voromqa	229.92	768.129
2oq1-1-2oq1_A-1-2oq1_B-1__receptor.pdb	2oq1-1-2oq1_A-1-2oq1_B-1__ligand.sdf	1999	174	1626.81	-164.29	-164.29	1626.81	-164.29	0	-0.100989	sas_voromqa	1626.81	4633.23
2oqj-3-2oqj_J-1-2oqj_L-1__receptor.pdb	2oqj-3-2oqj_J-1-2oqj_L-1__ligand.sdf	1618	133	1493.82	-23.481	-23.481	1493.82	-23.481	0	-0.0157188	sas_voromqa	1493.82	3840.08
2oqj-3-2oqj_K-1-2oqj_L-1__receptor.pdb	2oqj-3-2oqj_K-1-2oqj_L-1__ligand.sdf	1675	133	1630.8	23.7101	23.7101	1630.8	23.7101	0	0.0145389	sas_voromqa	1630.8	3934.17
2or9-1-2or9_H-1-2or9_P-1__receptor.pdb	2or9-1-2or9_H-1-2or9_P-1__ligand.sdf	1698	92	780.074	-141.321	-141.321	780.074	-141.321	0	-0.181164	sas_voromqa	780.074	2364.94
2or9-1-2or9_L-1-2or9_P-1__receptor.pdb	2or9-1-2or9_L-1-2or9_P-1__ligand.sdf	1671	92	1397.11	-195.472	-195.472	1397.11	-195.472	0	-0.139912	sas_voromqa	1397.11	2888.5
2orz-1-2orz_A-1-2orz_B-1__receptor.pdb	2orz-1-2orz_A-1-2orz_B-1__ligand.sdf	2500	28	330.063	-0.902193	-0.902193	330.063	-0.902193	0	-0.0027334	sas_voromqa	330.063	812.973
2ot0-1-2ot0_B-1-2ot0_F-1__receptor.pdb	2ot0-1-2ot0_B-1-2ot0_F-1__ligand.sdf	2724	39	276.075	-18.3529	-18.3529	276.075	-18.3529	0	-0.0664779	sas_voromqa	276.075	974.186
2otu-3-2otu_E-1-2otu_R-1__receptor.pdb	2otu-3-2otu_E-1-2otu_R-1__ligand.sdf	875	95	1300.61	-43.7743	-43.7743	1300.61	-43.7743	0	-0.0336567	sas_voromqa	1300.61	2834.08
2otu-3-2otu_F-1-2otu_R-1__receptor.pdb	2otu-3-2otu_F-1-2otu_R-1__ligand.sdf	940	95	1333.69	-76.8335	-76.8335	1333.69	-76.8335	0	-0.0576097	sas_voromqa	1333.69	2867.12
2ovh-1-2ovh_A-1-2ovh_B-1__receptor.pdb	2ovh-1-2ovh_A-1-2ovh_B-1__ligand.sdf	1955	88	794.471	-8.30174	-8.30174	794.471	-8.30174	0	-0.0104494	sas_voromqa	794.471	2341.71
2ovr-1-2ovr_B-1-2ovr_C-1__receptor.pdb	2ovr-1-2ovr_B-1-2ovr_C-1__ligand.sdf	3495	65	789.533	-81.9799	-82.0151	789.506	-81.9991	0	-0.103833	sas_voromqa	789.533	1936.39
2oxw-1-2oxw_A-1-2oxw_X-1__receptor.pdb	2oxw-1-2oxw_A-1-2oxw_X-1__ligand.sdf	1238	17	116.174	16.0857	16.0857	116.174	16.0857	0	0.138462	sas_voromqa	116.174	438.613
2oxz-1-2oxz_A-1-2oxz_Y-1__receptor.pdb	2oxz-1-2oxz_A-1-2oxz_Y-1__ligand.sdf	1238	14	175.556	-27.2017	-27.2017	175.556	-27.2017	0	-0.154946	sas_voromqa	175.556	425.194
2oy2-1-2oy2_A-1-2oy2_W-1__receptor.pdb	2oy2-1-2oy2_A-1-2oy2_W-1__ligand.sdf	1240	18	110.839	-33.6676	-33.6676	110.839	-33.6676	0	-0.303752	sas_voromqa	110.839	457.727
2p0r-1-2p0r_B-1-2p0r_E-1__receptor.pdb	2p0r-1-2p0r_B-1-2p0r_E-1__ligand.sdf	2551	30	297.462	-20.1953	-20.1953	297.462	-20.1953	0	-0.067892	sas_voromqa	297.462	861.261
2p1o-1-2p1o_B-1-2p1o_C-1__receptor.pdb	2p1o-1-2p1o_B-1-2p1o_C-1__ligand.sdf	4495	114	1139.1	45.1173	45.1173	1139.1	45.1173	0	0.0396078	sas_voromqa	1139.1	3120.51
2pav-1-2pav_P-1-2pav_V-1__receptor.pdb	2pav-1-2pav_P-1-2pav_V-1__ligand.sdf	1046	82	1079.37	63.0617	63.0617	1079.37	63.0617	0	0.0584245	sas_voromqa	1079.37	2414.01
2pbk-1-2pbk_A-1-2pbk_D-1__receptor.pdb	2pbk-1-2pbk_A-1-2pbk_D-1__ligand.sdf	1764	51	362.075	23.6921	23.6847	362.07	23.6881	0	0.0654342	sas_voromqa	362.075	1304.66
2pc4-1-2pc4_D-1-2pc4_H-1__receptor.pdb	2pc4-1-2pc4_D-1-2pc4_H-1__ligand.sdf	2678	31	225.343	-23.1499	-23.1499	225.343	-23.1499	0	-0.102732	sas_voromqa	225.343	795.675
2pcu-1-2pcu_A-1-2pcu_B-1__receptor.pdb	2pcu-1-2pcu_A-1-2pcu_B-1__ligand.sdf	2416	54	408.266	-6.82508	-6.82508	408.266	-6.82508	0	-0.0167172	sas_voromqa	408.266	1343.67
2pem-1-2pem_B-1-2pem_R-1__receptor.pdb	2pem-1-2pem_B-1-2pem_R-1__ligand.sdf	883	55	698.448	33.9095	33.9095	698.448	33.9095	0	0.0485498	sas_voromqa	698.448	1676.67
2phk-1-2phk_A-1-2phk_B-1__receptor.pdb	2phk-1-2phk_A-1-2phk_B-1__ligand.sdf	2243	65	673.48	-37.3143	-37.3143	673.48	-37.3143	0	-0.0554052	sas_voromqa	673.48	1887.46
2phk-1-2phk_A-2-2phk_B-1__receptor.pdb	2phk-1-2phk_A-2-2phk_B-1__ligand.sdf	2243	65	948.968	28.3945	28.3945	948.968	28.3945	0	0.0299215	sas_voromqa	948.968	2003.68
2pie-1-2pie_A-1-2pie_F-1__receptor.pdb	2pie-1-2pie_A-1-2pie_F-1__ligand.sdf	1053	70	821.394	-101.169	-105.153	818.353	-103.337	0	-0.123167	sas_voromqa	821.394	1961.83
2poy-3-2poy_C-1-2poy_V-1__receptor.pdb	2poy-3-2poy_C-1-2poy_V-1__ligand.sdf	1265	85	685.632	51.1666	51.1666	685.632	51.1666	0	0.0746269	sas_voromqa	685.632	2244.08
2psx-1-2psx_A-1-2psx_B-1__receptor.pdb	2psx-1-2psx_A-1-2psx_B-1__ligand.sdf	1763	30	200.742	16.5628	16.5628	200.742	16.5628	0	0.0825079	sas_voromqa	200.742	770.474
2puq-1-2puq_H-1-2puq_I-1__receptor.pdb	2puq-1-2puq_H-1-2puq_I-1__ligand.sdf	1917	31	190.319	37.2954	37.2954	190.319	37.2954	0	0.195963	sas_voromqa	190.319	735.335
2pux-1-2pux_B-1-2pux_C-1__receptor.pdb	2pux-1-2pux_B-1-2pux_C-1__ligand.sdf	2109	111	1064.57	-34.1592	-34.1592	1064.57	-34.1592	0	-0.0320873	sas_voromqa	1064.57	3002.28
2puy-1-2puy_B-1-2puy_E-1__receptor.pdb	2puy-1-2puy_B-1-2puy_E-1__ligand.sdf	474	80	1045.9	-99.3857	-99.3857	1045.9	-99.3857	0	-0.0950241	sas_voromqa	1045.9	2383.3
2pv1-1-2pv1_A-1-2pv1_B-1__receptor.pdb	2pv1-1-2pv1_A-1-2pv1_B-1__ligand.sdf	773	66	493.185	-48.4664	-48.4664	493.185	-48.4664	0	-0.0982723	sas_voromqa	493.185	1612.77
2pvf-1-2pvf_A-1-2pvf_B-1__receptor.pdb	2pvf-1-2pvf_A-1-2pvf_B-1__ligand.sdf	2236	34	324.077	16.8048	16.8048	324.077	16.8048	0	0.0518543	sas_voromqa	324.077	943.464
2pxy-1-2pxy_A-1-2pxy_P-1__receptor.pdb	2pxy-1-2pxy_A-1-2pxy_P-1__ligand.sdf	886	85	1434.82	-44.9779	-44.9779	1434.82	-44.9779	0	-0.0313474	sas_voromqa	1434.82	2759.49
2pxy-1-2pxy_B-1-2pxy_P-1__receptor.pdb	2pxy-1-2pxy_B-1-2pxy_P-1__ligand.sdf	850	85	1508.33	-17.4691	-17.4691	1508.33	-17.4691	0	-0.0115817	sas_voromqa	1508.33	2810.82
2pxy-1-2pxy_C-1-2pxy_P-1__receptor.pdb	2pxy-1-2pxy_C-1-2pxy_P-1__ligand.sdf	1471	85	1103.51	-78.6576	-78.6576	1103.51	-78.6576	0	-0.0712795	sas_voromqa	1103.51	2495.83
2q0n-1-2q0n_A-1-2q0n_B-1__receptor.pdb	2q0n-1-2q0n_A-1-2q0n_B-1__ligand.sdf	2258	115	1040.09	-77.0909	-77.0909	1040.09	-77.0909	0	-0.0741195	sas_voromqa	1040.09	3008.99
2q3c-1-2q3c_A-1-2q3c_B-1__receptor.pdb	2q3c-1-2q3c_A-1-2q3c_B-1__ligand.sdf	2212	34	123.584	-2.90929	-2.90929	123.584	-2.90929	0	-0.023541	sas_voromqa	123.584	762.131
2q3y-1-2q3y_A-1-2q3y_B-1__receptor.pdb	2q3y-1-2q3y_A-1-2q3y_B-1__ligand.sdf	1991	74	550.394	43.0873	43.0873	550.394	43.0873	0	0.0782845	sas_voromqa	550.394	1848.9
2q3z-1-2q3z_A-1-2q3z_X-1__receptor.pdb	2q3z-1-2q3z_A-1-2q3z_X-1__ligand.sdf	5186	46	255.203	8.28404	8.28404	255.203	8.28404	0	0.0324606	sas_voromqa	255.203	1088.87
2q3z-2-2q3z_A-1-2q3z_X-2__receptor.pdb	2q3z-2-2q3z_A-1-2q3z_X-2__ligand.sdf	5186	46	790.853	152.903	152.903	790.853	152.903	0	0.193339	sas_voromqa	790.853	1555.61
2q5y-1-2q5y_A-1-2q5y_B-1__receptor.pdb	2q5y-1-2q5y_A-1-2q5y_B-1__ligand.sdf	1211	24	179.837	15.1188	15.1188	179.837	15.1188	0	0.0840695	sas_voromqa	179.837	573.143
2qa9-1-2qa9_E-2-2qa9_I-2__receptor.pdb	2qa9-1-2qa9_E-2-2qa9_I-2__ligand.sdf	1309	34	228.932	-10.3352	-10.3352	228.932	-10.3352	0	-0.0451453	sas_voromqa	228.932	814.866
2qas-1-2qas_A-1-2qas_B-1__receptor.pdb	2qas-1-2qas_A-1-2qas_B-1__ligand.sdf	934	73	776.146	61.6966	61.6966	776.146	61.6966	0	0.079491	sas_voromqa	776.146	1958.86
2qbw-1-2qbw_A-1-2qbw_B-1__receptor.pdb	2qbw-1-2qbw_A-1-2qbw_B-1__ligand.sdf	1454	66	379.546	4.70891	4.70891	379.546	4.70891	0	0.0124067	sas_voromqa	379.546	1509.09
2qbx-3-2qbx_A-1-2qbx_P-1__receptor.pdb	2qbx-3-2qbx_A-1-2qbx_P-1__ligand.sdf	1405	80	534.212	41.3052	41.3052	534.212	41.3052	0	0.0773199	sas_voromqa	534.212	1907.35
2qhr-1-2qhr_H-1-2qhr_P-1__receptor.pdb	2qhr-1-2qhr_H-1-2qhr_P-1__ligand.sdf	1683	99	1088.64	-136.967	-136.967	1088.64	-136.967	0	-0.125815	sas_voromqa	1088.64	2689.02
2qic-1-2qic_A-1-2qic_B-1__receptor.pdb	2qic-1-2qic_A-1-2qic_B-1__ligand.sdf	410	67	803.356	-49.8867	-49.8867	803.356	-49.8867	0	-0.0620979	sas_voromqa	803.356	1953.94
2ql9-1-2ql9_B-1-2ql9_G-1__receptor.pdb	2ql9-1-2ql9_B-1-2ql9_G-1__ligand.sdf	758	37	618.76	-59.3495	-59.3495	618.76	-59.3495	0	-0.0959168	sas_voromqa	618.76	1198.89
2ql9-1-2ql9_C-1-2ql9_F-1__receptor.pdb	2ql9-1-2ql9_C-1-2ql9_F-1__ligand.sdf	1100	36	546.958	-21.5536	-21.5536	546.958	-21.5536	0	-0.0394063	sas_voromqa	546.958	1152.58
2ql9-1-2ql9_D-1-2ql9_F-1__receptor.pdb	2ql9-1-2ql9_D-1-2ql9_F-1__ligand.sdf	758	36	339.793	-26.5417	-26.5417	339.793	-26.5417	0	-0.0781114	sas_voromqa	339.793	976.896
2qll-1-2qll_A-1-2qll_B-1__receptor.pdb	2qll-1-2qll_A-1-2qll_B-1__ligand.sdf	6519	36	260.899	40.1205	40.1205	260.899	40.1205	0	0.153778	sas_voromqa	260.899	900.401
2qll-1-2qll_A-1-2qll_B-2__receptor.pdb	2qll-1-2qll_A-1-2qll_B-2__ligand.sdf	6519	36	594.241	97.9744	97.9744	594.241	97.9744	0	0.164873	sas_voromqa	594.241	1152.03
2qn6-1-2qn6_A-1-2qn6_C-1__receptor.pdb	2qn6-1-2qn6_A-1-2qn6_C-1__ligand.sdf	3044	153	1188.73	-90.6787	-90.6787	1188.73	-90.6787	0	-0.076282	sas_voromqa	1188.73	3805.04
2qos-1-2qos_C-1-2qos_A-1__receptor.pdb	2qos-1-2qos_C-1-2qos_A-1__ligand.sdf	1340	97	485.314	-70.6814	-70.6814	485.314	-70.6814	0	-0.145641	sas_voromqa	485.314	2224.69
2qqs-2-2qqs_B-1-2qqs_C-1__receptor.pdb	2qqs-2-2qqs_B-1-2qqs_C-1__ligand.sdf	869	51	683.477	-51.5459	-51.5459	683.477	-51.5459	0	-0.0754172	sas_voromqa	683.477	1546.06
2qsc-1-2qsc_H-1-2qsc_P-1__receptor.pdb	2qsc-1-2qsc_H-1-2qsc_P-1__ligand.sdf	1587	125	1295.86	-47.2149	-47.2149	1295.86	-47.2149	0	-0.0364352	sas_voromqa	1295.86	3493.62
2qsc-1-2qsc_L-1-2qsc_P-1__receptor.pdb	2qsc-1-2qsc_L-1-2qsc_P-1__ligand.sdf	1641	125	1424.68	-15.6682	-15.6682	1424.68	-15.6682	0	-0.0109977	sas_voromqa	1424.68	3559.97
2qt5-1-2qt5_A-1-2qt5_X-1__receptor.pdb	2qt5-1-2qt5_A-1-2qt5_X-1__ligand.sdf	1467	28	180.388	-8.31647	-8.31647	180.388	-8.31647	0	-0.0461032	sas_voromqa	180.388	674.099
2qyf-1-2qyf_A-1-2qyf_E-1__receptor.pdb	2qyf-1-2qyf_A-1-2qyf_E-1__ligand.sdf	1581	96	684.967	37.286	37.286	684.967	37.286	0	0.0544347	sas_voromqa	684.967	2317.3
2qzx-3-2qzx_B-1-2qzx_D-1__receptor.pdb	2qzx-3-2qzx_B-1-2qzx_D-1__ligand.sdf	2623	48	235.033	0.184787	0.184787	235.033	0.184787	0	0.000786217	sas_voromqa	235.033	1177.14
2r0l-1-2r0l_A-1-2r0l_B-1__receptor.pdb	2r0l-1-2r0l_A-1-2r0l_B-1__ligand.sdf	1824	78	1101.39	-68.8633	-68.8633	1101.39	-68.8633	0	-0.062524	sas_voromqa	1101.39	2427.52
2r0y-1-2r0y_A-1-2r0y_B-1__receptor.pdb	2r0y-1-2r0y_A-1-2r0y_B-1__ligand.sdf	2327	12	145.93	-3.12066	-3.12066	145.93	-3.12066	0	-0.0213846	sas_voromqa	145.93	387.03
2r5m-1-2r5m_A-1-2r5m_L-1__receptor.pdb	2r5m-1-2r5m_A-1-2r5m_L-1__ligand.sdf	1661	28	433.166	-67.3788	-67.3788	433.166	-67.3788	0	-0.15555	sas_voromqa	433.166	913.211
2r7g-1-2r7g_A-1-2r7g_E-1__receptor.pdb	2r7g-1-2r7g_A-1-2r7g_E-1__ligand.sdf	2760	76	812.931	69.2812	69.2812	812.931	69.2812	0	0.085224	sas_voromqa	812.931	2088.88
2r7g-1-2r7g_C-1-2r7g_D-1__receptor.pdb	2r7g-1-2r7g_C-1-2r7g_D-1__ligand.sdf	2771	84	388.555	3.65594	3.65594	388.555	3.65594	0	0.00940907	sas_voromqa	388.555	1942.71
2r9q-1-2r9q_B-1-2r9q_X-1__receptor.pdb	2r9q-1-2r9q_B-1-2r9q_X-1__ligand.sdf	2607	44	762.152	87.702	87.702	762.152	87.702	0	0.115072	sas_voromqa	762.152	1513.49
2r9q-1-2r9q_C-1-2r9q_X-1__receptor.pdb	2r9q-1-2r9q_C-1-2r9q_X-1__ligand.sdf	2493	44	460.13	49.6751	49.6751	460.13	49.6751	0	0.107959	sas_voromqa	460.13	1236.48
2r9q-3-2r9q_B-1-2r9q_Y-1__receptor.pdb	2r9q-3-2r9q_B-1-2r9q_Y-1__ligand.sdf	2607	59	506.896	36.4135	36.4135	506.896	36.4135	0	0.0718362	sas_voromqa	506.896	1660.62
2rd4-3-2rd4_A-1-2rd4_C-1__receptor.pdb	2rd4-3-2rd4_A-1-2rd4_C-1__ligand.sdf	916	42	677.152	150.303	150.303	677.152	150.303	0	0.221963	sas_voromqa	677.152	1416.25
2rd4-3-2rd4_B-1-2rd4_C-1__receptor.pdb	2rd4-3-2rd4_B-1-2rd4_C-1__ligand.sdf	922	42	215.721	33.3134	33.3134	215.721	33.3134	0	0.154428	sas_voromqa	215.721	972.857
2rdl-3-2rdl_B-1-2rdl_J-1__receptor.pdb	2rdl-3-2rdl_B-1-2rdl_J-1__ligand.sdf	1779	31	239.103	17.7954	17.7954	239.103	17.7954	0	0.0744257	sas_voromqa	239.103	779.33
2rem-3-2rem_C-1-2rem_T-1__receptor.pdb	2rem-3-2rem_C-1-2rem_T-1__ligand.sdf	1488	38	413.312	26.6004	26.6004	413.312	26.6004	0	0.0643591	sas_voromqa	413.312	1073.75
2rhi-1-2rhi_A-1-2rhi_B-1__receptor.pdb	2rhi-1-2rhi_A-1-2rhi_B-1__ligand.sdf	2621	28	383.951	-25.5497	-25.5497	383.951	-25.5497	0	-0.0665442	sas_voromqa	383.951	893.835
2ri7-1-2ri7_A-1-2ri7_P-1__receptor.pdb	2ri7-1-2ri7_A-1-2ri7_P-1__ligand.sdf	1380	50	467.368	2.44416	2.44416	467.368	2.44416	0	0.00522963	sas_voromqa	467.368	1375.38
2rje-3-2rje_B-1-2rje_P-1__receptor.pdb	2rje-3-2rje_B-1-2rje_P-1__ligand.sdf	2545	86	1468.45	-60.5958	-60.5958	1468.45	-60.5958	0	-0.0412651	sas_voromqa	1468.45	2928.04
2rl0-3-2rl0_D-1-2rl0_E-1__receptor.pdb	2rl0-3-2rl0_D-1-2rl0_E-1__ligand.sdf	696	127	1207.63	-79.9019	-79.9019	1207.63	-79.9019	0	-0.0661642	sas_voromqa	1207.63	3404.75
2rma-1-2rma_C-1-2rma_F-1__receptor.pdb	2rma-1-2rma_C-1-2rma_F-1__ligand.sdf	1266	85	1070.41	90.254	90.254	1070.41	90.254	0	0.0843172	sas_voromqa	1070.41	2637.83
2rma-1-2rma_I-1-2rma_T-1__receptor.pdb	2rma-1-2rma_I-1-2rma_T-1__ligand.sdf	1266	85	1021.02	88.9302	88.9302	1021.02	88.9302	0	0.0870994	sas_voromqa	1021.02	2627.24
2rmc-3-2rmc_E-1-2rmc_F-1__receptor.pdb	2rmc-3-2rmc_E-1-2rmc_F-1__ligand.sdf	1397	85	691.966	53.4	53.4	691.966	53.4	0	0.0771714	sas_voromqa	691.966	2274.24
2rmp-1-2rmp_A-1-2rmp_B-1__receptor.pdb	2rmp-1-2rmp_A-1-2rmp_B-1__ligand.sdf	2665	48	241.193	-15.8168	-15.8168	241.193	-15.8168	0	-0.0655774	sas_voromqa	241.193	1183.1
2v17-1-2v17_H-1-2v17_A-1__receptor.pdb	2v17-1-2v17_H-1-2v17_A-1__ligand.sdf	1650	44	599.347	-52.0102	-52.0102	599.347	-52.0102	0	-0.0867781	sas_voromqa	599.347	1320.52
2v17-1-2v17_L-1-2v17_A-1__receptor.pdb	2v17-1-2v17_L-1-2v17_A-1__ligand.sdf	1671	44	588.776	-65.7961	-65.7961	588.776	-65.7961	0	-0.111751	sas_voromqa	588.776	1322.22
2v1r-1-2v1r_A-1-2v1r_Q-1__receptor.pdb	2v1r-1-2v1r_A-1-2v1r_Q-1__ligand.sdf	548	61	919.894	94.241	94.241	919.894	94.241	0	0.102448	sas_voromqa	919.894	1915.92
2v1r-1-2v1r_A-1-2v1r_R-1__receptor.pdb	2v1r-1-2v1r_A-1-2v1r_R-1__ligand.sdf	548	37	548.316	75.0025	75.0025	548.316	75.0025	0	0.136787	sas_voromqa	548.316	1194.97
2v1t-1-2v1t_A-1-2v1t_C-1__receptor.pdb	2v1t-1-2v1t_A-1-2v1t_C-1__ligand.sdf	556	90	901.184	-85.7244	-85.7244	901.184	-85.7244	0	-0.0951242	sas_voromqa	901.184	2486.89
2v2f-1-2v2f_F-1-2v2f_A-1__receptor.pdb	2v2f-1-2v2f_F-1-2v2f_A-1__ligand.sdf	2864	121	839.979	-14.9747	-14.9747	839.979	-14.9747	0	-0.0178275	sas_voromqa	839.979	2953.17
2v3s-1-2v3s_A-1-2v3s_D-1__receptor.pdb	2v3s-1-2v3s_A-1-2v3s_D-1__ligand.sdf	714	42	436.321	4.14936	4.14936	436.321	4.14936	0	0.00950988	sas_voromqa	436.321	1158.88
2v3z-1-2v3z_A-4-2v3z_B-4__receptor.pdb	2v3z-1-2v3z_A-4-2v3z_B-4__ligand.sdf	3489	23	108.786	-18.8191	-18.8191	108.786	-18.8191	0	-0.172992	sas_voromqa	108.786	563.757
2v5f-1-2v5f_A-1-2v5f_X-1__receptor.pdb	2v5f-1-2v5f_A-1-2v5f_X-1__ligand.sdf	799	60	518.164	56.1665	56.1665	518.164	56.1665	0	0.108395	sas_voromqa	518.164	1517.41
2v5w-2-2v5w_B-1-2v5w_G-1__receptor.pdb	2v5w-2-2v5w_B-1-2v5w_G-1__ligand.sdf	2855	12	155.437	11.5684	11.5684	155.437	11.5684	0	0.074425	sas_voromqa	155.437	368.323
2v83-1-2v83_C-1-2v83_D-1__receptor.pdb	2v83-1-2v83_C-1-2v83_D-1__ligand.sdf	579	77	1292.72	-70.7223	-70.7223	1292.72	-70.7223	0	-0.0547081	sas_voromqa	1292.72	2574.81
2v89-1-2v89_A-1-2v89_E-1__receptor.pdb	2v89-1-2v89_A-1-2v89_E-1__ligand.sdf	627	76	844.433	-83.8393	-83.8393	844.433	-83.8393	0	-0.0992847	sas_voromqa	844.433	2188.56
2v8f-1-2v8f_B-1-2v8f_C-1__receptor.pdb	2v8f-1-2v8f_B-1-2v8f_C-1__ligand.sdf	1035	114	1699.76	55.0757	55.0757	1699.76	55.0757	0	0.032402	sas_voromqa	1699.76	3529.5
2vif-1-2vif_A-1-2vif_P-1__receptor.pdb	2vif-1-2vif_A-1-2vif_P-1__ligand.sdf	1037	81	477.888	-34.9734	-34.9734	477.888	-34.9734	0	-0.0731833	sas_voromqa	477.888	1892.56
2vj0-1-2vj0_A-1-2vj0_P-1__receptor.pdb	2vj0-1-2vj0_A-1-2vj0_P-1__ligand.sdf	1949	63	628.269	20.6046	20.6046	628.269	20.6046	0	0.0327958	sas_voromqa	628.269	1652.76
2vkn-1-2vkn_A-1-2vkn_C-1__receptor.pdb	2vkn-1-2vkn_A-1-2vkn_C-1__ligand.sdf	539	76	976.577	-51.0437	-57.9345	971.317	-54.793	0	-0.052268	sas_voromqa	976.577	2276.21
2vnf-1-2vnf_A-1-2vnf_B-1__receptor.pdb	2vnf-1-2vnf_A-1-2vnf_B-1__ligand.sdf	389	51	508.156	12.6628	12.6628	508.156	12.6628	0	0.0249191	sas_voromqa	508.156	1421.9
2vpg-1-2vpg_A-1-2vpg_P-1__receptor.pdb	2vpg-1-2vpg_A-1-2vpg_P-1__ligand.sdf	455	57	528.268	20.6571	20.6571	528.268	20.6571	0	0.0391034	sas_voromqa	528.268	1547.09
2vr3-1-2vr3_A-1-2vr3_C-1__receptor.pdb	2vr3-1-2vr3_A-1-2vr3_C-1__ligand.sdf	2269	70	460.143	0.0278213	0.0278213	460.143	0.0278213	0	6.04623e-05	sas_voromqa	460.143	1695.61
2vwf-1-2vwf_A-1-2vwf_B-1__receptor.pdb	2vwf-1-2vwf_A-1-2vwf_B-1__ligand.sdf	455	115	1239.86	1.55525	1.55525	1239.86	1.55525	0	0.00125438	sas_voromqa	1239.86	3193.71
2vzg-1-2vzg_B-1-2vzg_A-1__receptor.pdb	2vzg-1-2vzg_B-1-2vzg_A-1__ligand.sdf	1030	119	1296.22	-83.453	-83.453	1296.22	-83.453	0	-0.0643818	sas_voromqa	1296.22	3397.78
2w0p-1-2w0p_B-1-2w0p_C-1__receptor.pdb	2w0p-1-2w0p_B-1-2w0p_C-1__ligand.sdf	684	68	856.081	17.4186	17.4186	856.081	17.4186	0	0.0203469	sas_voromqa	856.081	2016.73
2w16-2-2w16_B-1-2w16_C-1__receptor.pdb	2w16-2-2w16_B-1-2w16_C-1__ligand.sdf	5994	95	591.224	-9.3158	-9.3158	591.224	-9.3158	0	-0.0157568	sas_voromqa	591.224	2201.53
2w2u-1-2w2u_A-1-2w2u_C-1__receptor.pdb	2w2u-1-2w2u_A-1-2w2u_C-1__ligand.sdf	598	91	837.44	-51.8856	-51.8856	837.44	-51.8856	0	-0.0619574	sas_voromqa	837.44	2479.93
2w3o-1-2w3o_A-1-2w3o_C-1__receptor.pdb	2w3o-1-2w3o_A-1-2w3o_C-1__ligand.sdf	747	68	797.228	-47.2632	-177.507	697.798	-118.128	0	-0.0592844	sas_voromqa	797.228	1880.3
2w44-1-2w44_D-2-2w44_A-2__receptor.pdb	2w44-1-2w44_D-2-2w44_A-2__ligand.sdf	219	143	1811.32	153.259	97.9759	1769.12	123.18	0	0.0846118	sas_voromqa	1811.32	4219.7
2w44-1-2w44_F-2-2w44_E-2__receptor.pdb	2w44-1-2w44_F-2-2w44_E-2__ligand.sdf	223	143	1450.22	92.3056	92.3056	1450.22	92.3056	0	0.0636494	sas_voromqa	1450.22	3871.99
2w5z-1-2w5z_A-1-2w5z_C-1__receptor.pdb	2w5z-1-2w5z_A-1-2w5z_C-1__ligand.sdf	1418	68	384.094	-9.88479	-9.88479	384.094	-9.88479	0	-0.0257353	sas_voromqa	384.094	1604.33
2w65-1-2w65_A-1-2w65_E-1__receptor.pdb	2w65-1-2w65_A-1-2w65_E-1__ligand.sdf	1603	62	593.428	-24.0126	-24.0126	593.428	-24.0126	0	-0.0404642	sas_voromqa	593.428	1658.95
2w73-2-2w73_E-1-2w73_M-1__receptor.pdb	2w73-2-2w73_E-1-2w73_M-1__ligand.sdf	1143	136	1176.95	79.2833	79.2833	1176.95	79.2833	0	0.0673634	sas_voromqa	1176.95	3624.53
2w73-2-2w73_E-1-2w73_O-1__receptor.pdb	2w73-2-2w73_E-1-2w73_O-1__ligand.sdf	1143	137	1249.47	-110.572	-110.572	1249.47	-110.572	0	-0.0884951	sas_voromqa	1249.47	3688.91
2wby-1-2wby_A-1-2wby_D-1__receptor.pdb	2wby-1-2wby_A-1-2wby_D-1__ligand.sdf	7813	143	1124.63	180.646	180.646	1124.63	180.646	0	0.160627	sas_voromqa	1124.63	3822.45
2wby-1-2wby_C-1-2wby_D-1__receptor.pdb	2wby-1-2wby_C-1-2wby_D-1__ligand.sdf	155	143	1503.32	135.792	135.792	1503.32	135.792	0	0.0903281	sas_voromqa	1503.32	4002.75
2wfj-1-2wfj_A-1-2wfj_B-1__receptor.pdb	2wfj-1-2wfj_A-1-2wfj_B-1__ligand.sdf	1343	85	674.776	48.7906	48.7906	674.776	48.7906	0	0.0723064	sas_voromqa	674.776	2224.6
2whx-1-2whx_A-1-2whx_C-1__receptor.pdb	2whx-1-2whx_A-1-2whx_C-1__ligand.sdf	4584	109	970.062	-99.29	-99.29	970.062	-99.29	0	-0.102354	sas_voromqa	970.062	2915.64
2why-1-2why_A-1-2why_B-1__receptor.pdb	2why-1-2why_A-1-2why_B-1__ligand.sdf	2136	64	303.844	59.5141	59.5141	303.844	59.5141	0	0.195871	sas_voromqa	303.844	1311.66
2wo6-1-2wo6_B-1-2wo6_C-1__receptor.pdb	2wo6-1-2wo6_B-1-2wo6_C-1__ligand.sdf	2750	54	506.436	38.6043	38.6043	506.436	38.6043	0	0.0762274	sas_voromqa	506.436	1516.87
2wok-1-2wok_A-1-2wok_B-1__receptor.pdb	2wok-1-2wok_A-1-2wok_B-1__ligand.sdf	4308	51	594.29	6.5431	6.5431	594.29	6.5431	0	0.0110099	sas_voromqa	594.29	1482.09
2wp1-1-2wp1_A-1-2wp1_P-1__receptor.pdb	2wp1-1-2wp1_A-1-2wp1_P-1__ligand.sdf	996	58	618.362	-21.8028	-21.8028	618.362	-21.8028	0	-0.035259	sas_voromqa	618.362	1686.02
2wp2-2-2wp2_B-1-2wp2_Q-1__receptor.pdb	2wp2-2-2wp2_B-1-2wp2_Q-1__ligand.sdf	919	73	839.258	-26.8166	-26.8166	839.258	-26.8166	0	-0.0319527	sas_voromqa	839.258	2142.33
2wph-1-2wph_S-1-2wph_L-1__receptor.pdb	2wph-1-2wph_S-1-2wph_L-1__ligand.sdf	1836	30	174.956	58.4858	58.4858	174.956	58.4858	0	0.334289	sas_voromqa	174.956	697.015
2wuc-1-2wuc_A-1-2wuc_I-1__receptor.pdb	2wuc-1-2wuc_A-1-2wuc_I-1__ligand.sdf	1825	41	323.7	7.73193	7.73193	323.7	7.73193	0	0.0238861	sas_voromqa	323.7	1092.47
2wv4-1-2wv4_B-1-2wv4_D-1__receptor.pdb	2wv4-1-2wv4_B-1-2wv4_D-1__ligand.sdf	1386	73	527.468	65.8985	65.8985	527.468	65.8985	0	0.124934	sas_voromqa	527.468	1835.68
2x04-1-2x04_B-1-2x04_D-1__receptor.pdb	2x04-1-2x04_B-1-2x04_D-1__ligand.sdf	593	119	1089.5	-18.5353	-18.5353	1089.5	-18.5353	0	-0.0170127	sas_voromqa	1089.5	3092.24
2x4w-1-2x4w_A-1-2x4w_B-1__receptor.pdb	2x4w-1-2x4w_A-1-2x4w_B-1__ligand.sdf	1023	94	918.119	37.226	37.226	918.119	37.226	0	0.0405459	sas_voromqa	918.119	2581.52
2x6m-1-2x6m_A-1-2x6m_B-1__receptor.pdb	2x6m-1-2x6m_A-1-2x6m_B-1__ligand.sdf	942	51	587.959	27.723	27.723	587.959	27.723	0	0.0471512	sas_voromqa	587.959	1392.95
2x7k-1-2x7k_A-1-2x7k_B-1__receptor.pdb	2x7k-1-2x7k_A-1-2x7k_B-1__ligand.sdf	1270	85	686.099	48.4692	48.4692	686.099	48.4692	0	0.0706446	sas_voromqa	686.099	2243.48
2xad-3-2xad_C-1-2xad_G-1__receptor.pdb	2xad-3-2xad_C-1-2xad_G-1__ligand.sdf	1984	132	794.106	69.3826	69.1515	793.929	69.2568	0	0.087372	sas_voromqa	794.106	3019.19
2xap-2-2xap_C-1-2xap_F-1__receptor.pdb	2xap-2-2xap_C-1-2xap_F-1__ligand.sdf	5792	129	1180.87	-161.108	-161.108	1180.87	-161.108	0	-0.136432	sas_voromqa	1180.87	3407.22
2xap-2-2xap_C-1-2xap_F-2__receptor.pdb	2xap-2-2xap_C-1-2xap_F-2__ligand.sdf	5792	129	1876.82	-95.2022	-95.2022	1876.82	-95.2022	0	-0.0507253	sas_voromqa	1876.82	3980.25
2xcb-1-2xcb_A-2-2xcb_C-2__receptor.pdb	2xcb-1-2xcb_A-2-2xcb_C-2__ligand.sdf	1027	60	629.066	-52.2195	-52.2195	629.066	-52.2195	0	-0.0830112	sas_voromqa	629.066	1677.98
2xdw-1-2xdw_A-1-2xdw_P-1__receptor.pdb	2xdw-1-2xdw_A-1-2xdw_P-1__ligand.sdf	5701	25	100.67	32.7138	32.7138	100.67	32.7138	0	0.324961	sas_voromqa	100.67	531.03
2xe4-1-2xe4_A-1-2xe4_B-1__receptor.pdb	2xe4-1-2xe4_A-1-2xe4_B-1__ligand.sdf	5766	43	302.95	25.1934	25.1934	302.95	25.1934	0	0.0831603	sas_voromqa	302.95	1102.46
2xfx-1-2xfx_A-1-2xfx_C-1__receptor.pdb	2xfx-1-2xfx_A-1-2xfx_C-1__ligand.sdf	2273	90	374.043	-21.0674	-21.0674	374.043	-21.0674	0	-0.0563235	sas_voromqa	374.043	2036.96
2xhs-1-2xhs_A-1-2xhs_B-1__receptor.pdb	2xhs-1-2xhs_A-1-2xhs_B-1__ligand.sdf	1882	69	637.53	-42.8096	-42.8096	637.53	-42.8096	0	-0.0671492	sas_voromqa	637.53	1810.1
2xn9-1-2xn9_C-1-2xn9_F-1__receptor.pdb	2xn9-1-2xn9_C-1-2xn9_F-1__ligand.sdf	1748	105	1859.76	176.684	176.684	1859.76	176.684	0	0.0950037	sas_voromqa	1859.76	3599.33
2xpo-2-2xpo_C-1-2xpo_D-1__receptor.pdb	2xpo-2-2xpo_C-1-2xpo_D-1__ligand.sdf	1108	125	999.014	51.5868	51.5868	999.014	51.5868	0	0.0516377	sas_voromqa	999.014	3244.37
2xqq-3-2xqq_B-2-2xqq_H-1__receptor.pdb	2xqq-3-2xqq_B-2-2xqq_H-1__ligand.sdf	727	57	1032.5	-114.467	-114.467	1032.5	-114.467	0	-0.110864	sas_voromqa	1032.5	1902.41
2xqq-3-2xqq_D-1-2xqq_H-1__receptor.pdb	2xqq-3-2xqq_D-1-2xqq_H-1__ligand.sdf	691	57	565.362	-76.377	-76.377	565.362	-76.377	0	-0.135094	sas_voromqa	565.362	1538.8
2xrw-1-2xrw_A-1-2xrw_B-1__receptor.pdb	2xrw-1-2xrw_A-1-2xrw_B-1__ligand.sdf	2807	100	1081.91	-40.7616	-40.7616	1081.91	-40.7616	0	-0.0376756	sas_voromqa	1081.91	2760.66
2xs1-1-2xs1_A-1-2xs1_B-1__receptor.pdb	2xs1-1-2xs1_A-1-2xs1_B-1__ligand.sdf	5486	128	1171.35	-77.4785	-77.4785	1171.35	-77.4785	0	-0.0661446	sas_voromqa	1171.35	3469.29
2xvc-1-2xvc_A-1-2xvc_B-1__receptor.pdb	2xvc-1-2xvc_A-1-2xvc_B-1__ligand.sdf	457	99	1112.22	63.6877	63.6877	1112.22	63.6877	0	0.0572618	sas_voromqa	1112.22	2857.73
2xyi-1-2xyi_A-1-2xyi_B-1__receptor.pdb	2xyi-1-2xyi_A-1-2xyi_B-1__ligand.sdf	3050	108	674.572	-56.1619	-56.1619	674.572	-56.1619	0	-0.0832556	sas_voromqa	674.572	2646.22
2xzq-1-2xzq_H-1-2xzq_P-1__receptor.pdb	2xzq-1-2xzq_H-1-2xzq_P-1__ligand.sdf	1635	74	1129.84	54.3152	46.9124	1124.19	50.2873	0	0.0480734	sas_voromqa	1129.84	2334.46
2xzq-1-2xzq_L-1-2xzq_P-1__receptor.pdb	2xzq-1-2xzq_L-1-2xzq_P-1__ligand.sdf	1598	74	883.554	67.2641	1.1237	833.062	31.2771	0	0.076129	sas_voromqa	883.554	2094.97
2y06-1-2y06_H-1-2y06_P-1__receptor.pdb	2y06-1-2y06_H-1-2y06_P-1__ligand.sdf	1619	66	837.898	41.1611	41.1611	837.898	41.1611	0	0.0491242	sas_voromqa	837.898	1890.58
2y07-1-2y07_H-1-2y07_P-1__receptor.pdb	2y07-1-2y07_H-1-2y07_P-1__ligand.sdf	1619	52	625.617	96.8144	96.8144	625.617	96.8144	0	0.15475	sas_voromqa	625.617	1445.29
2y07-1-2y07_L-1-2y07_P-1__receptor.pdb	2y07-1-2y07_L-1-2y07_P-1__ligand.sdf	1585	52	598.255	114.145	114.145	598.255	114.145	0	0.190797	sas_voromqa	598.255	1430.25
2y1n-1-2y1n_C-1-2y1n_D-1__receptor.pdb	2y1n-1-2y1n_C-1-2y1n_D-1__ligand.sdf	3082	69	673.108	12.6995	12.6995	673.108	12.6995	0	0.018867	sas_voromqa	673.108	1816.24
2y36-1-2y36_H-1-2y36_P-1__receptor.pdb	2y36-1-2y36_H-1-2y36_P-1__ligand.sdf	1632	77	869.185	33.2037	33.2037	869.185	33.2037	0	0.038201	sas_voromqa	869.185	2155.26
2y36-1-2y36_L-1-2y36_P-1__receptor.pdb	2y36-1-2y36_L-1-2y36_P-1__ligand.sdf	1585	77	1045.65	84.2217	84.2217	1045.65	84.2217	0	0.0805448	sas_voromqa	1045.65	2321.23
2y4v-1-2y4v_A-1-2y4v_B-1__receptor.pdb	2y4v-1-2y4v_A-1-2y4v_B-1__ligand.sdf	1079	122	582.269	14.9344	14.9344	582.269	14.9344	0	0.0256486	sas_voromqa	582.269	2875.92
2y65-3-2y65_D-1-2y65_W-1__receptor.pdb	2y65-3-2y65_D-1-2y65_W-1__ligand.sdf	2625	84	1108.42	16.2587	16.2587	1108.42	16.2587	0	0.0146684	sas_voromqa	1108.42	2557.01
2y6s-1-2y6s_C-1-2y6s_P-1__receptor.pdb	2y6s-1-2y6s_C-1-2y6s_P-1__ligand.sdf	1669	100	1394	71.6681	71.6681	1394	71.6681	0	0.0514118	sas_voromqa	1394	3125.02
2y6s-1-2y6s_D-1-2y6s_P-1__receptor.pdb	2y6s-1-2y6s_D-1-2y6s_P-1__ligand.sdf	1559	100	1198.57	63.7745	63.7745	1198.57	63.7745	0	0.0532088	sas_voromqa	1198.57	2974.58
2y7l-1-2y7l_A-1-2y7l_B-1__receptor.pdb	2y7l-1-2y7l_A-1-2y7l_B-1__ligand.sdf	2364	48	355.115	0.878336	0.878336	355.115	0.878336	0	0.00247338	sas_voromqa	355.115	1177.26
2y8o-1-2y8o_A-1-2y8o_B-1__receptor.pdb	2y8o-1-2y8o_A-1-2y8o_B-1__ligand.sdf	2740	56	602.475	37.7563	37.7563	602.475	37.7563	0	0.0626687	sas_voromqa	602.475	1572.35
2y9q-1-2y9q_A-1-2y9q_B-1__receptor.pdb	2y9q-1-2y9q_A-1-2y9q_B-1__ligand.sdf	2838	136	1267.66	-28.8223	-28.8223	1267.66	-28.8223	0	-0.0227366	sas_voromqa	1267.66	3694.9
2yba-1-2yba_A-1-2yba_D-1__receptor.pdb	2yba-1-2yba_A-1-2yba_D-1__ligand.sdf	3097	102	1033.04	63.395	63.395	1033.04	63.395	0	0.0613674	sas_voromqa	1033.04	2907.93
2ych-1-2ych_A-1-2ych_B-1__receptor.pdb	2ych-1-2ych_A-1-2ych_B-1__ligand.sdf	2521	66	350.58	10.8334	10.8334	350.58	10.8334	0	0.0309014	sas_voromqa	350.58	1613.56
2yds-1-2yds_A-1-2yds_T-1__receptor.pdb	2yds-1-2yds_A-1-2yds_T-1__ligand.sdf	4576	38	431.033	42.8954	42.8954	431.033	42.8954	0	0.0995177	sas_voromqa	431.033	1081.47
2ygv-1-2ygv_A-1-2ygv_E-1__receptor.pdb	2ygv-1-2ygv_A-1-2ygv_E-1__ligand.sdf	1231	150	1892.52	144.829	144.829	1892.52	144.829	0	0.0765271	sas_voromqa	1892.52	4459.89
2ygv-4-2ygv_D-1-2ygv_H-1__receptor.pdb	2ygv-4-2ygv_D-1-2ygv_H-1__ligand.sdf	1216	77	1227.34	91.1406	91.1406	1227.34	91.1406	0	0.0742586	sas_voromqa	1227.34	2550.31
2ykt-1-2ykt_A-1-2ykt_B-1__receptor.pdb	2ykt-1-2ykt_A-1-2ykt_B-1__ligand.sdf	1807	91	945.752	-34.9101	-34.9101	945.752	-34.9101	0	-0.0369125	sas_voromqa	945.752	2521.48
2ykt-1-2ykt_A-1-2ykt_B-2__receptor.pdb	2ykt-1-2ykt_A-1-2ykt_B-2__ligand.sdf	1807	91	1484.49	71.6805	71.6805	1484.49	71.6805	0	0.0482863	sas_voromqa	1484.49	2969.41
2ynn-2-2ynn_A-1-2ynn_P-2__receptor.pdb	2ynn-2-2ynn_A-1-2ynn_P-2__ligand.sdf	2413	65	849.108	50.9466	50.9466	849.108	50.9466	0	0.0600001	sas_voromqa	849.108	1975.22
2ynp-1-2ynp_A-1-2ynp_P-1__receptor.pdb	2ynp-1-2ynp_A-1-2ynp_P-1__ligand.sdf	4786	65	824.352	153.68	153.68	824.352	153.68	0	0.186425	sas_voromqa	824.352	1945.77
2ypl-1-2ypl_D-1-2ypl_C-1__receptor.pdb	2ypl-1-2ypl_D-1-2ypl_C-1__ligand.sdf	1565	89	1259.83	211.106	211.106	1259.83	211.106	0	0.167567	sas_voromqa	1259.83	2729.79
2ypl-1-2ypl_E-1-2ypl_C-1__receptor.pdb	2ypl-1-2ypl_E-1-2ypl_C-1__ligand.sdf	1890	89	1434.15	164.911	164.911	1434.15	164.911	0	0.114989	sas_voromqa	1434.15	2918.16
2yq6-1-2yq6_A-1-2yq6_B-1__receptor.pdb	2yq6-1-2yq6_A-1-2yq6_B-1__ligand.sdf	1164	153	1025.51	47.3627	47.3627	1025.51	47.3627	0	0.0461845	sas_voromqa	1025.51	3677.13
2z23-1-2z23_A-1-2z23_B-1__receptor.pdb	2z23-1-2z23_A-1-2z23_B-1__ligand.sdf	4153	28	8.84878	-1.90729	-1.90729	8.84878	-1.90729	0	-0.215543	sas_voromqa	8.84878	558.748
2z2p-1-2z2p_A-1-2z2p_C-1__receptor.pdb	2z2p-1-2z2p_A-1-2z2p_C-1__ligand.sdf	2268	73	458.525	117.606	117.606	458.525	117.606	0	0.256488	sas_voromqa	458.525	1770.66
2z2p-1-2z2p_A-1-2z2p_D-1__receptor.pdb	2z2p-1-2z2p_A-1-2z2p_D-1__ligand.sdf	2268	73	900.124	205.803	205.803	900.124	205.803	0	0.228638	sas_voromqa	900.124	2141.64
2z31-1-2z31_B-1-2z31_P-1__receptor.pdb	2z31-1-2z31_B-1-2z31_P-1__ligand.sdf	845	85	1499.58	-30.9489	-30.9489	1499.58	-30.9489	0	-0.0206384	sas_voromqa	1499.58	2809.29
2z3f-3-2z3f_B-1-2z3f_T-1__receptor.pdb	2z3f-3-2z3f_B-1-2z3f_T-1__ligand.sdf	1284	40	493.098	101.536	101.536	493.098	101.536	0	0.205914	sas_voromqa	493.098	1199.14
2z3f-3-2z3f_E-1-2z3f_M-1__receptor.pdb	2z3f-3-2z3f_E-1-2z3f_M-1__ligand.sdf	1284	81	963.36	44.9612	44.9612	963.36	44.9612	0	0.0466712	sas_voromqa	963.36	2334.05
2z3f-3-2z3f_G-1-2z3f_J-1__receptor.pdb	2z3f-3-2z3f_G-1-2z3f_J-1__ligand.sdf	1284	81	1391.38	47.0242	47.0242	1391.38	47.0242	0	0.0337968	sas_voromqa	1391.38	2699.81
2z3n-1-2z3n_A-1-2z3n_C-1__receptor.pdb	2z3n-1-2z3n_A-1-2z3n_C-1__ligand.sdf	1838	47	106.425	-18.5495	-18.5495	106.425	-18.5495	0	-0.174296	sas_voromqa	106.425	987.867
2z6w-1-2z6w_A-1-2z6w_M-1__receptor.pdb	2z6w-1-2z6w_A-1-2z6w_M-1__ligand.sdf	1240	85	711.667	54.072	54.072	711.667	54.072	0	0.0759794	sas_voromqa	711.667	2278.51
2z7x-1-2z7x_A-1-2z7x_C-1__receptor.pdb	2z7x-1-2z7x_A-1-2z7x_C-1__ligand.sdf	4366	105	1037.55	-14.5729	-14.5729	1037.55	-14.5729	0	-0.0140455	sas_voromqa	1037.55	3120.14
2z7x-1-2z7x_B-1-2z7x_C-1__receptor.pdb	2z7x-1-2z7x_B-1-2z7x_C-1__ligand.sdf	4172	105	1659.4	55.9269	55.9269	1659.4	55.9269	0	0.0337031	sas_voromqa	1659.4	3653.24
2z8p-1-2z8p_A-1-2z8p_B-1__receptor.pdb	2z8p-1-2z8p_A-1-2z8p_B-1__ligand.sdf	1761	58	456.283	-67.6861	-67.791	456.203	-67.7431	0	-0.148342	sas_voromqa	456.283	1416.78
2z9i-1-2z9i_A-1-2z9i_D-1__receptor.pdb	2z9i-1-2z9i_A-1-2z9i_D-1__ligand.sdf	1913	32	193.789	0.484962	0.484962	193.789	0.484962	0	0.00250253	sas_voromqa	193.789	799.588
2z9i-1-2z9i_A-1-2z9i_G-1__receptor.pdb	2z9i-1-2z9i_A-1-2z9i_G-1__ligand.sdf	1913	24	256.092	9.78534	9.78534	256.092	9.78534	0	0.0382103	sas_voromqa	256.092	687.002
2zgh-1-2zgh_A-1-2zgh_B-1__receptor.pdb	2zgh-1-2zgh_A-1-2zgh_B-1__ligand.sdf	1748	42	327.12	10.7613	10.7613	327.12	10.7613	0	0.0328971	sas_voromqa	327.12	1111.27
2zl2-1-2zl2_A-1-2zl2_O-1__receptor.pdb	2zl2-1-2zl2_A-1-2zl2_O-1__ligand.sdf	1324	27	277.935	-3.10494	-3.10494	277.935	-3.10494	0	-0.0111715	sas_voromqa	277.935	750.774
2zld-3-2zld_A-1-2zld_C-1__receptor.pdb	2zld-3-2zld_A-1-2zld_C-1__ligand.sdf	2619	28	429.928	20.4193	20.4193	429.928	20.4193	0	0.0474947	sas_voromqa	429.928	907.222
2zne-3-2zne_A-1-2zne_C-1__receptor.pdb	2zne-3-2zne_A-1-2zne_C-1__ligand.sdf	1399	117	764.647	112.998	112.998	764.647	112.998	0	0.147778	sas_voromqa	764.647	2779.6
2zne-3-2zne_B-1-2zne_D-1__receptor.pdb	2zne-3-2zne_B-1-2zne_D-1__ligand.sdf	1391	95	923.008	151.413	151.413	923.008	151.413	0	0.164043	sas_voromqa	923.008	2509.67
2znl-1-2znl_A-1-2znl_B-1__receptor.pdb	2znl-1-2znl_A-1-2znl_B-1__ligand.sdf	3382	117	599.437	42.8734	42.8734	599.437	42.8734	0	0.0715228	sas_voromqa	599.437	2783.9
2zpk-1-2zpk_H-1-2zpk_P-1__receptor.pdb	2zpk-1-2zpk_H-1-2zpk_P-1__ligand.sdf	1578	56	691.286	23.6485	23.6485	691.286	23.6485	0	0.0342094	sas_voromqa	691.286	1597.23
2zpk-1-2zpk_L-1-2zpk_P-1__receptor.pdb	2zpk-1-2zpk_L-1-2zpk_P-1__ligand.sdf	1604	56	814.406	-9.39041	-9.39041	814.406	-9.39041	0	-0.0115304	sas_voromqa	814.406	1707.99
2zpn-3-2zpn_C-1-2zpn_G-1__receptor.pdb	2zpn-3-2zpn_C-1-2zpn_G-1__ligand.sdf	857	41	292.856	-46.378	-46.378	292.856	-46.378	0	-0.158365	sas_voromqa	292.856	1006.45
2zpy-1-2zpy_A-1-2zpy_B-1__receptor.pdb	2zpy-1-2zpy_A-1-2zpy_B-1__ligand.sdf	2472	71	772.377	1.4858	1.4858	772.377	1.4858	0	0.00192367	sas_voromqa	772.377	2027.6
2zvv-2-2zvv_B-1-2zvv_Y-1__receptor.pdb	2zvv-2-2zvv_B-1-2zvv_Y-1__ligand.sdf	1960	147	1491.18	-45.7993	-45.7993	1491.18	-45.7993	0	-0.0307135	sas_voromqa	1491.18	4018.67
2zvw-4-2zvw_H-1-2zvw_P-1__receptor.pdb	2zvw-4-2zvw_H-1-2zvw_P-1__ligand.sdf	1960	89	698.054	32.4694	32.4694	698.054	32.4694	0	0.0465142	sas_voromqa	698.054	2212.9
3a6p-1-3a6p_A-1-3a6p_B-1__receptor.pdb	3a6p-1-3a6p_A-1-3a6p_B-1__ligand.sdf	8570	66	732.946	27.8782	27.8782	732.946	27.8782	0	0.0380358	sas_voromqa	732.946	1913.78
3a79-1-3a79_A-1-3a79_C-1__receptor.pdb	3a79-1-3a79_A-1-3a79_C-1__ligand.sdf	4355	88	789.785	-24.8203	-24.8203	789.785	-24.8203	0	-0.0314267	sas_voromqa	789.785	2505.11
3a79-1-3a79_B-1-3a79_C-1__receptor.pdb	3a79-1-3a79_B-1-3a79_C-1__ligand.sdf	4192	88	1735.59	62.9649	62.9649	1735.59	62.9649	0	0.0362787	sas_voromqa	1735.59	3292.71
3aa0-1-3aa0_A-1-3aa0_C-1__receptor.pdb	3aa0-1-3aa0_A-1-3aa0_C-1__ligand.sdf	2196	169	2733.95	-49.4846	-49.4846	2733.95	-49.4846	0	-0.0181	sas_voromqa	2733.95	5564.61
3agy-1-3agy_B-1-3agy_D-1__receptor.pdb	3agy-1-3agy_B-1-3agy_D-1__ligand.sdf	1400	60	644.798	-95.8409	-95.8409	644.798	-95.8409	0	-0.148637	sas_voromqa	644.798	1660.01
3agy-1-3agy_B-1-3agy_F-1__receptor.pdb	3agy-1-3agy_B-1-3agy_F-1__ligand.sdf	1400	47	554.939	-23.4196	-23.4196	554.939	-23.4196	0	-0.0422021	sas_voromqa	554.939	1403.77
3ah8-1-3ah8_A-1-3ah8_Y-1__receptor.pdb	3ah8-1-3ah8_A-1-3ah8_Y-1__ligand.sdf	2818	68	407.125	37.4046	37.4046	407.125	37.4046	0	0.091875	sas_voromqa	407.125	1622.71
3al3-1-3al3_A-1-3al3_B-1__receptor.pdb	3al3-1-3al3_A-1-3al3_B-1__ligand.sdf	1731	92	778.818	63.3866	63.1886	778.667	63.2788	0	0.0813882	sas_voromqa	778.818	2353.41
3alo-1-3alo_A-2-3alo_E-2__receptor.pdb	3alo-1-3alo_A-2-3alo_E-2__ligand.sdf	2300	65	653.756	1.70933	0.678849	652.97	1.14864	0	0.00261463	sas_voromqa	653.756	1812.66
3ap1-1-3ap1_A-1-3ap1_S-1__receptor.pdb	3ap1-1-3ap1_A-1-3ap1_S-1__ligand.sdf	2346	86	772.451	-37.0799	-37.0799	772.451	-37.0799	0	-0.0480029	sas_voromqa	772.451	2179.2
3ap1-1-3ap1_A-1-3ap1_T-1__receptor.pdb	3ap1-1-3ap1_A-1-3ap1_T-1__ligand.sdf	2346	86	1188.45	-2.24745	-2.24745	1188.45	-2.24745	0	-0.00189108	sas_voromqa	1188.45	2557.78
3ap1-1-3ap1_B-1-3ap1_S-1__receptor.pdb	3ap1-1-3ap1_B-1-3ap1_S-1__ligand.sdf	2336	86	1215.45	-65.3553	-65.3553	1215.45	-65.3553	0	-0.0537705	sas_voromqa	1215.45	2579.99
3ask-1-3ask_A-1-3ask_P-1__receptor.pdb	3ask-1-3ask_A-1-3ask_P-1__ligand.sdf	1731	82	581.217	-18.553	-18.553	581.217	-18.553	0	-0.031921	sas_voromqa	581.217	2175.12
3ask-4-3ask_D-1-3ask_R-1__receptor.pdb	3ask-4-3ask_D-1-3ask_R-1__ligand.sdf	1250	12	138.87	14.7532	14.7532	138.87	14.7532	0	0.106237	sas_voromqa	138.87	404.78
3asl-1-3asl_A-1-3asl_B-1__receptor.pdb	3asl-1-3asl_A-1-3asl_B-1__ligand.sdf	531	77	1016.68	-47.838	-47.838	1016.68	-47.838	0	-0.0470532	sas_voromqa	1016.68	2323.24
3at0-1-3at0_A-1-3at0_B-1__receptor.pdb	3at0-1-3at0_A-1-3at0_B-1__ligand.sdf	2463	66	487.253	11.9179	11.9179	487.253	11.9179	0	0.0244594	sas_voromqa	487.253	1585.81
3avr-1-3avr_A-1-3avr_B-1__receptor.pdb	3avr-1-3avr_A-1-3avr_B-1__ligand.sdf	3795	125	1020.5	34.0532	34.0532	1020.5	34.0532	0	0.0333691	sas_voromqa	1020.5	3363.22
3ax2-3-3ax2_E-1-3ax2_F-1__receptor.pdb	3ax2-3-3ax2_E-1-3ax2_F-1__ligand.sdf	510	107	1000.87	-2.25628	-2.25628	1000.87	-2.25628	0	-0.00225432	sas_voromqa	1000.87	2880.03
3axy-1-3axy_D-1-3axy_F-1__receptor.pdb	3axy-1-3axy_D-1-3axy_F-1__ligand.sdf	1875	60	428.227	-6.48242	-8.16465	426.943	-7.39772	0	-0.0151378	sas_voromqa	428.227	1525.64
3ayu-1-3ayu_A-1-3ayu_B-1__receptor.pdb	3ayu-1-3ayu_A-1-3ayu_B-1__ligand.sdf	1317	75	511.406	-35.6785	-35.6785	511.406	-35.6785	0	-0.0697655	sas_voromqa	511.406	1870.69
3azq-1-3azq_A-1-3azq_C-1__receptor.pdb	3azq-1-3azq_A-1-3azq_C-1__ligand.sdf	5027	8	10.1524	-5.14311	-5.14311	10.1524	-5.14311	0	-0.506591	sas_voromqa	10.1524	155.621
3b7s-1-3b7s_A-1-3b7s_B-1__receptor.pdb	3b7s-1-3b7s_A-1-3b7s_B-1__ligand.sdf	4877	29	79.3255	-27.5827	-27.5827	79.3255	-27.5827	0	-0.347715	sas_voromqa	79.3255	607.687
3b95-2-3b95_B-1-3b95_P-1__receptor.pdb	3b95-2-3b95_B-1-3b95_P-1__ligand.sdf	1696	63	783.279	18.0013	18.0013	783.279	18.0013	0	0.022982	sas_voromqa	783.279	1883.42
3bef-1-3bef_A-1-3bef_C-1__receptor.pdb	3bef-1-3bef_A-1-3bef_C-1__ligand.sdf	357	87	1410.03	138.849	138.849	1410.03	138.849	0	0.0984724	sas_voromqa	1410.03	2785.84
3bef-1-3bef_B-1-3bef_C-1__receptor.pdb	3bef-1-3bef_B-1-3bef_C-1__ligand.sdf	2034	87	1224.84	126.761	126.761	1224.84	126.761	0	0.103492	sas_voromqa	1224.84	2625.3
3bev-1-3bev_A-1-3bev_C-1__receptor.pdb	3bev-1-3bev_A-1-3bev_C-1__ligand.sdf	2196	83	382.294	-49.7505	-49.7505	382.294	-49.7505	0	-0.130137	sas_voromqa	382.294	1841.42
3bin-3-3bin_A-1-3bin_B-1__receptor.pdb	3bin-3-3bin_A-1-3bin_B-1__ligand.sdf	2304	60	505.924	105.172	105.172	505.924	105.172	0	0.207881	sas_voromqa	505.924	1488.63
3bkj-1-3bkj_H-1-3bkj_A-1__receptor.pdb	3bkj-1-3bkj_H-1-3bkj_A-1__ligand.sdf	1718	60	698.429	-24.2092	-24.2092	698.429	-24.2092	0	-0.0346624	sas_voromqa	698.429	1701.23
3bkj-1-3bkj_L-1-3bkj_A-1__receptor.pdb	3bkj-1-3bkj_L-1-3bkj_A-1__ligand.sdf	1697	60	778.531	4.85783	4.85783	778.531	4.85783	0	0.00623974	sas_voromqa	778.531	1728.09
3bky-1-3bky_H-1-3bky_P-1__receptor.pdb	3bky-1-3bky_H-1-3bky_P-1__ligand.sdf	1703	127	1272.09	100.738	100.738	1272.09	100.738	0	0.0791909	sas_voromqa	1272.09	3471.9
3bky-1-3bky_L-1-3bky_P-1__receptor.pdb	3bky-1-3bky_L-1-3bky_P-1__ligand.sdf	1626	127	1592.86	69.4459	69.4459	1592.86	69.4459	0	0.0435982	sas_voromqa	1592.86	3710.15
3bl2-3-3bl2_A-1-3bl2_C-1__receptor.pdb	3bl2-3-3bl2_A-1-3bl2_C-1__ligand.sdf	1067	155	1153.5	-87.5876	-87.5876	1153.5	-87.5876	0	-0.075932	sas_voromqa	1153.5	3867.5
3bo7-3-3bo7_C-1-3bo7_G-1__receptor.pdb	3bo7-3-3bo7_C-1-3bo7_G-1__ligand.sdf	1344	89	813.207	59.2156	59.2156	813.207	59.2156	0	0.0728174	sas_voromqa	813.207	2498.88
3bo8-1-3bo8_A-1-3bo8_C-1__receptor.pdb	3bo8-1-3bo8_A-1-3bo8_C-1__ligand.sdf	2228	69	283.567	7.00614	7.00614	283.567	7.00614	0	0.0247072	sas_voromqa	283.567	1492.56
3boo-1-3boo_A-1-3boo_B-1__receptor.pdb	3boo-1-3boo_A-1-3boo_B-1__ligand.sdf	3402	59	321.357	10.2689	9.31989	320.632	9.75256	0	0.0319548	sas_voromqa	321.357	1502.62
3bpm-1-3bpm_A-1-3bpm_D-1__receptor.pdb	3bpm-1-3bpm_A-1-3bpm_D-1__ligand.sdf	1926	30	236.582	-27.973	-27.973	236.582	-27.973	0	-0.118238	sas_voromqa	236.582	808.483
3bqo-2-3bqo_A-1-3bqo_B-1__receptor.pdb	3bqo-2-3bqo_A-1-3bqo_B-1__ligand.sdf	1626	107	877.307	15.4266	15.4266	877.307	15.4266	0	0.017584	sas_voromqa	877.307	2735.81
3brd-1-3brd_A-1-3brd_D-1__receptor.pdb	3brd-1-3brd_A-1-3brd_D-1__ligand.sdf	3402	129	1346.26	-21.44	-21.44	1346.26	-21.44	0	-0.0159256	sas_voromqa	1346.26	3651.12
3brh-1-3brh_A-1-3brh_C-1__receptor.pdb	3brh-1-3brh_A-1-3brh_C-1__ligand.sdf	2423	59	595.275	-85.8395	-85.8395	595.275	-85.8395	0	-0.144201	sas_voromqa	595.275	1506.28
3bs4-1-3bs4_A-1-3bs4_B-1__receptor.pdb	3bs4-1-3bs4_A-1-3bs4_B-1__ligand.sdf	2026	28	22.7841	0.471592	0.471592	22.7841	0.471592	0	0.0206983	sas_voromqa	22.7841	524.545
3bts-1-3bts_A-1-3bts_E-1__receptor.pdb	3bts-1-3bts_A-1-3bts_E-1__ligand.sdf	3026	45	498.585	35.513	35.513	498.585	35.513	0	0.0712276	sas_voromqa	498.585	1379.9
3bu3-1-3bu3_A-1-3bu3_B-1__receptor.pdb	3bu3-1-3bu3_A-1-3bu3_B-1__ligand.sdf	2287	117	771.878	-75.7088	-75.7088	771.878	-75.7088	0	-0.0980839	sas_voromqa	771.878	2790.34
3bu8-1-3bu8_B-1-3bu8_C-1__receptor.pdb	3bu8-1-3bu8_B-1-3bu8_C-1__ligand.sdf	1683	121	2022.39	14.3402	14.3402	2022.39	14.3402	0	0.00709072	sas_voromqa	2022.39	4014
3bua-1-3bua_A-1-3bua_H-1__receptor.pdb	3bua-1-3bua_A-1-3bua_H-1__ligand.sdf	1653	91	1331.2	110.345	110.345	1331.2	110.345	0	0.0828914	sas_voromqa	1331.2	2866.58
3bux-5-3bux_B-1-3bux_A-1__receptor.pdb	3bux-5-3bux_B-1-3bux_A-1__ligand.sdf	2497	70	566.047	35.1313	35.1313	566.047	35.1313	0	0.0620643	sas_voromqa	566.047	1749.15
3bxm-1-3bxm_A-2-3bxm_I-2__receptor.pdb	3bxm-1-3bxm_A-2-3bxm_I-2__ligand.sdf	5517	21	27.2285	-10.1104	-10.1104	27.2285	-10.1104	0	-0.371317	sas_voromqa	27.2285	390.036
3bzy-3-3bzy_B-1-3bzy_A-1__receptor.pdb	3bzy-3-3bzy_B-1-3bzy_A-1__ligand.sdf	666	124	794.751	-16.1128	-16.1128	794.751	-16.1128	0	-0.020274	sas_voromqa	794.751	2971.44
3c01-4-3c01_H-1-3c01_D-1__receptor.pdb	3c01-4-3c01_H-1-3c01_D-1__ligand.sdf	706	149	901.106	-67.7819	-67.7819	901.106	-67.7819	0	-0.0752208	sas_voromqa	901.106	3598.34
3c2g-1-3c2g_A-1-3c2g_C-1__receptor.pdb	3c2g-1-3c2g_A-1-3c2g_C-1__ligand.sdf	4773	62	548.834	27.2	27.2	548.834	27.2	0	0.0495596	sas_voromqa	548.834	1704.09
3c5j-1-3c5j_B-1-3c5j_C-1__receptor.pdb	3c5j-1-3c5j_B-1-3c5j_C-1__ligand.sdf	1503	98	1274.75	5.87857	5.87857	1274.75	5.87857	0	0.00461155	sas_voromqa	1274.75	2941.29
3c6w-1-3c6w_A-1-3c6w_B-1__receptor.pdb	3c6w-1-3c6w_A-1-3c6w_B-1__ligand.sdf	411	56	582.676	12.3512	12.3512	582.676	12.3512	0	0.0211974	sas_voromqa	582.676	1585.06
3c94-1-3c94_A-1-3c94_B-1__receptor.pdb	3c94-1-3c94_A-1-3c94_B-1__ligand.sdf	3720	35	332.606	-42.874	-42.874	332.606	-42.874	0	-0.128903	sas_voromqa	332.606	942.051
3c94-1-3c94_A-1-3c94_C-1__receptor.pdb	3c94-1-3c94_A-1-3c94_C-1__ligand.sdf	3720	27	249.02	11.7143	11.7143	249.02	11.7143	0	0.0470416	sas_voromqa	249.02	724.37
3c9q-1-3c9q_A-1-3c9q_L-1__receptor.pdb	3c9q-1-3c9q_A-1-3c9q_L-1__ligand.sdf	1556	18	171.636	5.30061	5.30061	171.636	5.30061	0	0.0308829	sas_voromqa	171.636	490.206
3cal-1-3cal_A-1-3cal_B-1__receptor.pdb	3cal-1-3cal_A-1-3cal_B-1__ligand.sdf	684	132	1365.69	22.541	22.541	1365.69	22.541	0	0.0165052	sas_voromqa	1365.69	3620.8
3cb8-1-3cb8_A-1-3cb8_B-1__receptor.pdb	3cb8-1-3cb8_A-1-3cb8_B-1__ligand.sdf	1893	42	345.561	8.26277	8.26277	345.561	8.26277	0	0.0239112	sas_voromqa	345.561	1119.99
3cbl-1-3cbl_A-1-3cbl_B-1__receptor.pdb	3cbl-1-3cbl_A-1-3cbl_B-1__ligand.sdf	2775	47	451.299	4.75377	4.75377	451.299	4.75377	0	0.0105335	sas_voromqa	451.299	1290.95
3cdw-1-3cdw_A-1-3cdw_H-1__receptor.pdb	3cdw-1-3cdw_A-1-3cdw_H-1__ligand.sdf	3747	72	570.751	20.9685	20.9685	570.751	20.9685	0	0.0367384	sas_voromqa	570.751	1754.11
3cfs-1-3cfs_B-1-3cfs_E-1__receptor.pdb	3cfs-1-3cfs_B-1-3cfs_E-1__ligand.sdf	3068	118	988.616	-34.1403	-34.1403	988.616	-34.1403	0	-0.0345334	sas_voromqa	988.616	3096.32
3ch8-1-3ch8_A-1-3ch8_P-1__receptor.pdb	3ch8-1-3ch8_A-1-3ch8_P-1__ligand.sdf	1454	66	274.941	10.0545	10.0545	274.941	10.0545	0	0.0365697	sas_voromqa	274.941	1432.97
3ck0-1-3ck0_H-1-3ck0_P-1__receptor.pdb	3ck0-1-3ck0_H-1-3ck0_P-1__ligand.sdf	1610	75	1015.24	28.9595	28.9595	1015.24	28.9595	0	0.0285248	sas_voromqa	1015.24	2223.66
3cqz-1-3cqz_A-1-3cqz_M-1__receptor.pdb	3cqz-1-3cqz_A-1-3cqz_M-1__ligand.sdf	10616	64	275.631	34.5182	34.2353	275.415	34.3643	0	0.125233	sas_voromqa	275.631	1365.15
3cv0-1-3cv0_A-1-3cv0_B-1__receptor.pdb	3cv0-1-3cv0_A-1-3cv0_B-1__ligand.sdf	2330	47	329.255	-19.9701	-19.9701	329.255	-19.9701	0	-0.0606524	sas_voromqa	329.255	1196.63
3cvh-1-3cvh_H-1-3cvh_C-1__receptor.pdb	3cvh-1-3cvh_H-1-3cvh_C-1__ligand.sdf	1618	68	1016.08	48.8165	48.8165	1016.08	48.8165	0	0.048044	sas_voromqa	1016.08	2123.66
3cww-1-3cww_B-1-3cww_D-1__receptor.pdb	3cww-1-3cww_B-1-3cww_D-1__ligand.sdf	7741	21	210.567	11.2802	11.2802	210.567	11.2802	0	0.0535706	sas_voromqa	210.567	589.442
3cxd-1-3cxd_H-1-3cxd_P-1__receptor.pdb	3cxd-1-3cxd_H-1-3cxd_P-1__ligand.sdf	1624	74	789.982	43.8866	43.8866	789.982	43.8866	0	0.0555539	sas_voromqa	789.982	2003.04
3cxd-1-3cxd_L-1-3cxd_P-1__receptor.pdb	3cxd-1-3cxd_L-1-3cxd_P-1__ligand.sdf	1625	74	932.525	22.1703	22.1703	932.525	22.1703	0	0.0237745	sas_voromqa	932.525	2164.5
3cyy-1-3cyy_B-1-3cyy_C-1__receptor.pdb	3cyy-1-3cyy_B-1-3cyy_C-1__ligand.sdf	614	78	933.9	-83.3265	-83.3265	933.9	-83.3265	0	-0.0892242	sas_voromqa	933.9	2232.6
3cyy-1-3cyy_B-1-3cyy_D-1__receptor.pdb	3cyy-1-3cyy_B-1-3cyy_D-1__ligand.sdf	614	78	1112.27	-178.342	-178.342	1112.27	-178.342	0	-0.160341	sas_voromqa	1112.27	2389.98
3d24-3-3d24_C-1-3d24_D-1__receptor.pdb	3d24-3-3d24_C-1-3d24_D-1__ligand.sdf	1674	114	1029.18	12.1029	12.1029	1029.18	12.1029	0	0.0117598	sas_voromqa	1029.18	3021.71
3d2u-1-3d2u_A-1-3d2u_C-1__receptor.pdb	3d2u-1-3d2u_A-1-3d2u_C-1__ligand.sdf	2227	71	434.631	-35.9641	-35.9641	434.631	-35.9641	0	-0.0827463	sas_voromqa	434.631	1844.51
3d2y-1-3d2y_A-1-3d2y_B-1__receptor.pdb	3d2y-1-3d2y_A-1-3d2y_B-1__ligand.sdf	2056	42	318.636	-31.1384	-31.1384	318.636	-31.1384	0	-0.097724	sas_voromqa	318.636	1009.78
3d3t-1-3d3t_B-1-3d3t_P-1__receptor.pdb	3d3t-1-3d3t_B-1-3d3t_P-1__ligand.sdf	717	59	567.669	-0.9525	-0.9525	567.669	-0.9525	0	-0.00167791	sas_voromqa	567.669	1579.62
3d3x-1-3d3x_A-1-3d3x_C-1__receptor.pdb	3d3x-1-3d3x_A-1-3d3x_C-1__ligand.sdf	3263	21	93.8624	3.62265	3.62265	93.8624	3.62265	0	0.0385953	sas_voromqa	93.8624	547.573
3d44-1-3d44_A-1-3d44_B-1__receptor.pdb	3d44-1-3d44_A-1-3d44_B-1__ligand.sdf	2245	40	386.933	-53.8153	-53.8153	386.933	-53.8153	0	-0.139082	sas_voromqa	386.933	1026.7
3d8a-1-3d8a_F-1-3d8a_Y-1__receptor.pdb	3d8a-1-3d8a_F-1-3d8a_Y-1__ligand.sdf	501	55	518.094	-103.517	-103.517	518.094	-103.517	0	-0.199804	sas_voromqa	518.094	1471.44
3d8a-1-3d8a_H-1-3d8a_X-1__receptor.pdb	3d8a-1-3d8a_H-1-3d8a_X-1__ligand.sdf	501	55	835.021	-20.756	-20.756	835.021	-20.756	0	-0.0248569	sas_voromqa	835.021	1707.22
3d9n-1-3d9n_A-1-3d9n_Y-1__receptor.pdb	3d9n-1-3d9n_A-1-3d9n_Y-1__ligand.sdf	1125	66	616.095	-76.8267	-82.4314	611.816	-79.8762	0	-0.124699	sas_voromqa	616.095	1756.69
3d9t-1-3d9t_A-1-3d9t_C-1__receptor.pdb	3d9t-1-3d9t_A-1-3d9t_C-1__ligand.sdf	741	31	235.434	9.92995	9.92995	235.434	9.92995	0	0.0421772	sas_voromqa	235.434	774.034
3dac-2-3dac_A-1-3dac_B-1__receptor.pdb	3dac-2-3dac_A-1-3dac_B-1__ligand.sdf	668	107	973.308	-11.1577	-11.1577	973.308	-11.1577	0	-0.0114637	sas_voromqa	973.308	2842.41
3db3-1-3db3_A-1-3db3_B-1__receptor.pdb	3db3-1-3db3_A-1-3db3_B-1__ligand.sdf	1111	29	435.584	-32.6897	-32.6897	435.584	-32.6897	0	-0.075048	sas_voromqa	435.584	962.215
3dep-1-3dep_A-1-3dep_B-1__receptor.pdb	3dep-1-3dep_A-1-3dep_B-1__ligand.sdf	1408	84	758.983	74.7353	74.7353	758.983	74.7353	0	0.0984677	sas_voromqa	758.983	2222.7
3diw-1-3diw_A-1-3diw_C-1__receptor.pdb	3diw-1-3diw_A-1-3diw_C-1__ligand.sdf	838	79	671.435	6.70371	6.70371	671.435	6.70371	0	0.00998415	sas_voromqa	671.435	2011.66
3dks-1-3dks_A-1-3dks_F-1__receptor.pdb	3dks-1-3dks_A-1-3dks_F-1__ligand.sdf	1455	67	1032.22	121.721	121.721	1032.22	121.721	0	0.117922	sas_voromqa	1032.22	2201.26
3dks-1-3dks_D-1-3dks_F-1__receptor.pdb	3dks-1-3dks_D-1-3dks_F-1__ligand.sdf	1440	67	950.926	101.935	101.935	950.926	101.935	0	0.107196	sas_voromqa	950.926	2106.83
3dm1-5-3dm1_C-1-3dm1_B-1__receptor.pdb	3dm1-5-3dm1_C-1-3dm1_B-1__ligand.sdf	435	66	1146.73	18.3195	18.3195	1146.73	18.3195	0	0.0159754	sas_voromqa	1146.73	2247.18
3dnj-1-3dnj_B-1-3dnj_D-1__receptor.pdb	3dnj-1-3dnj_B-1-3dnj_D-1__ligand.sdf	665	25	201.718	14.4882	14.4882	201.718	14.4882	0	0.071824	sas_voromqa	201.718	624.497
3dox-1-3dox_A-1-3dox_P-1__receptor.pdb	3dox-1-3dox_A-1-3dox_P-1__ligand.sdf	1514	36	135.012	-4.26552	-4.26552	135.012	-4.26552	0	-0.0315936	sas_voromqa	135.012	733.192
3dox-1-3dox_A-1-3dox_Q-1__receptor.pdb	3dox-1-3dox_A-1-3dox_Q-1__ligand.sdf	1514	23	75.3727	3.28344	3.28344	75.3727	3.28344	0	0.0435627	sas_voromqa	75.3727	489.827
3dpc-1-3dpc_B-1-3dpc_C-1__receptor.pdb	3dpc-1-3dpc_B-1-3dpc_C-1__ligand.sdf	3298	81	886.945	-68.954	-68.954	886.945	-68.954	0	-0.0777433	sas_voromqa	886.945	2195.43
3drf-1-3drf_A-1-3drf_B-1__receptor.pdb	3drf-1-3drf_A-1-3drf_B-1__ligand.sdf	4201	48	213.381	8.81861	8.81861	213.381	8.81861	0	0.041328	sas_voromqa	213.381	1125.63
3drj-1-3drj_A-1-3drj_B-1__receptor.pdb	3drj-1-3drj_A-1-3drj_B-1__ligand.sdf	4358	34	271.067	22.6238	22.6238	271.067	22.6238	0	0.083462	sas_voromqa	271.067	884.851
3ds4-1-3ds4_A-1-3ds4_T-1__receptor.pdb	3ds4-1-3ds4_A-1-3ds4_T-1__ligand.sdf	587	103	704.922	-43.7638	-43.7638	704.922	-43.7638	0	-0.0620832	sas_voromqa	704.922	2461.3
3e0m-1-3e0m_B-1-3e0m_F-1__receptor.pdb	3e0m-1-3e0m_B-1-3e0m_F-1__ligand.sdf	2521	29	242.003	5.92811	5.92811	242.003	5.92811	0	0.024496	sas_voromqa	242.003	777.356
3e1k-4-3e1k_O-1-3e1k_P-1__receptor.pdb	3e1k-4-3e1k_O-1-3e1k_P-1__ligand.sdf	3136	119	1025.36	40.5825	40.5825	1025.36	40.5825	0	0.0395788	sas_voromqa	1025.36	3184.55
3e1r-1-3e1r_A-1-3e1r_C-1__receptor.pdb	3e1r-1-3e1r_A-1-3e1r_C-1__ligand.sdf	394	103	1157.82	56.1039	56.1039	1157.82	56.1039	0	0.0484565	sas_voromqa	1157.82	2814.78
3e1r-1-3e1r_B-1-3e1r_C-1__receptor.pdb	3e1r-1-3e1r_B-1-3e1r_C-1__ligand.sdf	362	103	1485.5	181.625	181.625	1485.5	181.625	0	0.122265	sas_voromqa	1485.5	3139.26
3e8u-1-3e8u_H-2-3e8u_P-2__receptor.pdb	3e8u-1-3e8u_H-2-3e8u_P-2__ligand.sdf	1628	65	651.389	26.6128	26.6128	651.389	26.6128	0	0.0408555	sas_voromqa	651.389	1744.21
3e8u-1-3e8u_L-2-3e8u_P-2__receptor.pdb	3e8u-1-3e8u_L-2-3e8u_P-2__ligand.sdf	1673	65	866.495	70.9519	70.9519	866.495	70.9519	0	0.0818838	sas_voromqa	866.495	1938.15
3ebb-1-3ebb_B-1-3ebb_F-1__receptor.pdb	3ebb-1-3ebb_B-1-3ebb_F-1__ligand.sdf	1968	32	333.753	-32.056	-32.056	333.753	-32.056	0	-0.0960471	sas_voromqa	333.753	902.004
3efo-1-3efo_B-1-3efo_C-1__receptor.pdb	3efo-1-3efo_B-1-3efo_C-1__ligand.sdf	6038	53	513.342	-24.5638	-24.5638	513.342	-24.5638	0	-0.0478508	sas_voromqa	513.342	1478.15
3ehu-2-3ehu_B-1-3ehu_D-1__receptor.pdb	3ehu-2-3ehu_B-1-3ehu_D-1__ligand.sdf	3399	123	1264.45	-22.3378	-22.3378	1264.45	-22.3378	0	-0.017666	sas_voromqa	1264.45	3430.76
3ejh-2-3ejh_B-1-3ejh_F-1__receptor.pdb	3ejh-2-3ejh_B-1-3ejh_F-1__ligand.sdf	714	165	2182.21	112.758	112.758	2182.21	112.758	0	0.0516715	sas_voromqa	2182.21	4951.87
3emy-1-3emy_A-1-3emy_B-1__receptor.pdb	3emy-1-3emy_A-1-3emy_B-1__ligand.sdf	2421	48	278.035	-22.1072	-22.1072	278.035	-22.1072	0	-0.0795123	sas_voromqa	278.035	1201.11
3eov-1-3eov_A-1-3eov_C-1__receptor.pdb	3eov-1-3eov_A-1-3eov_C-1__ligand.sdf	1279	85	701.133	60.851	60.851	701.133	60.851	0	0.0867895	sas_voromqa	701.133	2308.43
3eqs-1-3eqs_A-1-3eqs_B-2__receptor.pdb	3eqs-1-3eqs_A-1-3eqs_B-2__ligand.sdf	697	94	1046.09	206.134	206.134	1046.09	206.134	0	0.197052	sas_voromqa	1046.09	2614.4
3eu7-1-3eu7_A-1-3eu7_X-1__receptor.pdb	3eu7-1-3eu7_A-1-3eu7_X-1__ligand.sdf	2353	108	998.682	28.5054	28.5054	998.682	28.5054	0	0.028543	sas_voromqa	998.682	2824.6
3ewf-1-3ewf_C-1-3ewf_I-1__receptor.pdb	3ewf-1-3ewf_C-1-3ewf_I-1__ligand.sdf	2834	61	1176.62	104.128	104.128	1176.62	104.128	0	0.0884976	sas_voromqa	1176.62	2123.47
3ewf-1-3ewf_C-1-3ewf_L-1__receptor.pdb	3ewf-1-3ewf_C-1-3ewf_L-1__ligand.sdf	2834	61	986.709	40.1215	40.1215	986.709	40.1215	0	0.0406619	sas_voromqa	986.709	1986.68
3exb-1-3exb_A-1-3exb_B-1__receptor.pdb	3exb-1-3exb_A-1-3exb_B-1__ligand.sdf	2328	28	174.974	12.9512	12.9512	174.974	12.9512	0	0.0740179	sas_voromqa	174.974	679.421
3eyf-1-3eyf_A-1-3eyf_E-1__receptor.pdb	3eyf-1-3eyf_A-1-3eyf_E-1__ligand.sdf	1660	79	1177.55	135.837	135.837	1177.55	135.837	0	0.115356	sas_voromqa	1177.55	2531.48
3eyf-1-3eyf_B-1-3eyf_E-1__receptor.pdb	3eyf-1-3eyf_B-1-3eyf_E-1__ligand.sdf	1633	79	865.955	47.2256	47.2256	865.955	47.2256	0	0.0545359	sas_voromqa	865.955	2225.09
3f2k-1-3f2k_A-1-3f2k_C-1__receptor.pdb	3f2k-1-3f2k_A-1-3f2k_C-1__ligand.sdf	1581	33	435.849	72.5926	72.5926	435.849	72.5926	0	0.166554	sas_voromqa	435.849	990.211
3f6k-1-3f6k_A-1-3f6k_N-1__receptor.pdb	3f6k-1-3f6k_A-1-3f6k_N-1__ligand.sdf	5176	36	264.471	48.9806	48.9806	264.471	48.9806	0	0.185202	sas_voromqa	264.471	937.231
3f7o-1-3f7o_A-1-3f7o_X-1__receptor.pdb	3f7o-1-3f7o_A-1-3f7o_X-1__ligand.sdf	2017	25	134.143	5.43679	5.43679	134.143	5.43679	0	0.0405298	sas_voromqa	134.143	576.143
3f9x-3-3f9x_C-1-3f9x_G-1__receptor.pdb	3f9x-3-3f9x_C-1-3f9x_G-1__ligand.sdf	1278	83	661.926	-114.402	-114.402	661.926	-114.402	0	-0.172832	sas_voromqa	661.926	2226.45
3fdo-3-3fdo_A-2-3fdo_B-1__receptor.pdb	3fdo-3-3fdo_A-2-3fdo_B-1__ligand.sdf	716	104	1290.83	319.389	158.896	1168.31	232.065	0	0.247429	sas_voromqa	1290.83	3057.94
3fdo-4-3fdo_A-2-3fdo_B-4__receptor.pdb	3fdo-4-3fdo_A-2-3fdo_B-4__ligand.sdf	716	104	1198.18	316.063	155.57	1075.66	228.739	0	0.263786	sas_voromqa	1198.18	2977.58
3fdt-1-3fdt_A-1-3fdt_T-1__receptor.pdb	3fdt-1-3fdt_A-1-3fdt_T-1__ligand.sdf	423	72	822.921	-23.5993	-23.5993	822.921	-23.5993	0	-0.0286775	sas_voromqa	822.921	2040.58
3fea-1-3fea_A-1-3fea_L-1__receptor.pdb	3fea-1-3fea_A-1-3fea_L-1__ligand.sdf	665	83	725.809	-49.8111	-54.2039	722.456	-52.2012	0	-0.0686284	sas_voromqa	725.809	2172.82
3ffc-1-3ffc_E-1-3ffc_C-1__receptor.pdb	3ffc-1-3ffc_E-1-3ffc_C-1__ligand.sdf	1964	75	1203.33	28.1986	28.1986	1203.33	28.1986	0	0.0234338	sas_voromqa	1203.33	2456.88
3ffd-1-3ffd_A-1-3ffd_P-1__receptor.pdb	3ffd-1-3ffd_A-1-3ffd_P-1__ligand.sdf	1588	160	1446.94	32.6103	32.6103	1446.94	32.6103	0	0.0225374	sas_voromqa	1446.94	4212.75
3ffd-1-3ffd_B-1-3ffd_P-1__receptor.pdb	3ffd-1-3ffd_B-1-3ffd_P-1__ligand.sdf	1643	160	1573.05	78.4583	78.4583	1573.05	78.4583	0	0.0498765	sas_voromqa	1573.05	4349.17
3fhv-1-3fhv_A-1-3fhv_C-1__receptor.pdb	3fhv-1-3fhv_A-1-3fhv_C-1__ligand.sdf	1054	88	1085.42	-108.662	-108.662	1085.42	-108.662	0	-0.100111	sas_voromqa	1085.42	2395.42
3fhv-1-3fhv_B-1-3fhv_C-1__receptor.pdb	3fhv-1-3fhv_B-1-3fhv_C-1__ligand.sdf	1054	88	1034.13	-65.3524	-65.3524	1034.13	-65.3524	0	-0.0631955	sas_voromqa	1034.13	2372.65
3fiv-1-3fiv_A-1-3fiv_J-1__receptor.pdb	3fiv-1-3fiv_A-1-3fiv_J-1__ligand.sdf	879	63	524.09	142.379	142.379	524.09	142.379	0	0.271669	sas_voromqa	524.09	1633.91
3flo-3-3flo_E-1-3flo_I-1__receptor.pdb	3flo-3-3flo_E-1-3flo_I-1__ligand.sdf	3434	15	256.218	22.5449	22.5449	256.218	22.5449	0	0.0879911	sas_voromqa	256.218	548.889
3fma-3-3fma_C-1-3fma_N-1__receptor.pdb	3fma-3-3fma_C-1-3fma_N-1__ligand.sdf	665	38	397.887	29.8485	29.8485	397.887	29.8485	0	0.0750175	sas_voromqa	397.887	1057.74
3fn0-1-3fn0_H-1-3fn0_P-1__receptor.pdb	3fn0-1-3fn0_H-1-3fn0_P-1__ligand.sdf	1630	83	808.896	211.149	211.149	808.896	211.149	0	0.261034	sas_voromqa	808.896	2196.16
3fon-1-3fon_A-1-3fon_P-1__receptor.pdb	3fon-1-3fon_A-1-3fon_P-1__ligand.sdf	2219	65	260.169	-27.1512	-27.1512	260.169	-27.1512	0	-0.10436	sas_voromqa	260.169	1449.85
3fp2-1-3fp2_A-1-3fp2_Q-1__receptor.pdb	3fp2-1-3fp2_A-1-3fp2_Q-1__ligand.sdf	3857	42	460.118	-85.6818	-85.6818	460.118	-85.6818	0	-0.186217	sas_voromqa	460.118	1205.54
3fp7-1-3fp7_E-1-3fp7_I-1__receptor.pdb	3fp7-1-3fp7_E-1-3fp7_I-1__ligand.sdf	1656	124	1546.8	119.876	119.876	1546.8	119.876	0	0.0774994	sas_voromqa	1546.8	3606.76
3fp7-1-3fp7_J-1-3fp7_I-1__receptor.pdb	3fp7-1-3fp7_J-1-3fp7_I-1__ligand.sdf	321	124	1218.34	1.2867	1.2867	1218.34	1.2867	0	0.00105611	sas_voromqa	1218.34	3344.56
3fxx-1-3fxx_A-1-3fxx_B-1__receptor.pdb	3fxx-1-3fxx_A-1-3fxx_B-1__ligand.sdf	2281	98	1007.21	141.534	137.563	1004.18	139.374	0	0.140521	sas_voromqa	1007.21	2652.32
3g2s-1-3g2s_A-1-3g2s_C-1__receptor.pdb	3g2s-1-3g2s_A-1-3g2s_C-1__ligand.sdf	1171	80	870.873	107.036	107.036	870.873	107.036	0	0.122907	sas_voromqa	870.873	2220.52
3g5v-1-3g5v_A-1-3g5v_C-1__receptor.pdb	3g5v-1-3g5v_A-1-3g5v_C-1__ligand.sdf	1640	125	1345.4	-111.632	-111.632	1345.4	-111.632	0	-0.0829731	sas_voromqa	1345.4	3492.71
3g5v-1-3g5v_B-1-3g5v_C-1__receptor.pdb	3g5v-1-3g5v_B-1-3g5v_C-1__ligand.sdf	1523	125	1282.58	-45.7597	-45.7597	1282.58	-45.7597	0	-0.0356779	sas_voromqa	1282.58	3446.99
3g5y-1-3g5y_A-1-3g5y_E-1__receptor.pdb	3g5y-1-3g5y_A-1-3g5y_E-1__ligand.sdf	1635	122	1310.98	-80.9749	-80.9749	1310.98	-80.9749	0	-0.0617667	sas_voromqa	1310.98	3379.77
3g5y-1-3g5y_B-1-3g5y_E-1__receptor.pdb	3g5y-1-3g5y_B-1-3g5y_E-1__ligand.sdf	1610	122	1222.14	-13.9259	-13.9259	1222.14	-13.9259	0	-0.0113947	sas_voromqa	1222.14	3290.3
3g6n-1-3g6n_A-1-3g6n_F-1__receptor.pdb	3g6n-1-3g6n_A-1-3g6n_F-1__ligand.sdf	1433	20	136.284	-8.77803	-8.77803	136.284	-8.77803	0	-0.0644098	sas_voromqa	136.284	517.48
3g7l-1-3g7l_A-1-3g7l_P-1__receptor.pdb	3g7l-1-3g7l_A-1-3g7l_P-1__ligand.sdf	477	59	504.102	-38.621	-38.621	504.102	-38.621	0	-0.0766135	sas_voromqa	504.102	1536.67
3gdv-1-3gdv_B-1-3gdv_E-1__receptor.pdb	3gdv-1-3gdv_B-1-3gdv_E-1__ligand.sdf	2090	33	320.619	64.5422	64.5422	320.619	64.5422	0	0.201305	sas_voromqa	320.619	911.507
3ggw-1-3ggw_A-1-3ggw_E-1__receptor.pdb	3ggw-1-3ggw_A-1-3ggw_E-1__ligand.sdf	1690	105	1078.12	38.9618	38.9618	1078.12	38.9618	0	0.0361386	sas_voromqa	1078.12	2842.71
3ggw-1-3ggw_B-1-3ggw_E-1__receptor.pdb	3ggw-1-3ggw_B-1-3ggw_E-1__ligand.sdf	1589	105	1133.01	7.91581	7.91581	1133.01	7.91581	0	0.00698653	sas_voromqa	1133.01	2884.09
3ghe-1-3ghe_H-1-3ghe_P-1__receptor.pdb	3ghe-1-3ghe_H-1-3ghe_P-1__ligand.sdf	1714	123	1066.6	79.9667	79.9667	1066.6	79.9667	0	0.0749735	sas_voromqa	1066.6	3186.46
3ghe-1-3ghe_L-1-3ghe_P-1__receptor.pdb	3ghe-1-3ghe_L-1-3ghe_P-1__ligand.sdf	1588	123	1402.11	31.2637	31.2637	1402.11	31.2637	0	0.0222976	sas_voromqa	1402.11	3504.51
3ghg-1-3ghg_B-1-3ghg_O-1__receptor.pdb	3ghg-1-3ghg_B-1-3ghg_O-1__ligand.sdf	3209	33	209.055	-26.7776	-26.7776	209.055	-26.7776	0	-0.128089	sas_voromqa	209.055	748.102
3ghg-1-3ghg_F-1-3ghg_N-1__receptor.pdb	3ghg-1-3ghg_F-1-3ghg_N-1__ligand.sdf	3054	30	180.834	-27.4036	-27.4036	180.834	-27.4036	0	-0.15154	sas_voromqa	180.834	746.461
3gi0-1-3gi0_A-1-3gi0_C-1__receptor.pdb	3gi0-1-3gi0_A-1-3gi0_C-1__ligand.sdf	1454	61	206.969	11.8062	11.8062	206.969	11.8062	0	0.0570433	sas_voromqa	206.969	1344.66
3gjf-1-3gjf_H-1-3gjf_C-1__receptor.pdb	3gjf-1-3gjf_H-1-3gjf_C-1__ligand.sdf	1621	75	1211.21	89.5588	89.5588	1211.21	89.5588	0	0.0739416	sas_voromqa	1211.21	2509.19
3gjf-1-3gjf_L-1-3gjf_C-1__receptor.pdb	3gjf-1-3gjf_L-1-3gjf_C-1__ligand.sdf	1559	75	1148.84	104.112	104.112	1148.84	104.112	0	0.0906236	sas_voromqa	1148.84	2441.59
3gjo-1-3gjo_A-1-3gjo_E-1__receptor.pdb	3gjo-1-3gjo_A-1-3gjo_E-1__ligand.sdf	538	89	1149.02	-29.7982	-29.7982	1149.02	-29.7982	0	-0.0259336	sas_voromqa	1149.02	2662.03
3gjo-1-3gjo_A-1-3gjo_F-1__receptor.pdb	3gjo-1-3gjo_A-1-3gjo_F-1__ligand.sdf	538	69	1198.02	55.9728	55.9728	1198.02	55.9728	0	0.0467211	sas_voromqa	1198.02	2311.53
3gjo-2-3gjo_D-1-3gjo_H-1__receptor.pdb	3gjo-2-3gjo_D-1-3gjo_H-1__ligand.sdf	446	37	498.335	31.9876	31.9876	498.335	31.9876	0	0.0641889	sas_voromqa	498.335	1142.98
3gl6-1-3gl6_A-1-3gl6_B-1__receptor.pdb	3gl6-1-3gl6_A-1-3gl6_B-1__ligand.sdf	399	67	696.12	-31.2142	-31.2142	696.12	-31.2142	0	-0.0448403	sas_voromqa	696.12	1853.77
3gnn-1-3gnn_A-1-3gnn_D-1__receptor.pdb	3gnn-1-3gnn_A-1-3gnn_D-1__ligand.sdf	1960	20	322.219	5.37263	5.37263	322.219	5.37263	0	0.0166738	sas_voromqa	322.219	687.362
3gnn-1-3gnn_B-1-3gnn_E-1__receptor.pdb	3gnn-1-3gnn_B-1-3gnn_E-1__ligand.sdf	1773	20	343.91	22.0074	22.0074	343.91	22.0074	0	0.0639917	sas_voromqa	343.91	697.219
3go1-1-3go1_H-1-3go1_P-1__receptor.pdb	3go1-1-3go1_H-1-3go1_P-1__ligand.sdf	1665	118	1518.74	60.3006	60.3006	1518.74	60.3006	0	0.0397044	sas_voromqa	1518.74	3529.71
3go1-1-3go1_L-1-3go1_P-1__receptor.pdb	3go1-1-3go1_L-1-3go1_P-1__ligand.sdf	1576	118	1421.43	47.8145	47.8145	1421.43	47.8145	0	0.0336383	sas_voromqa	1421.43	3518.59
3gof-1-3gof_A-1-3gof_C-1__receptor.pdb	3gof-1-3gof_A-1-3gof_C-1__ligand.sdf	1138	151	812.958	-138.29	-138.29	812.958	-138.29	0	-0.170107	sas_voromqa	812.958	3629.38
3gsn-1-3gsn_A-1-3gsn_P-1__receptor.pdb	3gsn-1-3gsn_A-1-3gsn_P-1__ligand.sdf	1567	65	1069.62	-8.75921	-8.75921	1069.62	-8.75921	0	-0.00818909	sas_voromqa	1069.62	2170.09
3gsn-1-3gsn_B-1-3gsn_P-1__receptor.pdb	3gsn-1-3gsn_B-1-3gsn_P-1__ligand.sdf	1908	65	1126.18	37.9044	37.9044	1126.18	37.9044	0	0.0336575	sas_voromqa	1126.18	2205.81
3gt8-1-3gt8_B-1-3gt8_X-1__receptor.pdb	3gt8-1-3gt8_B-1-3gt8_X-1__ligand.sdf	2356	55	786.164	60.4798	60.4798	786.164	60.4798	0	0.0769303	sas_voromqa	786.164	1754.48
3gv4-1-3gv4_A-1-3gv4_H-1__receptor.pdb	3gv4-1-3gv4_A-1-3gv4_H-1__ligand.sdf	771	28	281.423	-23.6443	-23.6443	281.423	-23.6443	0	-0.0840169	sas_voromqa	281.423	756.053
3gv6-1-3gv6_A-1-3gv6_B-1__receptor.pdb	3gv6-1-3gv6_A-1-3gv6_B-1__ligand.sdf	471	50	365.313	-10.0922	-10.0922	365.313	-10.0922	0	-0.0276262	sas_voromqa	365.313	1238.48
3gyt-1-3gyt_A-1-3gyt_B-1__receptor.pdb	3gyt-1-3gyt_A-1-3gyt_B-1__ligand.sdf	1941	81	742.641	0.62016	0.62016	742.641	0.62016	0	0.000835074	sas_voromqa	742.641	2183
3gze-1-3gze_A-1-3gze_X-1__receptor.pdb	3gze-1-3gze_A-1-3gze_X-1__ligand.sdf	1667	39	172.987	7.72937	7.72937	172.987	7.72937	0	0.0446818	sas_voromqa	172.987	836.899
3h1z-1-3h1z_A-1-3h1z_P-1__receptor.pdb	3h1z-1-3h1z_A-1-3h1z_P-1__ligand.sdf	1858	136	1282.73	-1.04607	-1.04607	1282.73	-1.04607	0	-0.000815503	sas_voromqa	1282.73	3546.59
3h3p-2-3h3p_I-1-3h3p_T-1__receptor.pdb	3h3p-2-3h3p_I-1-3h3p_T-1__ligand.sdf	911	180	1747.34	10.9102	10.9102	1747.34	10.9102	0	0.00624389	sas_voromqa	1747.34	4820.46
3h3p-2-3h3p_M-1-3h3p_T-1__receptor.pdb	3h3p-2-3h3p_M-1-3h3p_T-1__ligand.sdf	825	180	2156.61	139.456	139.456	2156.61	139.456	0	0.0646645	sas_voromqa	2156.61	5122.56
3h5r-1-3h5r_A-1-3h5r_F-1__receptor.pdb	3h5r-1-3h5r_A-1-3h5r_F-1__ligand.sdf	2599	51	811.633	20.2517	20.2517	811.633	20.2517	0	0.0249518	sas_voromqa	811.633	1650.28
3h5r-1-3h5r_C-1-3h5r_G-1__receptor.pdb	3h5r-1-3h5r_C-1-3h5r_G-1__ligand.sdf	2621	8	72.8787	-2.33073	-2.33073	72.8787	-2.33073	0	-0.0319809	sas_voromqa	72.8787	262.216
3h6z-1-3h6z_A-1-3h6z_L-1__receptor.pdb	3h6z-1-3h6z_A-1-3h6z_L-1__ligand.sdf	3421	58	718.178	-45.6813	-45.6813	718.178	-45.6813	0	-0.0636072	sas_voromqa	718.178	1791.66
3h91-3-3h91_B-1-3h91_D-2__receptor.pdb	3h91-3-3h91_B-1-3h91_D-2__ligand.sdf	441	68	1343.22	25.5607	25.5607	1343.22	25.5607	0	0.0190294	sas_voromqa	1343.22	2463.19
3h91-3-3h91_B-2-3h91_D-2__receptor.pdb	3h91-3-3h91_B-2-3h91_D-2__ligand.sdf	441	68	649.685	4.86571	4.86571	649.685	4.86571	0	0.00748934	sas_voromqa	649.685	1883.83
3hbu-1-3hbu_P-1-3hbu_Z-1__receptor.pdb	3hbu-1-3hbu_P-1-3hbu_Z-1__ligand.sdf	3518	24	172.292	3.74305	3.74305	172.292	3.74305	0	0.021725	sas_voromqa	172.292	633.345
3hdb-1-3hdb_A-1-3hdb_L-1__receptor.pdb	3hdb-1-3hdb_A-1-3hdb_L-1__ligand.sdf	3246	26	162	-34.2365	-34.2365	162	-34.2365	0	-0.211336	sas_voromqa	162	644.878
3hdi-1-3hdi_A-1-3hdi_C-1__receptor.pdb	3hdi-1-3hdi_A-1-3hdi_C-1__ligand.sdf	3271	70	836.519	56.6643	56.6643	836.519	56.6643	0	0.0677382	sas_voromqa	836.519	2139.72
3hdi-1-3hdi_A-1-3hdi_D-1__receptor.pdb	3hdi-1-3hdi_A-1-3hdi_D-1__ligand.sdf	3271	85	1521.44	127.974	127.974	1521.44	127.974	0	0.0841137	sas_voromqa	1521.44	2920.93
3hdi-1-3hdi_B-1-3hdi_C-1__receptor.pdb	3hdi-1-3hdi_B-1-3hdi_C-1__ligand.sdf	3271	70	1327.62	105.906	105.906	1327.62	105.906	0	0.0797713	sas_voromqa	1327.62	2452.38
3hdi-1-3hdi_B-1-3hdi_D-1__receptor.pdb	3hdi-1-3hdi_B-1-3hdi_D-1__ligand.sdf	3271	85	934.979	76.8542	76.8542	934.979	76.8542	0	0.0821989	sas_voromqa	934.979	2492.73
3hds-1-3hds_A-1-3hds_E-1__receptor.pdb	3hds-1-3hds_A-1-3hds_E-1__ligand.sdf	960	36	618.112	121.152	121.152	618.112	121.152	0	0.196003	sas_voromqa	618.112	1206.29
3hds-1-3hds_D-1-3hds_E-1__receptor.pdb	3hds-1-3hds_D-1-3hds_E-1__ligand.sdf	898	36	353.286	36.3702	36.3702	353.286	36.3702	0	0.102948	sas_voromqa	353.286	950.625
3hm6-1-3hm6_X-1-3hm6_C-1__receptor.pdb	3hm6-1-3hm6_X-1-3hm6_C-1__ligand.sdf	3943	135	1546.77	125.369	125.369	1546.77	125.369	0	0.0810521	sas_voromqa	1546.77	3918.17
3hna-3-3hna_B-1-3hna_Q-1__receptor.pdb	3hna-3-3hna_B-1-3hna_Q-1__ligand.sdf	2102	87	561.272	-34.4488	-34.4488	561.272	-34.4488	0	-0.0613763	sas_voromqa	561.272	2143.76
3hqi-1-3hqi_B-1-3hqi_D-1__receptor.pdb	3hqi-1-3hqi_B-1-3hqi_D-1__ligand.sdf	2228	40	360.515	0.699447	0.699447	360.515	0.699447	0	0.00194013	sas_voromqa	360.515	1042.9
3hqu-1-3hqu_A-1-3hqu_S-1__receptor.pdb	3hqu-1-3hqu_A-1-3hqu_S-1__ligand.sdf	1690	61	577.666	-31.5716	-31.5716	577.666	-31.5716	0	-0.0546537	sas_voromqa	577.666	1666.78
3hr5-3-3hr5_A-1-3hr5_S-1__receptor.pdb	3hr5-3-3hr5_A-1-3hr5_S-1__ligand.sdf	1696	84	1086.8	-60.2352	-60.2352	1086.8	-60.2352	0	-0.0554244	sas_voromqa	1086.8	2439.97
3hr5-3-3hr5_B-1-3hr5_S-1__receptor.pdb	3hr5-3-3hr5_B-1-3hr5_S-1__ligand.sdf	1648	84	1080.58	15.6192	15.6192	1080.58	15.6192	0	0.0144545	sas_voromqa	1080.58	2431.38
3huf-1-3huf_A-1-3huf_E-1__receptor.pdb	3huf-1-3huf_A-1-3huf_E-1__ligand.sdf	2308	40	434.884	-49.7073	-53.9344	431.657	-52.0073	0	-0.1143	sas_voromqa	434.884	1089.18
3hxi-1-3hxi_A-1-3hxi_C-1__receptor.pdb	3hxi-1-3hxi_A-1-3hxi_C-1__ligand.sdf	1499	124	1077.76	25.6977	25.6977	1077.76	25.6977	0	0.0238436	sas_voromqa	1077.76	3284.96
3i1h-1-3i1h_A-1-3i1h_B-1__receptor.pdb	3i1h-1-3i1h_A-1-3i1h_B-1__ligand.sdf	1155	121	858.743	-138.015	-138.015	858.743	-138.015	0	-0.160717	sas_voromqa	858.743	2939.44
3i5r-1-3i5r_A-1-3i5r_B-1__receptor.pdb	3i5r-1-3i5r_A-1-3i5r_B-1__ligand.sdf	639	70	886.42	45.454	45.454	886.42	45.454	0	0.0512782	sas_voromqa	886.42	2078
3i74-1-3i74_B-1-3i74_D-1__receptor.pdb	3i74-1-3i74_B-1-3i74_D-1__ligand.sdf	4830	38	313.931	25.7996	25.7996	313.931	25.7996	0	0.0821824	sas_voromqa	313.931	994.311
3i7k-1-3i7k_A-1-3i7k_B-1__receptor.pdb	3i7k-1-3i7k_A-1-3i7k_B-1__ligand.sdf	8726	117	631.628	53.7579	53.7579	631.628	53.7579	0	0.0851101	sas_voromqa	631.628	2786.74
3ici-1-3ici_A-1-3ici_C-1__receptor.pdb	3ici-1-3ici_A-1-3ici_C-1__ligand.sdf	1453	72	614.359	-36.6726	-36.6726	614.359	-36.6726	0	-0.0596925	sas_voromqa	614.359	1817.53
3idg-1-3idg_A-1-3idg_C-1__receptor.pdb	3idg-1-3idg_A-1-3idg_C-1__ligand.sdf	1644	53	644.165	47.7347	47.7347	644.165	47.7347	0	0.0741032	sas_voromqa	644.165	1515.4
3idg-1-3idg_B-1-3idg_C-1__receptor.pdb	3idg-1-3idg_B-1-3idg_C-1__ligand.sdf	1703	53	567.582	-11.3493	-11.3493	567.582	-11.3493	0	-0.0199959	sas_voromqa	567.582	1488.76
3iec-3-3iec_C-1-3iec_G-1__receptor.pdb	3iec-3-3iec_C-1-3iec_G-1__ligand.sdf	2534	119	1084.79	-41.3072	-41.3072	1084.79	-41.3072	0	-0.0380785	sas_voromqa	1084.79	3173.65
3iet-1-3iet_A-1-3iet_X-1__receptor.pdb	3iet-1-3iet_A-1-3iet_X-1__ligand.sdf	1660	82	934.243	7.11175	7.11175	934.243	7.11175	0	0.00761231	sas_voromqa	934.243	2306.93
3iet-1-3iet_B-1-3iet_X-1__receptor.pdb	3iet-1-3iet_B-1-3iet_X-1__ligand.sdf	1598	82	957.874	3.80792	3.80792	957.874	3.80792	0	0.00397539	sas_voromqa	957.874	2310.32
3ifl-1-3ifl_H-1-3ifl_P-1__receptor.pdb	3ifl-1-3ifl_H-1-3ifl_P-1__ligand.sdf	1630	60	773.8	-82.9822	-82.9822	773.8	-82.9822	0	-0.10724	sas_voromqa	773.8	1749.34
3ifl-1-3ifl_L-1-3ifl_P-1__receptor.pdb	3ifl-1-3ifl_L-1-3ifl_P-1__ligand.sdf	1686	60	772.244	-62.8134	-62.8134	772.244	-62.8134	0	-0.0813388	sas_voromqa	772.244	1726.34
3ifo-1-3ifo_H-1-3ifo_P-1__receptor.pdb	3ifo-1-3ifo_H-1-3ifo_P-1__ligand.sdf	1641	55	640.221	-88.1838	-88.1838	640.221	-88.1838	0	-0.13774	sas_voromqa	640.221	1521.12
3ifp-3-3ifp_C-1-3ifp_R-1__receptor.pdb	3ifp-3-3ifp_C-1-3ifp_R-1__ligand.sdf	1662	55	623.315	-92.8118	-92.8118	623.315	-92.8118	0	-0.1489	sas_voromqa	623.315	1523.8
3ig6-3-3ig6_B-2-3ig6_A-2__receptor.pdb	3ig6-3-3ig6_B-2-3ig6_A-2__ligand.sdf	1933	19	211.746	32.8203	32.8203	211.746	32.8203	0	0.154998	sas_voromqa	211.746	560.98
3iiq-1-3iiq_B-1-3iiq_D-1__receptor.pdb	3iiq-1-3iiq_B-1-3iiq_D-1__ligand.sdf	1755	49	420.066	63.0994	63.0994	420.066	63.0994	0	0.150213	sas_voromqa	420.066	1232.8
3ik5-3-3ik5_C-1-3ik5_D-1__receptor.pdb	3ik5-3-3ik5_C-1-3ik5_D-1__ligand.sdf	983	122	948.377	28.788	28.788	948.377	28.788	0	0.030355	sas_voromqa	948.377	3075.47
3iqu-1-3iqu_A-1-3iqu_P-1__receptor.pdb	3iqu-1-3iqu_A-1-3iqu_P-1__ligand.sdf	1851	51	427.856	-34.2059	-35.3796	426.96	-34.8446	0	-0.0799472	sas_voromqa	427.856	1329.45
3itb-3-3itb_C-1-3itb_L-1__receptor.pdb	3itb-3-3itb_C-1-3itb_L-1__ligand.sdf	2637	54	652.633	-17.2646	-17.2646	652.633	-17.2646	0	-0.0264538	sas_voromqa	652.633	1553.26
3iur-1-3iur_A-1-3iur_B-1__receptor.pdb	3iur-1-3iur_A-1-3iur_B-1__ligand.sdf	5281	41	437.339	41.7299	41.7299	437.339	41.7299	0	0.0954177	sas_voromqa	437.339	1184.63
3iur-1-3iur_A-1-3iur_C-1__receptor.pdb	3iur-1-3iur_A-1-3iur_C-1__ligand.sdf	5281	41	528.308	71.7565	71.7565	528.308	71.7565	0	0.135823	sas_voromqa	528.308	1215.06
3ivv-1-3ivv_A-1-3ivv_D-1__receptor.pdb	3ivv-1-3ivv_A-1-3ivv_D-1__ligand.sdf	1131	58	725.115	47.0775	47.0775	725.115	47.0775	0	0.0649242	sas_voromqa	725.115	1704.3
3jql-1-3jql_A-1-3jql_B-1__receptor.pdb	3jql-1-3jql_A-1-3jql_B-1__ligand.sdf	909	51	454.324	175.633	175.633	454.324	175.633	0	0.386581	sas_voromqa	454.324	1419.52
3jrv-1-3jrv_A-1-3jrv_C-1__receptor.pdb	3jrv-1-3jrv_A-1-3jrv_C-1__ligand.sdf	1135	68	420.805	6.50661	6.50661	420.805	6.50661	0	0.0154623	sas_voromqa	420.805	1566.31
3jtt-3-3jtt_G-1-3jtt_I-1__receptor.pdb	3jtt-3-3jtt_G-1-3jtt_I-1__ligand.sdf	2261	71	345.666	-23.0143	-23.0143	345.666	-23.0143	0	-0.0665796	sas_voromqa	345.666	1605.58
3jv2-1-3jv2_A-1-3jv2_C-1__receptor.pdb	3jv2-1-3jv2_A-1-3jv2_C-1__ligand.sdf	6043	15	195.821	12.882	12.882	195.821	12.882	0	0.0657846	sas_voromqa	195.821	468.17
3jwr-1-3jwr_A-1-3jwr_C-1__receptor.pdb	3jwr-1-3jwr_A-1-3jwr_C-1__ligand.sdf	2629	141	1117.45	-19.8028	-19.8028	1117.45	-19.8028	0	-0.0177214	sas_voromqa	1117.45	3632.33
3jxt-1-3jxt_A-1-3jxt_D-1__receptor.pdb	3jxt-1-3jxt_A-1-3jxt_D-1__ligand.sdf	720	63	626.669	61.4556	61.4556	626.669	61.4556	0	0.0980671	sas_voromqa	626.669	1683.36
3k05-1-3k05_A-1-3k05_C-1__receptor.pdb	3k05-1-3k05_A-1-3k05_C-1__ligand.sdf	1487	41	423.546	-51.1766	-53.7501	421.581	-52.5768	0	-0.120829	sas_voromqa	423.546	1099.8
3k26-1-3k26_A-1-3k26_B-1__receptor.pdb	3k26-1-3k26_A-1-3k26_B-1__ligand.sdf	2916	21	228.301	21.0722	21.0722	228.301	21.0722	0	0.0923001	sas_voromqa	228.301	629.253
3k48-1-3k48_D-1-3k48_R-1__receptor.pdb	3k48-1-3k48_D-1-3k48_R-1__ligand.sdf	1080	141	1350.86	112.664	112.664	1350.86	112.664	0	0.0834017	sas_voromqa	1350.86	3706.99
3k48-1-3k48_D-1-3k48_T-1__receptor.pdb	3k48-1-3k48_D-1-3k48_T-1__ligand.sdf	1080	116	1157.12	194.897	194.897	1157.12	194.897	0	0.168433	sas_voromqa	1157.12	3111.37
3kd7-3-3kd7_C-1-3kd7_I-1__receptor.pdb	3kd7-3-3kd7_C-1-3kd7_I-1__ligand.sdf	841	45	528.27	-27.1739	-27.1739	528.27	-27.1739	0	-0.0514394	sas_voromqa	528.27	1345.32
3kmt-3-3kmt_C-1-3kmt_I-1__receptor.pdb	3kmt-3-3kmt_C-1-3kmt_I-1__ligand.sdf	941	57	410.297	-42.4167	-42.4167	410.297	-42.4167	0	-0.10338	sas_voromqa	410.297	1426.28
3kmz-1-3kmz_B-1-3kmz_D-1__receptor.pdb	3kmz-1-3kmz_B-1-3kmz_D-1__ligand.sdf	1743	156	1983.5	30.2141	-18.2061	1946.53	3.86865	0	0.0152327	sas_voromqa	1983.5	4644.91
3kmz-3-3kmz_A-2-3kmz_D-2__receptor.pdb	3kmz-3-3kmz_A-2-3kmz_D-2__ligand.sdf	1743	156	1246.41	-57.893	-70.4173	1236.85	-64.7074	0	-0.0464478	sas_voromqa	1246.41	4037.72
3kti-1-3kti_B-1-3kti_K-1__receptor.pdb	3kti-1-3kti_B-1-3kti_K-1__ligand.sdf	1326	52	697.257	113.139	113.139	697.257	113.139	0	0.162263	sas_voromqa	697.257	1608.95
3kti-1-3kti_G-1-3kti_N-1__receptor.pdb	3kti-1-3kti_G-1-3kti_N-1__ligand.sdf	1325	52	482.9	96.4724	96.4724	482.9	96.4724	0	0.199777	sas_voromqa	482.9	1422.23
3kuj-1-3kuj_A-1-3kuj_B-1__receptor.pdb	3kuj-1-3kuj_A-1-3kuj_B-1__ligand.sdf	585	118	1301.5	-10.2691	-16.7747	1296.54	-13.8088	0	-0.0078902	sas_voromqa	1301.5	3318.7
3kv4-1-3kv4_A-1-3kv4_B-1__receptor.pdb	3kv4-1-3kv4_A-1-3kv4_B-1__ligand.sdf	3456	108	477.462	6.89231	6.89231	477.462	6.89231	0	0.0144353	sas_voromqa	477.462	2562.5
3kyo-1-3kyo_A-1-3kyo_P-1__receptor.pdb	3kyo-1-3kyo_A-1-3kyo_P-1__ligand.sdf	2224	78	359.458	20.4309	20.4309	359.458	20.4309	0	0.0568381	sas_voromqa	359.458	1860.04
3kze-1-3kze_A-1-3kze_D-1__receptor.pdb	3kze-1-3kze_A-1-3kze_D-1__ligand.sdf	692	64	1018.05	78.9431	78.9431	1018.05	78.9431	0	0.0775434	sas_voromqa	1018.05	2060.96
3l0e-1-3l0e_A-1-3l0e_B-1__receptor.pdb	3l0e-1-3l0e_A-1-3l0e_B-1__ligand.sdf	1930	98	805.531	3.36216	3.36216	805.531	3.36216	0	0.00417384	sas_voromqa	805.531	2565.76
3l41-1-3l41_A-1-3l41_B-1__receptor.pdb	3l41-1-3l41_A-1-3l41_B-1__ligand.sdf	1696	49	522.196	-11.3183	-13.8429	520.268	-12.6919	0	-0.0216744	sas_voromqa	522.196	1359.01
3l6x-1-3l6x_A-1-3l6x_B-1__receptor.pdb	3l6x-1-3l6x_A-1-3l6x_B-1__ligand.sdf	3362	141	1069.89	-101.898	-101.898	1069.89	-101.898	0	-0.0952416	sas_voromqa	1069.89	3428.63
3l81-1-3l81_A-1-3l81_B-1__receptor.pdb	3l81-1-3l81_A-1-3l81_B-1__ligand.sdf	1969	69	801.655	29.3798	29.3798	801.655	29.3798	0	0.0366489	sas_voromqa	801.655	1945.93
3lae-1-3lae_A-1-3lae_X-1__receptor.pdb	3lae-1-3lae_A-1-3lae_X-1__ligand.sdf	606	23	299.307	29.5518	29.5518	299.307	29.5518	0	0.0987341	sas_voromqa	299.307	710.188
3lex-1-3lex_H-1-3lex_P-1__receptor.pdb	3lex-1-3lex_H-1-3lex_P-1__ligand.sdf	1622	64	812.106	61.1691	61.1691	812.106	61.1691	0	0.0753216	sas_voromqa	812.106	1858.54
3ley-1-3ley_L-1-3ley_P-1__receptor.pdb	3ley-1-3ley_L-1-3ley_P-1__ligand.sdf	1680	70	931.037	40.7792	40.7792	931.037	40.7792	0	0.0437998	sas_voromqa	931.037	2137.65
3lge-1-3lge_B-1-3lge_F-1__receptor.pdb	3lge-1-3lge_B-1-3lge_F-1__ligand.sdf	2694	163	1233.54	8.80264	8.80264	1233.54	8.80264	0	0.00713608	sas_voromqa	1233.54	3959.82
3lgf-1-3lgf_A-2-3lgf_B-2__receptor.pdb	3lgf-1-3lgf_A-2-3lgf_B-2__ligand.sdf	952	11	153.41	0.889987	0.889987	153.41	0.889987	0	0.00580136	sas_voromqa	153.41	380.356
3liy-3-3liy_A-1-3liy_I-1__receptor.pdb	3liy-3-3liy_A-1-3liy_I-1__ligand.sdf	883	72	752.77	45.2802	45.2802	752.77	45.2802	0	0.0601514	sas_voromqa	752.77	2053.15
3llz-1-3llz_A-1-3llz_B-1__receptor.pdb	3llz-1-3llz_A-1-3llz_B-1__ligand.sdf	1048	103	1243.56	17.9713	17.9713	1243.56	17.9713	0	0.0144515	sas_voromqa	1243.56	2943.9
3llz-1-3llz_A-4-3llz_B-3__receptor.pdb	3llz-1-3llz_A-4-3llz_B-3__ligand.sdf	1048	103	1493.57	57.9648	57.9648	1493.57	57.9648	0	0.0388096	sas_voromqa	1493.57	3177.6
3llz-3-3llz_A-1-3llz_B-2__receptor.pdb	3llz-3-3llz_A-1-3llz_B-2__ligand.sdf	1048	103	1384.65	38.6697	38.6697	1384.65	38.6697	0	0.0279274	sas_voromqa	1384.65	3070.45
3ln4-1-3ln4_A-1-3ln4_C-1__receptor.pdb	3ln4-1-3ln4_A-1-3ln4_C-1__ligand.sdf	2245	63	428.146	84.4559	84.4559	428.146	84.4559	0	0.19726	sas_voromqa	428.146	1565.64
3lnj-1-3lnj_C-1-3lnj_B-1__receptor.pdb	3lnj-1-3lnj_C-1-3lnj_B-1__ligand.sdf	689	101	1266.66	6.31672	6.31672	1266.66	6.31672	0	0.00498691	sas_voromqa	1266.66	2955.13
3lny-1-3lny_A-3-3lny_B-3__receptor.pdb	3lny-1-3lny_A-3-3lny_B-3__ligand.sdf	690	44	438.132	-32.2163	-32.2163	438.132	-32.2163	0	-0.073531	sas_voromqa	438.132	1190.04
3lnz-3-3lnz_G-1-3lnz_F-1__receptor.pdb	3lnz-3-3lnz_G-1-3lnz_F-1__ligand.sdf	696	91	1013.92	214.536	214.536	1013.92	214.536	0	0.211591	sas_voromqa	1013.92	2515.03
3lon-1-3lon_A-1-3lon_D-1__receptor.pdb	3lon-1-3lon_A-1-3lon_D-1__ligand.sdf	1341	108	1805.55	67.7237	67.7237	1805.55	67.7237	0	0.0375086	sas_voromqa	1805.55	3582.27
3lon-1-3lon_C-1-3lon_B-1__receptor.pdb	3lon-1-3lon_C-1-3lon_B-1__ligand.sdf	1116	159	2770.04	56.2104	56.2104	2770.04	56.2104	0	0.0202923	sas_voromqa	2770.04	5421.44
3lon-2-3lon_A-1-3lon_B-1__receptor.pdb	3lon-2-3lon_A-1-3lon_B-1__ligand.sdf	1341	159	1502.78	19.9395	19.9395	1502.78	19.9395	0	0.0132684	sas_voromqa	1502.78	4343.45
3lon-3-3lon_C-1-3lon_D-1__receptor.pdb	3lon-3-3lon_C-1-3lon_D-1__ligand.sdf	1116	108	1076.51	45.8029	45.8029	1076.51	45.8029	0	0.0425476	sas_voromqa	1076.51	2986.64
3lqj-1-3lqj_A-1-3lqj_Q-1__receptor.pdb	3lqj-1-3lqj_A-1-3lqj_Q-1__ligand.sdf	1442	51	351.655	-30.8703	-30.8703	351.655	-30.8703	0	-0.0877858	sas_voromqa	351.655	1305.35
3lrh-3-3lrh_E-1-3lrh_F-1__receptor.pdb	3lrh-3-3lrh_E-1-3lrh_F-1__ligand.sdf	828	118	1234.93	-13.4128	-13.4128	1234.93	-13.4128	0	-0.0108612	sas_voromqa	1234.93	3281.84
3m4c-2-3m4c_D-1-3m4c_E-3__receptor.pdb	3m4c-2-3m4c_D-1-3m4c_E-3__ligand.sdf	814	111	1245.35	-19.0986	-28.5887	1238.1	-24.2622	0	-0.0153359	sas_voromqa	1245.35	3069.56
3m94-1-3m94_A-1-3m94_C-1__receptor.pdb	3m94-1-3m94_A-1-3m94_C-1__ligand.sdf	1441	120	1168.54	6.50177	6.50177	1168.54	6.50177	0	0.00556401	sas_voromqa	1168.54	3344.2
3mat-1-3mat_A-1-3mat_I-1__receptor.pdb	3mat-1-3mat_A-1-3mat_I-1__ligand.sdf	2008	23	100.472	11.559	11.559	100.472	11.559	0	0.115047	sas_voromqa	100.472	575.714
3maz-1-3maz_A-1-3maz_B-1__receptor.pdb	3maz-1-3maz_A-1-3maz_B-1__ligand.sdf	800	85	767.631	-34.0711	-34.0711	767.631	-34.0711	0	-0.0443847	sas_voromqa	767.631	2256.42
3mbe-1-3mbe_B-1-3mbe_P-1__receptor.pdb	3mbe-1-3mbe_B-1-3mbe_P-1__ligand.sdf	1487	132	1746.18	46.3484	46.3484	1746.18	46.3484	0	0.0265427	sas_voromqa	1746.18	3959.34
3mbe-1-3mbe_C-1-3mbe_P-1__receptor.pdb	3mbe-1-3mbe_C-1-3mbe_P-1__ligand.sdf	1494	132	2231.8	96.8869	96.8869	2231.8	96.8869	0	0.043412	sas_voromqa	2231.8	4391.53
3mbe-1-3mbe_D-1-3mbe_P-1__receptor.pdb	3mbe-1-3mbe_D-1-3mbe_P-1__ligand.sdf	1878	132	2201.17	125.564	125.564	2201.17	125.564	0	0.0570442	sas_voromqa	2201.17	4341.07
3mea-1-3mea_A-1-3mea_B-1__receptor.pdb	3mea-1-3mea_A-1-3mea_B-1__ligand.sdf	1259	35	383.352	-25.2682	-25.2682	383.352	-25.2682	0	-0.0659138	sas_voromqa	383.352	1017.04
3mg9-1-3mg9_A-1-3mg9_B-1__receptor.pdb	3mg9-1-3mg9_A-1-3mg9_B-1__ligand.sdf	1945	91	381.85	87.713	65.4779	364.876	75.6149	0	0.229705	sas_voromqa	381.85	1856.5
3mg9-1-3mg9_A-1-3mg9_C-2__receptor.pdb	3mg9-1-3mg9_A-1-3mg9_C-2__ligand.sdf	1945	85	865.508	245.949	148.445	791.072	192.897	0	0.284167	sas_voromqa	865.508	2163.06
3mg9-1-3mg9_A-2-3mg9_C-2__receptor.pdb	3mg9-1-3mg9_A-2-3mg9_C-2__ligand.sdf	1945	85	971.923	212.823	152.904	926.181	180.221	0	0.218971	sas_voromqa	971.923	2233.78
3mgb-1-3mgb_A-2-3mgb_C-2__receptor.pdb	3mgb-1-3mgb_A-2-3mgb_C-2__ligand.sdf	2197	85	581.913	207.252	126.919	520.587	163.543	0	0.356156	sas_voromqa	581.913	1893.55
3mgb-1-3mgb_A-2-3mgb_D-2__receptor.pdb	3mgb-1-3mgb_A-2-3mgb_D-2__ligand.sdf	2197	85	711.43	194.216	120.602	655.232	154.163	0	0.272994	sas_voromqa	711.43	2015.38
3mgb-1-3mgb_B-1-3mgb_C-2__receptor.pdb	3mgb-1-3mgb_B-1-3mgb_C-2__ligand.sdf	2050	85	1051.55	254.272	168.779	986.286	207.755	0	0.241807	sas_voromqa	1051.55	2306.43
3mgb-1-3mgb_B-1-3mgb_D-2__receptor.pdb	3mgb-1-3mgb_B-1-3mgb_D-2__ligand.sdf	2050	85	1070.57	267.22	176.946	1001.65	218.102	0	0.249605	sas_voromqa	1070.57	2320.41
3mh7-1-3mh7_A-19-3mh7_B-19__receptor.pdb	3mh7-1-3mh7_A-19-3mh7_B-19__ligand.sdf	2763	26	229.794	0.592426	0.592426	229.794	0.592426	0	0.00257807	sas_voromqa	229.794	719.327
3mh7-1-3mh7_A-9-3mh7_C-9__receptor.pdb	3mh7-1-3mh7_A-9-3mh7_C-9__ligand.sdf	2763	26	336.039	14.8518	14.8518	336.039	14.8518	0	0.0441967	sas_voromqa	336.039	802.094
3mk4-1-3mk4_A-1-3mk4_B-1__receptor.pdb	3mk4-1-3mk4_A-1-3mk4_B-1__ligand.sdf	2241	122	1141.04	-94.6316	-94.6316	1141.04	-94.6316	0	-0.0829345	sas_voromqa	1141.04	3236.82
3ml4-1-3ml4_B-1-3ml4_E-1__receptor.pdb	3ml4-1-3ml4_B-1-3ml4_E-1__ligand.sdf	1539	80	1176.48	52.0134	46.4219	1172.21	48.9711	0	0.044211	sas_voromqa	1176.48	2495.05
3ml4-1-3ml4_B-1-3ml4_F-1__receptor.pdb	3ml4-1-3ml4_B-1-3ml4_F-1__ligand.sdf	1539	80	755.804	22.8821	22.8821	755.804	22.8821	0	0.0302752	sas_voromqa	755.804	2146.83
3mlr-1-3mlr_H-1-3mlr_P-1__receptor.pdb	3mlr-1-3mlr_H-1-3mlr_P-1__ligand.sdf	1704	103	1107.11	30.3554	30.3554	1107.11	30.3554	0	0.0274186	sas_voromqa	1107.11	2933.83
3mlr-1-3mlr_L-1-3mlr_P-1__receptor.pdb	3mlr-1-3mlr_L-1-3mlr_P-1__ligand.sdf	1641	103	1133.31	55.1158	55.1158	1133.31	55.1158	0	0.0486326	sas_voromqa	1133.31	2944.55
3mlw-2-3mlw_I-1-3mlw_Q-1__receptor.pdb	3mlw-2-3mlw_I-1-3mlw_Q-1__ligand.sdf	1726	142	1500.02	3.73722	3.73722	1500.02	3.73722	0	0.00249145	sas_voromqa	1500.02	4026.71
3mlw-2-3mlw_M-1-3mlw_Q-1__receptor.pdb	3mlw-2-3mlw_M-1-3mlw_Q-1__ligand.sdf	1621	142	1571.84	-23.981	-23.981	1571.84	-23.981	0	-0.0152566	sas_voromqa	1571.84	4068.9
3mly-2-3mly_I-1-3mly_Q-1__receptor.pdb	3mly-2-3mly_I-1-3mly_Q-1__ligand.sdf	1722	102	1039.91	-11.7054	-11.7054	1039.91	-11.7054	0	-0.0112562	sas_voromqa	1039.91	2810.79
3mly-2-3mly_M-1-3mly_Q-1__receptor.pdb	3mly-2-3mly_M-1-3mly_Q-1__ligand.sdf	1592	102	1474.34	72.3697	72.3697	1474.34	72.3697	0	0.0490862	sas_voromqa	1474.34	3208.76
3mmg-3-3mmg_A-1-3mmg_C-1__receptor.pdb	3mmg-3-3mmg_A-1-3mmg_C-1__ligand.sdf	1718	60	300.19	-63.274	-63.274	300.19	-63.274	0	-0.21078	sas_voromqa	300.19	1346.7
3mn6-3-3mn6_K-1-3mn6_Z-1__receptor.pdb	3mn6-3-3mn6_K-1-3mn6_Z-1__ligand.sdf	2817	95	1220.73	114.217	114.217	1220.73	114.217	0	0.0935645	sas_voromqa	1220.73	2943.33
3mnp-1-3mnp_A-1-3mnp_B-1__receptor.pdb	3mnp-1-3mnp_A-1-3mnp_B-1__ligand.sdf	2073	81	694.818	48.3112	48.3112	694.818	48.3112	0	0.0695307	sas_voromqa	694.818	2144.69
3mnz-1-3mnz_A-1-3mnz_P-1__receptor.pdb	3mnz-1-3mnz_A-1-3mnz_P-1__ligand.sdf	1709	137	1528.01	97.4298	97.4298	1528.01	97.4298	0	0.0637625	sas_voromqa	1528.01	3805.49
3mnz-1-3mnz_B-1-3mnz_P-1__receptor.pdb	3mnz-1-3mnz_B-1-3mnz_P-1__ligand.sdf	1557	137	1357.87	22.6309	22.6309	1357.87	22.6309	0	0.0166665	sas_voromqa	1357.87	3622.92
3mp6-1-3mp6_A-1-3mp6_P-1__receptor.pdb	3mp6-1-3mp6_A-1-3mp6_P-1__ligand.sdf	3950	34	387.524	-25.4393	-25.4393	387.524	-25.4393	0	-0.0656457	sas_voromqa	387.524	997.278
3mpj-1-3mpj_B-1-3mpj_Y-1__receptor.pdb	3mpj-1-3mpj_B-1-3mpj_Y-1__ligand.sdf	3008	72	768.967	33.0533	33.0533	768.967	33.0533	0	0.042984	sas_voromqa	768.967	1993.62
3mre-1-3mre_A-1-3mre_P-1__receptor.pdb	3mre-1-3mre_A-1-3mre_P-1__ligand.sdf	2239	62	332.481	42.2455	42.2455	332.481	42.2455	0	0.127061	sas_voromqa	332.481	1565.09
3mt6-1-3mt6_S-1-3mt6_s-1__receptor.pdb	3mt6-1-3mt6_S-1-3mt6_s-1__ligand.sdf	1432	52	499.098	88.1764	88.1764	499.098	88.1764	0	0.176672	sas_voromqa	499.098	1411.76
3mt6-1-3mt6_Z-1-3mt6_y-1__receptor.pdb	3mt6-1-3mt6_Z-1-3mt6_y-1__ligand.sdf	1427	52	675.082	102.609	102.609	675.082	102.609	0	0.151995	sas_voromqa	675.082	1564.69
3mul-1-3mul_A-1-3mul_D-1__receptor.pdb	3mul-1-3mul_A-1-3mul_D-1__ligand.sdf	1039	18	182.787	4.97412	4.97412	182.787	4.97412	0	0.0272127	sas_voromqa	182.787	523.334
3mv7-1-3mv7_D-1-3mv7_C-1__receptor.pdb	3mv7-1-3mv7_D-1-3mv7_C-1__ligand.sdf	1557	95	1359.61	108.668	108.668	1359.61	108.668	0	0.0799259	sas_voromqa	1359.61	2859.57
3mv7-1-3mv7_E-1-3mv7_C-1__receptor.pdb	3mv7-1-3mv7_E-1-3mv7_C-1__ligand.sdf	1919	95	1290.67	95.6288	95.6288	1290.67	95.6288	0	0.0740924	sas_voromqa	1290.67	2795.43
3n3x-1-3n3x_A-1-3n3x_B-1__receptor.pdb	3n3x-1-3n3x_A-1-3n3x_B-1__ligand.sdf	1911	43	367.191	-78.4158	-78.4158	367.191	-78.4158	0	-0.213556	sas_voromqa	367.191	1087.67
3n5e-1-3n5e_B-1-3n5e_D-1__receptor.pdb	3n5e-1-3n5e_B-1-3n5e_D-1__ligand.sdf	2118	69	735.219	3.13465	3.13465	735.219	3.13465	0	0.00426356	sas_voromqa	735.219	1883.12
3n93-1-3n93_B-1-3n93_C-1__receptor.pdb	3n93-1-3n93_B-1-3n93_C-1__ligand.sdf	3603	118	969.524	-25.4376	-25.4376	969.524	-25.4376	0	-0.0262372	sas_voromqa	969.524	3125.03
3n9n-1-3n9n_A-1-3n9n_B-1__receptor.pdb	3n9n-1-3n9n_A-1-3n9n_B-1__ligand.sdf	4007	51	506.988	12.5504	12.5504	506.988	12.5504	0	0.0247548	sas_voromqa	506.988	1434.42
3n9n-1-3n9n_A-1-3n9n_C-1__receptor.pdb	3n9n-1-3n9n_A-1-3n9n_C-1__ligand.sdf	4007	73	487.039	20.685	20.685	487.039	20.685	0	0.0424709	sas_voromqa	487.039	1865.45
3naz-1-3naz_C-1-3naz_E-1__receptor.pdb	3naz-1-3naz_C-1-3naz_E-1__ligand.sdf	4935	25	303.816	27.7496	27.7496	303.816	27.7496	0	0.0913369	sas_voromqa	303.816	781.149
3nfk-3-3nfk_A-2-3nfk_C-1__receptor.pdb	3nfk-3-3nfk_A-2-3nfk_C-1__ligand.sdf	710	104	1299.2	-47.5172	-47.5172	1299.2	-47.5172	0	-0.0365742	sas_voromqa	1299.2	3010.95
3nfk-3-3nfk_B-2-3nfk_D-2__receptor.pdb	3nfk-3-3nfk_B-2-3nfk_D-2__ligand.sdf	694	40	402.22	-73.6571	-73.6571	402.22	-73.6571	0	-0.183126	sas_voromqa	402.22	1083.7
3nil-3-3nil_D-1-3nil_X-1__receptor.pdb	3nil-3-3nil_D-1-3nil_X-1__ligand.sdf	628	24	201.55	-9.16102	-9.16102	201.55	-9.16102	0	-0.0454528	sas_voromqa	201.55	612.351
3njn-3-3njn_C-1-3njn_D-1__receptor.pdb	3njn-3-3njn_C-1-3njn_D-1__ligand.sdf	852	54	312.041	-23.964	-23.964	312.041	-23.964	0	-0.0767976	sas_voromqa	312.041	1280.89
3nk4-1-3nk4_A-1-3nk4_C-1__receptor.pdb	3nk4-1-3nk4_A-1-3nk4_C-1__ligand.sdf	2144	183	1600.5	-128.112	-128.112	1600.5	-128.112	0	-0.080045	sas_voromqa	1600.5	4740.22
3nk4-1-3nk4_B-1-3nk4_C-1__receptor.pdb	3nk4-1-3nk4_B-1-3nk4_C-1__ligand.sdf	2063	183	2622.75	9.01186	9.01186	2622.75	9.01186	0	0.00343603	sas_voromqa	2622.75	5541.11
3nth-1-3nth_A-1-3nth_C-1__receptor.pdb	3nth-1-3nth_A-1-3nth_C-1__ligand.sdf	1306	49	554.362	-113.862	-113.862	554.362	-113.862	0	-0.205393	sas_voromqa	554.362	1398.53
3ntw-2-3ntw_C-1-3ntw_D-1__receptor.pdb	3ntw-2-3ntw_C-1-3ntw_D-1__ligand.sdf	427	105	1187.19	99.327	99.327	1187.19	99.327	0	0.0836656	sas_voromqa	1187.19	2992.73
3nzi-1-3nzi_A-3-3nzi_B-3__receptor.pdb	3nzi-1-3nzi_A-3-3nzi_B-3__ligand.sdf	1592	40	332.071	63.4936	63.4935	332.071	63.4935	0	0.191205	sas_voromqa	332.071	1100.96
3nzj-1-3nzj_K-1-3nzj_3-1__receptor.pdb	3nzj-1-3nzj_K-1-3nzj_3-1__ligand.sdf	1644	54	659.207	239.933	239.933	659.207	239.933	0	0.363972	sas_voromqa	659.207	1587.02
3o2h-1-3o2h_A-1-3o2h_B-1__receptor.pdb	3o2h-1-3o2h_A-1-3o2h_B-1__ligand.sdf	755	88	1350.73	40.7763	40.7763	1350.73	40.7763	0	0.0301883	sas_voromqa	1350.73	2831.09
3o36-1-3o36_A-1-3o36_E-1__receptor.pdb	3o36-1-3o36_A-1-3o36_E-1__ligand.sdf	1491	21	209.188	2.92705	2.92705	209.188	2.92705	0	0.0139924	sas_voromqa	209.188	616.984
3o37-3-3o37_C-1-3o37_G-1__receptor.pdb	3o37-3-3o37_C-1-3o37_G-1__ligand.sdf	1435	80	933.254	-68.8896	-68.8896	933.254	-68.8896	0	-0.0738166	sas_voromqa	933.254	2298.22
3o41-1-3o41_H-1-3o41_P-1__receptor.pdb	3o41-1-3o41_H-1-3o41_P-1__ligand.sdf	1669	82	1107.1	82.4138	82.4138	1107.1	82.4138	0	0.0744412	sas_voromqa	1107.1	2521.94
3o41-1-3o41_L-1-3o41_P-1__receptor.pdb	3o41-1-3o41_L-1-3o41_P-1__ligand.sdf	1692	82	1352.42	36.0991	36.0991	1352.42	36.0991	0	0.0266922	sas_voromqa	1352.42	2734.95
3o4l-1-3o4l_D-1-3o4l_C-1__receptor.pdb	3o4l-1-3o4l_D-1-3o4l_C-1__ligand.sdf	1538	62	1110.77	62.8684	62.8684	1110.77	62.8684	0	0.0565989	sas_voromqa	1110.77	2182.7
3o4l-1-3o4l_E-1-3o4l_C-1__receptor.pdb	3o4l-1-3o4l_E-1-3o4l_C-1__ligand.sdf	1930	62	1073.43	59.7001	59.7001	1073.43	59.7001	0	0.0556162	sas_voromqa	1073.43	2150.79
3o6l-1-3o6l_H-1-3o6l_C-1__receptor.pdb	3o6l-1-3o6l_H-1-3o6l_C-1__ligand.sdf	1648	121	1259.18	44.0144	44.0144	1259.18	44.0144	0	0.0349548	sas_voromqa	1259.18	3370.61
3o7a-1-3o7a_A-1-3o7a_B-1__receptor.pdb	3o7a-1-3o7a_A-1-3o7a_B-1__ligand.sdf	416	51	490.373	-26.8076	-26.8076	490.373	-26.8076	0	-0.0546678	sas_voromqa	490.373	1404.2
3o7l-1-3o7l_D-1-3o7l_I-1__receptor.pdb	3o7l-1-3o7l_D-1-3o7l_I-1__ligand.sdf	2573	110	1536.61	-53.0942	-53.0942	1536.61	-53.0942	0	-0.0345528	sas_voromqa	1536.61	3396.01
3oa6-1-3oa6_A-1-3oa6_G-1__receptor.pdb	3oa6-1-3oa6_A-1-3oa6_G-1__ligand.sdf	697	41	424.263	2.92642	2.92642	424.263	2.92642	0	0.00689766	sas_voromqa	424.263	1172.89
3obq-1-3obq_A-1-3obq_B-1__receptor.pdb	3obq-1-3obq_A-1-3obq_B-1__ligand.sdf	1133	62	702.297	-4.24408	-4.24408	702.297	-4.24408	0	-0.00604314	sas_voromqa	702.297	1753.41
3od5-1-3od5_A-1-3od5_C-1__receptor.pdb	3od5-1-3od5_A-1-3od5_C-1__ligand.sdf	1916	35	235.323	-10.2856	-10.2856	235.323	-10.2856	0	-0.0437084	sas_voromqa	235.323	873.427
3oe0-1-3oe0_A-1-3oe0_I-1__receptor.pdb	3oe0-1-3oe0_A-1-3oe0_I-1__ligand.sdf	3484	150	821.542	20.3344	20.3344	821.542	20.3344	0	0.0247515	sas_voromqa	821.542	3550.54
3ogk-1-3ogk_P-1-3ogk_X-1__receptor.pdb	3ogk-1-3ogk_P-1-3ogk_X-1__ligand.sdf	4521	119	887.72	-116.255	-116.255	887.72	-116.255	0	-0.130959	sas_voromqa	887.72	3170
3okr-2-3okr_D-1-3okr_F-1__receptor.pdb	3okr-2-3okr_D-1-3okr_F-1__ligand.sdf	1434	35	580.948	60.4053	60.4053	580.948	60.4053	0	0.103977	sas_voromqa	580.948	1172.02
3oll-3-3oll_A-1-3oll_C-1__receptor.pdb	3oll-3-3oll_A-1-3oll_C-1__ligand.sdf	1837	92	908.5	-67.7561	-67.7561	908.5	-67.7561	0	-0.0745802	sas_voromqa	908.5	2580.48
3omc-1-3omc_A-1-3omc_C-1__receptor.pdb	3omc-1-3omc_A-1-3omc_C-1__ligand.sdf	1724	55	590.769	-113.747	-113.747	590.769	-113.747	0	-0.192541	sas_voromqa	590.769	1560.75
3omc-2-3omc_B-1-3omc_D-1__receptor.pdb	3omc-2-3omc_B-1-3omc_D-1__ligand.sdf	1709	13	119.56	5.52181	5.52181	119.56	5.52181	0	0.0461844	sas_voromqa	119.56	379.639
3ou4-1-3ou4_B-1-3ou4_C-1__receptor.pdb	3ou4-1-3ou4_B-1-3ou4_C-1__ligand.sdf	756	62	631.352	104.213	104.213	631.352	104.213	0	0.165063	sas_voromqa	631.352	1657.62
3ov1-1-3ov1_A-1-3ov1_B-1__receptor.pdb	3ov1-1-3ov1_A-1-3ov1_B-1__ligand.sdf	833	34	245.883	26.5792	26.5398	245.853	26.5578	0	0.108097	sas_voromqa	245.883	810.207
3oyp-1-3oyp_A-1-3oyp_E-1__receptor.pdb	3oyp-1-3oyp_A-1-3oyp_E-1__ligand.sdf	1278	43	264.385	79.9195	43.2749	236.411	59.9811	0	0.302285	sas_voromqa	264.385	1011.24
3p4u-1-3p4u_A-1-3p4u_E-1__receptor.pdb	3p4u-1-3p4u_A-1-3p4u_E-1__ligand.sdf	1131	35	499.094	17.2092	17.2092	499.094	17.2092	0	0.0344809	sas_voromqa	499.094	1105.06
3p4u-1-3p4u_B-1-3p4u_E-1__receptor.pdb	3p4u-1-3p4u_B-1-3p4u_E-1__ligand.sdf	738	35	386.442	-31.1448	-31.1448	386.442	-31.1448	0	-0.0805937	sas_voromqa	386.442	1023.57
3p72-1-3p72_A-1-3p72_B-1__receptor.pdb	3p72-1-3p72_A-1-3p72_B-1__ligand.sdf	2106	86	632.91	30.8333	30.8333	632.91	30.8333	0	0.0487167	sas_voromqa	632.91	2164.52
3p7o-1-3p7o_A-1-3p7o_B-1__receptor.pdb	3p7o-1-3p7o_A-1-3p7o_B-1__ligand.sdf	7834	40	368.893	27.2282	27.2282	368.893	27.2282	0	0.0738106	sas_voromqa	368.893	1124.47
3p7o-1-3p7o_A-2-3p7o_C-2__receptor.pdb	3p7o-1-3p7o_A-2-3p7o_C-2__ligand.sdf	7834	35	467.274	43.0374	43.0374	467.274	43.0374	0	0.0921031	sas_voromqa	467.274	1110.56
3p87-3-3p87_D-1-3p87_G-1__receptor.pdb	3p87-3-3p87_D-1-3p87_G-1__ligand.sdf	1834	79	1101.15	188.382	188.382	1101.15	188.382	0	0.171078	sas_voromqa	1101.15	2444.13
3p89-3-3p89_A-1-3p89_B-6__receptor.pdb	3p89-3-3p89_A-1-3p89_B-6__ligand.sdf	1756	93	1166.42	-35.4021	-35.4021	1166.42	-35.4021	0	-0.0303511	sas_voromqa	1166.42	2770.9
3p8f-1-3p8f_A-1-3p8f_I-1__receptor.pdb	3p8f-1-3p8f_A-1-3p8f_I-1__ligand.sdf	1864	105	610.851	81.9138	81.9138	610.851	81.9138	0	0.134098	sas_voromqa	610.851	2482.17
3p9y-3-3p9y_C-1-3p9y_G-1__receptor.pdb	3p9y-3-3p9y_C-1-3p9y_G-1__ligand.sdf	1574	59	491.324	26.6001	26.6001	491.324	26.6001	0	0.0541396	sas_voromqa	491.324	1474.58
3pcs-3-3pcs_C-1-3pcs_G-1__receptor.pdb	3pcs-3-3pcs_C-1-3pcs_G-1__ligand.sdf	2678	84	726.353	-33.9594	-33.9594	726.353	-33.9594	0	-0.0467533	sas_voromqa	726.353	2315.11
3pfv-1-3pfv_A-1-3pfv_C-1__receptor.pdb	3pfv-1-3pfv_A-1-3pfv_C-1__ligand.sdf	2461	75	652.114	43.3328	43.3328	652.114	43.3328	0	0.0664497	sas_voromqa	652.114	1920.22
3plu-1-3plu_A-1-3plu_C-1__receptor.pdb	3plu-1-3plu_A-1-3plu_C-1__ligand.sdf	585	134	1121.45	-93.9183	-93.9183	1121.45	-93.9183	0	-0.0837472	sas_voromqa	1121.45	3495.98
3pmp-1-3pmp_A-1-3pmp_C-1__receptor.pdb	3pmp-1-3pmp_A-1-3pmp_C-1__ligand.sdf	1252	85	706.661	55.6012	55.6012	706.661	55.6012	0	0.0786816	sas_voromqa	706.661	2272.63
3po1-1-3po1_B-1-3po1_D-1__receptor.pdb	3po1-1-3po1_B-1-3po1_D-1__ligand.sdf	1200	90	817.381	-114.327	-115.226	816.695	-114.816	0	-0.13987	sas_voromqa	817.381	2351.54
3poa-1-3poa_A-1-3poa_B-1__receptor.pdb	3poa-1-3poa_A-1-3poa_B-1__ligand.sdf	747	56	714.995	-15.1813	-20.4407	710.98	-18.0429	0	-0.0212327	sas_voromqa	714.995	1643.63
3pqz-1-3pqz_D-1-3pqz_L-1__receptor.pdb	3pqz-1-3pqz_D-1-3pqz_L-1__ligand.sdf	754	100	1221.84	184.059	184.059	1221.84	184.059	0	0.150641	sas_voromqa	1221.84	2840.94
3pth-1-3pth_A-1-3pth_B-1__receptor.pdb	3pth-1-3pth_A-1-3pth_B-1__ligand.sdf	571	116	1493.6	-21.9588	-21.9588	1493.6	-21.9588	0	-0.0147019	sas_voromqa	1493.6	3426.03
3pvl-1-3pvl_A-1-3pvl_B-1__receptor.pdb	3pvl-1-3pvl_A-1-3pvl_B-1__ligand.sdf	4759	140	915.14	-33.0705	-36.9478	912.18	-35.1801	0	-0.0361371	sas_voromqa	915.14	3652.36
3pwu-1-3pwu_A-1-3pwu_C-1__receptor.pdb	3pwu-1-3pwu_A-1-3pwu_C-1__ligand.sdf	2244	67	305.959	60.9847	60.9847	305.959	60.9847	0	0.199323	sas_voromqa	305.959	1554.37
3q33-1-3q33_A-2-3q33_D-2__receptor.pdb	3q33-1-3q33_A-2-3q33_D-2__ligand.sdf	3186	25	419.109	2.50696	2.50696	419.109	2.50696	0	0.00598164	sas_voromqa	419.109	841.547
3q33-1-3q33_B-1-3q33_D-1__receptor.pdb	3q33-1-3q33_B-1-3q33_D-1__ligand.sdf	1776	25	422.123	6.15067	6.15067	422.123	6.15067	0	0.0145708	sas_voromqa	422.123	855.85
3q6s-1-3q6s_A-1-3q6s_F-1__receptor.pdb	3q6s-1-3q6s_A-1-3q6s_F-1__ligand.sdf	526	130	1877.76	79.8399	79.8399	1877.76	79.8399	0	0.0425187	sas_voromqa	1877.76	4083.36
3q75-1-3q75_B-1-3q75_G-1__receptor.pdb	3q75-1-3q75_B-1-3q75_G-1__ligand.sdf	3704	45	590.792	7.92052	7.92052	590.792	7.92052	0	0.0134066	sas_voromqa	590.792	1480.41
3q8d-1-3q8d_A-1-3q8d_E-1__receptor.pdb	3q8d-1-3q8d_A-1-3q8d_E-1__ligand.sdf	1828	27	266.063	24.2247	24.2247	266.063	24.2247	0	0.0910487	sas_voromqa	266.063	772.05
3qby-1-3qby_B-1-3qby_H-1__receptor.pdb	3qby-1-3qby_B-1-3qby_H-1__ligand.sdf	671	22	259.34	18.0907	18.0907	259.34	18.0907	0	0.0697567	sas_voromqa	259.34	674.556
3qdm-1-3qdm_D-1-3qdm_C-1__receptor.pdb	3qdm-1-3qdm_D-1-3qdm_C-1__ligand.sdf	1508	69	1223.83	10.3718	10.3718	1223.83	10.3718	0	0.00847487	sas_voromqa	1223.83	2387.82
3qeq-1-3qeq_E-1-3qeq_C-1__receptor.pdb	3qeq-1-3qeq_E-1-3qeq_C-1__ligand.sdf	1938	57	997.033	12.3003	12.3003	997.033	12.3003	0	0.0123369	sas_voromqa	997.033	1957.85
3qfj-1-3qfj_D-1-3qfj_C-1__receptor.pdb	3qfj-1-3qfj_D-1-3qfj_C-1__ligand.sdf	1552	82	1313.49	188.34	188.34	1313.49	188.34	0	0.143389	sas_voromqa	1313.49	2668.52
3qfj-1-3qfj_E-1-3qfj_C-1__receptor.pdb	3qfj-1-3qfj_E-1-3qfj_C-1__ligand.sdf	1927	82	1306.36	188.049	188.049	1306.36	188.049	0	0.143949	sas_voromqa	1306.36	2681.92
3qg6-1-3qg6_A-1-3qg6_D-1__receptor.pdb	3qg6-1-3qg6_A-1-3qg6_D-1__ligand.sdf	1699	58	753.685	181.134	181.134	753.685	181.134	0	0.240331	sas_voromqa	753.685	1775.21
3qg6-1-3qg6_B-1-3qg6_D-1__receptor.pdb	3qg6-1-3qg6_B-1-3qg6_D-1__ligand.sdf	1597	58	634.766	133.876	133.876	634.766	133.876	0	0.210906	sas_voromqa	634.766	1651.53
3qhr-1-3qhr_B-1-3qhr_L-1__receptor.pdb	3qhr-1-3qhr_B-1-3qhr_L-1__ligand.sdf	2099	79	833.549	49.9152	49.9152	833.549	49.9152	0	0.0598827	sas_voromqa	833.549	2295.12
3qhw-1-3qhw_A-1-3qhw_J-1__receptor.pdb	3qhw-1-3qhw_A-1-3qhw_J-1__ligand.sdf	2385	79	1221.24	37.3371	37.3371	1221.24	37.3371	0	0.0305731	sas_voromqa	1221.24	2582.57
3qhw-1-3qhw_B-1-3qhw_J-1__receptor.pdb	3qhw-1-3qhw_B-1-3qhw_J-1__ligand.sdf	2099	79	1559.62	63.6136	63.6136	1559.62	63.6136	0	0.0407879	sas_voromqa	1559.62	2835.36
3qhw-1-3qhw_B-1-3qhw_L-1__receptor.pdb	3qhw-1-3qhw_B-1-3qhw_L-1__ligand.sdf	2099	31	373.279	22.1483	22.1483	373.279	22.1483	0	0.0593344	sas_voromqa	373.279	953.902
3qib-1-3qib_B-1-3qib_P-1__receptor.pdb	3qib-1-3qib_B-1-3qib_P-1__ligand.sdf	1328	97	1296.98	78.8454	78.8454	1296.98	78.8454	0	0.0607915	sas_voromqa	1296.98	2995.89
3qib-1-3qib_C-1-3qib_P-1__receptor.pdb	3qib-1-3qib_C-1-3qib_P-1__ligand.sdf	1472	97	1681.17	66.4105	66.4105	1681.17	66.4105	0	0.0395025	sas_voromqa	1681.17	3255.82
3qib-1-3qib_D-1-3qib_P-1__receptor.pdb	3qib-1-3qib_D-1-3qib_P-1__ligand.sdf	1914	97	1686.43	88.7598	88.7598	1686.43	88.7598	0	0.0526318	sas_voromqa	1686.43	3267.24
3qis-1-3qis_A-1-3qis_B-1__receptor.pdb	3qis-1-3qis_A-1-3qis_B-1__ligand.sdf	2399	109	880.669	-28.649	-28.649	880.669	-28.649	0	-0.032531	sas_voromqa	880.669	2798.83
3qiu-1-3qiu_C-1-3qiu_E-1__receptor.pdb	3qiu-1-3qiu_C-1-3qiu_E-1__ligand.sdf	1388	97	1703.96	72.4872	72.4872	1703.96	72.4872	0	0.0425404	sas_voromqa	1703.96	3280.14
3qiu-1-3qiu_D-1-3qiu_E-1__receptor.pdb	3qiu-1-3qiu_D-1-3qiu_E-1__ligand.sdf	1901	97	1675.58	92.4776	92.4776	1675.58	92.4776	0	0.0551914	sas_voromqa	1675.58	3261.88
3qkl-1-3qkl_A-1-3qkl_C-1__receptor.pdb	3qkl-1-3qkl_A-1-3qkl_C-1__ligand.sdf	2593	79	763.536	-57.827	-57.827	763.536	-57.827	0	-0.0757358	sas_voromqa	763.536	2096.9
3ql9-1-3ql9_A-1-3ql9_C-1__receptor.pdb	3ql9-1-3ql9_A-1-3ql9_C-1__ligand.sdf	1001	82	808.391	-13.2874	-13.2874	808.391	-13.2874	0	-0.0164368	sas_voromqa	808.391	2256.16
3qnw-1-3qnw_A-1-3qnw_X-1__receptor.pdb	3qnw-1-3qnw_A-1-3qnw_X-1__ligand.sdf	1026	31	549.974	78.9164	78.9164	549.974	78.9164	0	0.143491	sas_voromqa	549.974	1049.24
3qnw-1-3qnw_D-1-3qnw_Y-1__receptor.pdb	3qnw-1-3qnw_D-1-3qnw_Y-1__ligand.sdf	715	31	297.984	7.63154	7.63154	297.984	7.63154	0	0.0256106	sas_voromqa	297.984	837.248
3qnz-1-3qnz_A-1-3qnz_C-1__receptor.pdb	3qnz-1-3qnz_A-1-3qnz_C-1__ligand.sdf	1676	19	300.11	-13.4237	-13.4237	300.11	-13.4237	0	-0.0447293	sas_voromqa	300.11	628.317
3qnz-1-3qnz_B-1-3qnz_C-1__receptor.pdb	3qnz-1-3qnz_B-1-3qnz_C-1__ligand.sdf	1517	19	268.874	19.7648	19.7648	268.874	19.7648	0	0.0735095	sas_voromqa	268.874	588.978
3qo6-1-3qo6_B-2-3qo6_H-2__receptor.pdb	3qo6-1-3qo6_B-2-3qo6_H-2__ligand.sdf	2437	21	186.731	8.73964	8.73964	186.731	8.73964	0	0.0468034	sas_voromqa	186.731	581.539
3qo6-1-3qo6_C-2-3qo6_F-2__receptor.pdb	3qo6-1-3qo6_C-2-3qo6_F-2__ligand.sdf	2433	25	239.509	14.8174	14.8174	239.509	14.8174	0	0.0618657	sas_voromqa	239.509	742.2
3qxy-1-3qxy_A-1-3qxy_P-1__receptor.pdb	3qxy-1-3qxy_A-1-3qxy_P-1__ligand.sdf	3279	9	60.4445	4.83953	4.83953	60.4445	4.83953	0	0.0800657	sas_voromqa	60.4445	250.788
3qzt-1-3qzt_A-1-3qzt_B-1__receptor.pdb	3qzt-1-3qzt_A-1-3qzt_B-1__ligand.sdf	904	53	683.638	-51.7136	-51.7136	683.638	-51.7136	0	-0.0756447	sas_voromqa	683.638	1613.28
3qzv-1-3qzv_A-1-3qzv_C-1__receptor.pdb	3qzv-1-3qzv_A-1-3qzv_C-1__ligand.sdf	1377	41	486.798	45.9504	45.9504	486.798	45.9504	0	0.0943932	sas_voromqa	486.798	1239.35
3r0h-3-3r0h_C-1-3r0h_c-1__receptor.pdb	3r0h-3-3r0h_C-1-3r0h_c-1__ligand.sdf	1521	79	644.42	49.3943	49.3943	644.42	49.3943	0	0.0766492	sas_voromqa	644.42	2014.33
3r0l-1-3r0l_A-1-3r0l_C-1__receptor.pdb	3r0l-1-3r0l_A-1-3r0l_C-1__ligand.sdf	239	42	512.261	1.62515	1.62515	512.261	1.62515	0	0.0031725	sas_voromqa	512.261	1238.55
3r29-1-3r29_A-1-3r29_D-2__receptor.pdb	3r29-1-3r29_A-1-3r29_D-2__ligand.sdf	1677	83	1167.32	-15.5297	-15.5297	1167.32	-15.5297	0	-0.0133037	sas_voromqa	1167.32	2614.01
3r42-1-3r42_A-1-3r42_B-1__receptor.pdb	3r42-1-3r42_A-1-3r42_B-1__ligand.sdf	1231	64	608.674	70.1441	70.1441	608.674	70.1441	0	0.115241	sas_voromqa	608.674	1678.87
3r7g-1-3r7g_A-1-3r7g_B-1__receptor.pdb	3r7g-1-3r7g_A-1-3r7g_B-1__ligand.sdf	1226	153	1455	70.0233	70.0233	1455	70.0233	0	0.048126	sas_voromqa	1455	4229.96
3r9i-2-3r9i_C-1-3r9i_H-1__receptor.pdb	3r9i-2-3r9i_C-1-3r9i_H-1__ligand.sdf	1918	110	1077.86	-70.9175	-70.9175	1077.86	-70.9175	0	-0.0657947	sas_voromqa	1077.86	3045.16
3r9i-2-3r9i_D-1-3r9i_H-1__receptor.pdb	3r9i-2-3r9i_D-1-3r9i_H-1__ligand.sdf	1953	110	1200.78	-35.9077	-35.9077	1200.78	-35.9077	0	-0.0299036	sas_voromqa	1200.78	3125.97
3rbq-3-3rbq_C-1-3rbq_I-1__receptor.pdb	3rbq-3-3rbq_C-1-3rbq_I-1__ligand.sdf	1371	31	57.0604	11.3229	11.3229	57.0604	11.3229	0	0.198437	sas_voromqa	57.0604	705.938
3rc0-1-3rc0_A-1-3rc0_P-1__receptor.pdb	3rc0-1-3rc0_A-1-3rc0_P-1__ligand.sdf	3279	43	187.567	42.5398	42.5398	187.567	42.5398	0	0.226798	sas_voromqa	187.567	950.115
3rc4-1-3rc4_A-1-3rc4_B-1__receptor.pdb	3rc4-1-3rc4_A-1-3rc4_B-1__ligand.sdf	1437	40	417.96	23.5357	23.5357	417.96	23.5357	0	0.0563109	sas_voromqa	417.96	1099.37
3rdv-3-3rdv_C-1-3rdv_G-1__receptor.pdb	3rdv-3-3rdv_C-1-3rdv_G-1__ligand.sdf	547	56	460.235	38.6309	38.6309	460.235	38.6309	0	0.0839373	sas_voromqa	460.235	1423.76
3rgv-1-3rgv_B-1-3rgv_E-1__receptor.pdb	3rgv-1-3rgv_B-1-3rgv_E-1__ligand.sdf	1869	103	1717.06	306.871	306.871	1717.06	306.871	0	0.178719	sas_voromqa	1717.06	3377.24
3rm1-1-3rm1_A-1-3rm1_B-1__receptor.pdb	3rm1-1-3rm1_A-1-3rm1_B-1__ligand.sdf	700	71	589.813	5.02863	5.02863	589.813	5.02863	0	0.0085258	sas_voromqa	589.813	1857.56
3ro3-1-3ro3_A-1-3ro3_B-1__receptor.pdb	3ro3-1-3ro3_A-1-3ro3_B-1__ligand.sdf	1263	136	1104.82	-66.7568	-66.7568	1104.82	-66.7568	0	-0.0604232	sas_voromqa	1104.82	3473.85
3rof-1-3rof_A-1-3rof_B-1__receptor.pdb	3rof-1-3rof_A-1-3rof_B-1__ligand.sdf	1252	60	586.47	29.3689	29.3689	586.47	29.3689	0	0.0500774	sas_voromqa	586.47	1583.11
3rqd-3-3rqd_A-1-3rqd_D-1__receptor.pdb	3rqd-3-3rqd_A-1-3rqd_D-1__ligand.sdf	2763	32	474.069	117.835	117.835	474.069	117.835	0	0.248561	sas_voromqa	474.069	1043.38
3rqg-3-3rqg_C-2-3rqg_E-2__receptor.pdb	3rqg-3-3rqg_C-2-3rqg_E-2__ligand.sdf	1734	92	795.881	-71.6153	-71.6153	795.881	-71.6153	0	-0.0899824	sas_voromqa	795.881	2457.99
3rqr-1-3rqr_A-1-3rqr_U-1__receptor.pdb	3rqr-1-3rqr_A-1-3rqr_U-1__ligand.sdf	1510	20	274.767	17.7515	17.7515	274.767	17.7515	0	0.0646056	sas_voromqa	274.767	662.66
3rse-1-3rse_A-1-3rse_Z-1__receptor.pdb	3rse-1-3rse_A-1-3rse_Z-1__ligand.sdf	3166	33	379.383	-80.3571	-80.3571	379.383	-80.3571	0	-0.21181	sas_voromqa	379.383	929.258
3rta-1-3rta_A-3-3rta_B-3__receptor.pdb	3rta-1-3rta_A-3-3rta_B-3__ligand.sdf	3721	57	677.815	66.9879	66.9879	677.815	66.9879	0	0.0988292	sas_voromqa	677.815	1666.85
3rta-1-3rta_A-6-3rta_B-2__receptor.pdb	3rta-1-3rta_A-6-3rta_B-2__ligand.sdf	3721	57	778.421	103.237	103.237	778.421	103.237	0	0.132624	sas_voromqa	778.421	1755.28
3rtx-3-3rtx_B-1-3rtx_C-1__receptor.pdb	3rtx-3-3rtx_B-1-3rtx_C-1__ligand.sdf	2039	111	1452.19	-81.8369	-99.7319	1438.52	-91.5736	0	-0.0563541	sas_voromqa	1452.19	3247.06
3rul-3-3rul_C-1-3rul_G-1__receptor.pdb	3rul-3-3rul_C-1-3rul_G-1__ligand.sdf	606	128	1554.31	245.85	163.454	1491.41	201.018	0	0.158173	sas_voromqa	1554.31	3547.26
3rum-1-3rum_A-1-3rum_B-1__receptor.pdb	3rum-1-3rum_A-1-3rum_B-1__ligand.sdf	2896	147	1194.09	164.076	164.076	1194.09	164.076	0	0.137407	sas_voromqa	1194.09	3500.47
3run-1-3run_A-1-3run_B-1__receptor.pdb	3run-1-3run_A-1-3run_B-1__ligand.sdf	1314	109	1070.2	142.956	74.7763	1018.15	105.859	0	0.133579	sas_voromqa	1070.2	2842.73
3rwi-1-3rwi_A-1-3rwi_C-1__receptor.pdb	3rwi-1-3rwi_A-1-3rwi_C-1__ligand.sdf	2261	84	282.788	9.87535	9.87535	282.788	9.87535	0	0.0349214	sas_voromqa	282.788	1793.5
3rz2-1-3rz2_A-1-3rz2_C-1__receptor.pdb	3rz2-1-3rz2_A-1-3rz2_C-1__ligand.sdf	1158	73	834.458	65.0604	65.0604	834.458	65.0604	0	0.0779673	sas_voromqa	834.458	2042.73
3s3h-2-3s3h_B-1-3s3h_C-1__receptor.pdb	3s3h-2-3s3h_B-1-3s3h_C-1__ligand.sdf	2321	16	124.682	13.5227	9.99457	121.989	11.603	0	0.108458	sas_voromqa	124.682	400.553
3s7d-1-3s7d_A-1-3s7d_I-1__receptor.pdb	3s7d-1-3s7d_A-1-3s7d_I-1__ligand.sdf	3454	42	213.499	8.94525	8.94525	213.499	8.94525	0	0.0418983	sas_voromqa	213.499	1088.96
3s9c-1-3s9c_A-1-3s9c_B-1__receptor.pdb	3s9c-1-3s9c_A-1-3s9c_B-1__ligand.sdf	1817	63	396.131	48.6072	48.6072	396.131	48.6072	0	0.122705	sas_voromqa	396.131	1526.02
3sfj-1-3sfj_A-1-3sfj_B-1__receptor.pdb	3sfj-1-3sfj_A-1-3sfj_B-1__ligand.sdf	803	81	783.22	10.1418	10.1418	783.22	10.1418	0	0.0129489	sas_voromqa	783.22	2161.97
3sge-1-3sge_H-1-3sge_K-1__receptor.pdb	3sge-1-3sge_H-1-3sge_K-1__ligand.sdf	1643	86	1111.61	-29.2681	-29.2681	1111.61	-29.2681	0	-0.0263295	sas_voromqa	1111.61	2574.97
3sge-1-3sge_L-1-3sge_K-1__receptor.pdb	3sge-1-3sge_L-1-3sge_K-1__ligand.sdf	1699	86	1272.68	-144.915	-144.915	1272.68	-144.915	0	-0.113866	sas_voromqa	1272.68	2687.01
3shw-1-3shw_A-1-3shw_B-1__receptor.pdb	3shw-1-3shw_A-1-3shw_B-1__ligand.sdf	2694	52	473.163	41.7398	41.7398	473.163	41.7398	0	0.0882144	sas_voromqa	473.163	1411.26
3si5-2-3si5_B-1-3si5_Y-1__receptor.pdb	3si5-2-3si5_B-1-3si5_Y-1__ligand.sdf	1247	99	954.876	-23.5358	-23.5358	954.876	-23.5358	0	-0.024648	sas_voromqa	954.876	2707.38
3sj9-1-3sj9_A-1-3sj9_B-1__receptor.pdb	3sj9-1-3sj9_A-1-3sj9_B-1__ligand.sdf	1386	61	604.03	-24.1844	-24.1844	604.03	-24.1844	0	-0.0400384	sas_voromqa	604.03	1621.69
3sjk-1-3sjk_A-1-3sjk_B-1__receptor.pdb	3sjk-1-3sjk_A-1-3sjk_B-1__ligand.sdf	1390	55	715.056	-1.67632	-1.67632	715.056	-1.67632	0	-0.00234432	sas_voromqa	715.056	1663.75
3sm1-1-3sm1_A-1-3sm1_M-1__receptor.pdb	3sm1-1-3sm1_A-1-3sm1_M-1__ligand.sdf	852	32	282.337	-3.57818	-3.57818	282.337	-3.57818	0	-0.0126734	sas_voromqa	282.337	914.165
3sm1-1-3sm1_B-1-3sm1_M-1__receptor.pdb	3sm1-1-3sm1_B-1-3sm1_M-1__ligand.sdf	849	32	530.172	15.8727	15.8727	530.172	15.8727	0	0.0299388	sas_voromqa	530.172	1122.17
3so6-1-3so6_A-1-3so6_Q-1__receptor.pdb	3so6-1-3so6_A-1-3so6_Q-1__ligand.sdf	1061	107	839.381	58.6617	58.6617	839.381	58.6617	0	0.0698869	sas_voromqa	839.381	2624.01
3sov-1-3sov_A-1-3sov_Z-1__receptor.pdb	3sov-1-3sov_A-1-3sov_Z-1__ligand.sdf	2420	51	496.833	-0.332549	-0.332549	496.833	-0.332549	0	-0.000669338	sas_voromqa	496.833	1374.08
3spa-1-3spa_A-1-3spa_B-1__receptor.pdb	3spa-1-3spa_A-1-3spa_B-1__ligand.sdf	7412	45	517.76	53.7245	53.7245	517.76	53.7245	0	0.103763	sas_voromqa	517.76	1381.75
3sqd-1-3sqd_A-1-3sqd_C-1__receptor.pdb	3sqd-1-3sqd_A-1-3sqd_C-1__ligand.sdf	1695	85	1202.02	-8.7859	-11.9707	1199.59	-10.5188	0	-0.00730928	sas_voromqa	1202.02	2603.18
3srj-2-3srj_B-1-3srj_E-1__receptor.pdb	3srj-2-3srj_B-1-3srj_E-1__ligand.sdf	2361	135	1189.17	124.555	124.555	1189.17	124.555	0	0.104741	sas_voromqa	1189.17	3605.41
3srj-2-3srj_B-1-3srj_F-1__receptor.pdb	3srj-2-3srj_B-1-3srj_F-1__ligand.sdf	2361	77	993.495	144.506	144.506	993.495	144.506	0	0.145452	sas_voromqa	993.495	2360.04
3stj-1-3stj_A-1-3stj_Z-1__receptor.pdb	3stj-1-3stj_A-1-3stj_Z-1__ligand.sdf	2179	35	417.693	28.6386	28.6386	417.693	28.6386	0	0.0685638	sas_voromqa	417.693	1071.81
3stj-3-3stj_H-1-3stj_T-1__receptor.pdb	3stj-3-3stj_H-1-3stj_T-1__ligand.sdf	2179	25	296.429	12.7674	12.7674	296.429	12.7674	0	0.0430707	sas_voromqa	296.429	746.368
3stj-5-3stj_A-4-3stj_S-3__receptor.pdb	3stj-5-3stj_A-4-3stj_S-3__ligand.sdf	2179	25	524.989	28.8144	28.8144	524.989	28.8144	0	0.0548857	sas_voromqa	524.989	956.553
3sxu-1-3sxu_A-1-3sxu_C-1__receptor.pdb	3sxu-1-3sxu_A-1-3sxu_C-1__ligand.sdf	1166	35	344.18	-40.2065	-40.2065	344.18	-40.2065	0	-0.116818	sas_voromqa	344.18	938.023
3t1u-1-3t1u_A-1-3t1u_B-1__receptor.pdb	3t1u-1-3t1u_A-1-3t1u_B-1__ligand.sdf	1245	51	439.305	169.635	169.635	439.305	169.635	0	0.386144	sas_voromqa	439.305	1312.65
3t5i-1-3t5i_A-1-3t5i_R-1__receptor.pdb	3t5i-1-3t5i_A-1-3t5i_R-1__ligand.sdf	1201	20	82.2885	12.1325	12.1325	82.2885	12.1325	0	0.147439	sas_voromqa	82.2885	500.494
3t64-1-3t64_A-1-3t64_F-1__receptor.pdb	3t64-1-3t64_A-1-3t64_F-1__ligand.sdf	1214	20	307.341	22.554	22.554	307.341	22.554	0	0.0733843	sas_voromqa	307.341	635.984
3t64-1-3t64_B-1-3t64_F-1__receptor.pdb	3t64-1-3t64_B-1-3t64_F-1__ligand.sdf	1082	20	316.726	15.2512	15.2512	316.726	15.2512	0	0.0481527	sas_voromqa	316.726	654.535
3t7g-1-3t7g_A-1-3t7g_C-1__receptor.pdb	3t7g-1-3t7g_A-1-3t7g_C-1__ligand.sdf	2274	82	817.393	-11.5677	-11.5677	817.393	-11.5677	0	-0.0141519	sas_voromqa	817.393	2292.94
3t7k-3-3t7k_B-1-3t7k_D-1__receptor.pdb	3t7k-3-3t7k_B-1-3t7k_D-1__ligand.sdf	1902	37	387.924	-4.18034	-5.25945	387.101	-4.76748	0	-0.0107762	sas_voromqa	387.924	1047.87
3tbh-1-3tbh_A-2-3tbh_B-2__receptor.pdb	3tbh-1-3tbh_A-2-3tbh_B-2__ligand.sdf	2348	31	129.108	-11.811	-11.811	129.108	-11.811	0	-0.0914816	sas_voromqa	129.108	714.445
3tcf-3-3tcf_C-1-3tcf_K-1__receptor.pdb	3tcf-3-3tcf_C-1-3tcf_K-1__ligand.sdf	4123	15	39.0658	2.26922	2.26922	39.0658	2.26922	0	0.0580871	sas_voromqa	39.0658	341.111
3td5-3-3td5_F-1-3td5_N-1__receptor.pdb	3td5-3-3td5_F-1-3td5_N-1__ligand.sdf	964	37	442.268	-61.4791	-61.4791	442.268	-61.4791	0	-0.139009	sas_voromqa	442.268	1032.25
3tdi-3-3tdi_B-1-3tdi_C-1__receptor.pdb	3tdi-3-3tdi_B-1-3tdi_C-1__ligand.sdf	1700	118	1048.93	-2.55556	-2.55556	1048.93	-2.55556	0	-0.00243635	sas_voromqa	1048.93	3253.13
3tdz-1-3tdz_A-1-3tdz_E-1__receptor.pdb	3tdz-1-3tdz_A-1-3tdz_E-1__ligand.sdf	1575	95	786.227	53.9848	53.9847	786.227	53.9848	0	0.0686631	sas_voromqa	786.227	2529.11
3tf7-1-3tf7_C-1-3tf7_B-1__receptor.pdb	3tf7-1-3tf7_C-1-3tf7_B-1__ligand.sdf	1823	75	1180.23	152.338	152.338	1180.23	152.338	0	0.129075	sas_voromqa	1180.23	2446.93
3tfk-1-3tfk_C-1-3tfk_B-1__receptor.pdb	3tfk-1-3tfk_C-1-3tfk_B-1__ligand.sdf	1563	70	1217.66	-10.9079	-10.9079	1217.66	-10.9079	0	-0.00895808	sas_voromqa	1217.66	2318.96
3thk-1-3thk_A-1-3thk_C-1__receptor.pdb	3thk-1-3thk_A-1-3thk_C-1__ligand.sdf	478	42	514.282	47.8927	47.8927	514.282	47.8927	0	0.0931254	sas_voromqa	514.282	1197.29
3tiw-1-3tiw_A-1-3tiw_C-1__receptor.pdb	3tiw-1-3tiw_A-1-3tiw_C-1__ligand.sdf	1272	149	1428.23	-0.5726	-45.3181	1394.07	-24.9187	0	-0.000400916	sas_voromqa	1428.23	4086.31
3tjh-1-3tjh_C-1-3tjh_B-1__receptor.pdb	3tjh-1-3tjh_C-1-3tjh_B-1__ligand.sdf	1567	80	1281.96	120.436	120.436	1281.96	120.436	0	0.0939468	sas_voromqa	1281.96	2585.13
3tju-1-3tju_A-1-3tju_B-1__receptor.pdb	3tju-1-3tju_A-1-3tju_B-1__ligand.sdf	1760	36	184.045	15.7599	15.7599	184.045	15.7599	0	0.0856307	sas_voromqa	184.045	789.5
3tjv-1-3tjv_A-1-3tjv_B-1__receptor.pdb	3tjv-1-3tjv_A-1-3tjv_B-1__ligand.sdf	1760	63	319.908	-15.4997	-15.4997	319.908	-15.4997	0	-0.0484505	sas_voromqa	319.908	1377.17
3tkz-1-3tkz_A-1-3tkz_P-1__receptor.pdb	3tkz-1-3tkz_A-1-3tkz_P-1__ligand.sdf	791	64	732.973	82.515	80.468	731.411	81.4012	0	0.112576	sas_voromqa	732.973	1882.4
3tkz-1-3tkz_A-1-3tkz_Q-1__receptor.pdb	3tkz-1-3tkz_A-1-3tkz_Q-1__ligand.sdf	791	56	640.022	30.358	26.1195	636.786	28.0518	0	0.0474327	sas_voromqa	640.022	1625.31
3to6-1-3to6_A-2-3to6_B-2__receptor.pdb	3to6-1-3to6_A-2-3to6_B-2__ligand.sdf	2325	60	281.363	-22.7188	-30.5966	275.349	-27.0051	0	-0.0807455	sas_voromqa	281.363	1306.47
3tod-1-3tod_A-1-3tod_B-1__receptor.pdb	3tod-1-3tod_A-1-3tod_B-1__ligand.sdf	2560	45	649.312	-28.464	-28.464	649.312	-28.464	0	-0.0438372	sas_voromqa	649.312	1418.96
3tsz-1-3tsz_A-1-3tsz_B-1__receptor.pdb	3tsz-1-3tsz_A-1-3tsz_B-1__ligand.sdf	2729	80	541.397	15.4873	15.4873	541.397	15.4873	0	0.0286062	sas_voromqa	541.397	1981.89
3tvt-1-3tvt_A-1-3tvt_B-1__receptor.pdb	3tvt-1-3tvt_A-1-3tvt_B-1__ligand.sdf	2083	117	1228.76	-65.7552	-65.7552	1228.76	-65.7552	0	-0.0535135	sas_voromqa	1228.76	3347.74
3tww-1-3tww_A-1-3tww_D-1__receptor.pdb	3tww-1-3tww_A-1-3tww_D-1__ligand.sdf	1205	94	1539.71	-117.16	-121.106	1536.69	-119.307	0	-0.0760923	sas_voromqa	1539.71	3009.58
3tzd-1-3tzd_A-1-3tzd_T-1__receptor.pdb	3tzd-1-3tzd_A-1-3tzd_T-1__ligand.sdf	484	95	931.857	55.5094	55.5094	931.857	55.5094	0	0.0595686	sas_voromqa	931.857	2617.49
3tzy-1-3tzy_A-1-3tzy_D-1__receptor.pdb	3tzy-1-3tzy_A-1-3tzy_D-1__ligand.sdf	3481	65	553.966	47.3915	47.3915	553.966	47.3915	0	0.0855495	sas_voromqa	553.966	1766.61
3u0t-1-3u0t_C-1-3u0t_E-1__receptor.pdb	3u0t-1-3u0t_C-1-3u0t_E-1__ligand.sdf	1700	71	959.165	29.1733	29.1733	959.165	29.1733	0	0.0304153	sas_voromqa	959.165	2253.15
3u0t-1-3u0t_D-1-3u0t_E-1__receptor.pdb	3u0t-1-3u0t_D-1-3u0t_E-1__ligand.sdf	1564	71	872.208	63.998	63.998	872.208	63.998	0	0.0733747	sas_voromqa	872.208	2179.02
3u1i-1-3u1i_B-1-3u1i_F-1__receptor.pdb	3u1i-1-3u1i_B-1-3u1i_F-1__ligand.sdf	1266	52	547.914	18.8919	16.1838	545.847	17.4184	0	0.0344797	sas_voromqa	547.914	1480.46
3u23-1-3u23_A-1-3u23_B-1__receptor.pdb	3u23-1-3u23_A-1-3u23_B-1__ligand.sdf	460	102	1296.21	-2.45974	-2.45974	1296.21	-2.45974	0	-0.00189764	sas_voromqa	1296.21	3028.52
3u31-1-3u31_A-1-3u31_B-1__receptor.pdb	3u31-1-3u31_A-1-3u31_B-1__ligand.sdf	2047	60	502.234	-7.59025	-7.59025	502.234	-7.59025	0	-0.015113	sas_voromqa	502.234	1670.64
3u3w-1-3u3w_B-1-3u3w_Q-1__receptor.pdb	3u3w-1-3u3w_B-1-3u3w_Q-1__ligand.sdf	2351	60	292.964	-28.4653	-28.4653	292.964	-28.4653	0	-0.0971631	sas_voromqa	292.964	1415.37
3u3z-1-3u3z_A-1-3u3z_B-1__receptor.pdb	3u3z-1-3u3z_A-1-3u3z_B-1__ligand.sdf	1465	45	452.823	-105.808	-110.175	449.49	-108.184	0	-0.233663	sas_voromqa	452.823	1191.62
3u4w-1-3u4w_A-1-3u4w_B-1__receptor.pdb	3u4w-1-3u4w_A-1-3u4w_B-1__ligand.sdf	2214	52	120.758	-37.6474	-37.6474	120.758	-37.6474	0	-0.311759	sas_voromqa	120.758	1045.84
3u5n-2-3u5n_B-1-3u5n_D-1__receptor.pdb	3u5n-2-3u5n_B-1-3u5n_D-1__ligand.sdf	1498	158	2064.79	18.7837	18.7837	2064.79	18.7837	0	0.00909715	sas_voromqa	2064.79	4791.84
3u86-1-3u86_A-1-3u86_B-1__receptor.pdb	3u86-1-3u86_A-1-3u86_B-1__ligand.sdf	3812	90	657.048	36.9235	36.9235	657.048	36.9235	0	0.056196	sas_voromqa	657.048	2353.04
3ua7-1-3ua7_A-1-3ua7_E-1__receptor.pdb	3ua7-1-3ua7_A-1-3ua7_E-1__ligand.sdf	498	62	857.446	9.52487	9.52487	857.446	9.52487	0	0.0111084	sas_voromqa	857.446	1870.21
3uat-1-3uat_A-1-3uat_B-1__receptor.pdb	3uat-1-3uat_A-1-3uat_B-1__ligand.sdf	2164	125	1298.87	-18.1191	-18.5288	1298.56	-18.342	0	-0.0139499	sas_voromqa	1298.87	3539.29
3ueo-1-3ueo_A-1-3ueo_F-1__receptor.pdb	3ueo-1-3ueo_A-1-3ueo_F-1__ligand.sdf	1429	70	1012.05	-223.142	-228.91	1007.64	-226.28	0	-0.220485	sas_voromqa	1012.05	2137.96
3ueo-1-3ueo_C-1-3ueo_F-1__receptor.pdb	3ueo-1-3ueo_C-1-3ueo_F-1__ligand.sdf	1429	70	716.913	-220.99	-230.25	709.845	-226.029	0	-0.308252	sas_voromqa	716.913	1893.52
3uf7-1-3uf7_A-1-3uf7_B-1__receptor.pdb	3uf7-1-3uf7_A-1-3uf7_B-1__ligand.sdf	1778	35	188.651	-17.3038	-17.3038	188.651	-17.3038	0	-0.0917239	sas_voromqa	188.651	816.655
3uf7-1-3uf7_A-1-3uf7_C-1__receptor.pdb	3uf7-1-3uf7_A-1-3uf7_C-1__ligand.sdf	1778	35	266.114	-2.77132	-2.77132	266.114	-2.77132	0	-0.010414	sas_voromqa	266.114	899.971
3ufm-1-3ufm_A-1-3ufm_B-1__receptor.pdb	3ufm-1-3ufm_A-1-3ufm_B-1__ligand.sdf	1839	35	226.75	-38.8778	-38.8778	226.75	-38.8778	0	-0.171457	sas_voromqa	226.75	839.353
3uji-1-3uji_H-1-3uji_P-1__receptor.pdb	3uji-1-3uji_H-1-3uji_P-1__ligand.sdf	1650	154	1412.27	19.9175	19.9175	1412.27	19.9175	0	0.0141032	sas_voromqa	1412.27	4049.03
3uji-1-3uji_L-1-3uji_P-1__receptor.pdb	3uji-1-3uji_L-1-3uji_P-1__ligand.sdf	1554	154	1747.86	-44.2705	-44.2705	1747.86	-44.2705	0	-0.0253284	sas_voromqa	1747.86	4348.03
3ujj-1-3ujj_H-1-3ujj_P-1__receptor.pdb	3ujj-1-3ujj_H-1-3ujj_P-1__ligand.sdf	1710	132	1442.2	42.2971	42.2971	1442.2	42.2971	0	0.0293282	sas_voromqa	1442.2	3697.94
3ujj-1-3ujj_L-1-3ujj_P-1__receptor.pdb	3ujj-1-3ujj_L-1-3ujj_P-1__ligand.sdf	1610	132	1531.16	-21.8441	-21.8441	1531.16	-21.8441	0	-0.0142664	sas_voromqa	1531.16	3773.26
3ulr-1-3ulr_A-1-3ulr_C-1__receptor.pdb	3ulr-1-3ulr_A-1-3ulr_C-1__ligand.sdf	1001	102	1718.42	148.294	148.294	1718.42	148.294	0	0.0862967	sas_voromqa	1718.42	3428.67
3ulr-1-3ulr_B-1-3ulr_C-1__receptor.pdb	3ulr-1-3ulr_B-1-3ulr_C-1__ligand.sdf	499	102	1490.87	149.139	149.139	1490.87	149.139	0	0.100035	sas_voromqa	1490.87	3203.74
3um2-1-3um2_D-2-3um2_E-2__receptor.pdb	3um2-1-3um2_D-2-3um2_E-2__ligand.sdf	2988	131	1277.91	4.69577	4.69577	1277.91	4.69577	0	0.00367457	sas_voromqa	1277.91	3550.46
3unn-1-3unn_A-1-3unn_B-1__receptor.pdb	3unn-1-3unn_A-1-3unn_B-1__ligand.sdf	843	67	824.317	-149.783	-154.365	820.819	-152.276	0	-0.181706	sas_voromqa	824.317	1935.45
3uoa-1-3uoa_C-1-3uoa_M-1__receptor.pdb	3uoa-1-3uoa_C-1-3uoa_M-1__ligand.sdf	2852	36	151.916	-10.7239	-10.7239	151.916	-10.7239	0	-0.070591	sas_voromqa	151.916	821.674
3up3-1-3up3_A-1-3up3_P-1__receptor.pdb	3up3-1-3up3_A-1-3up3_P-1__ligand.sdf	1940	108	916.479	44.0999	44.0999	916.479	44.0999	0	0.0481188	sas_voromqa	916.479	2785.73
3upv-1-3upv_A-1-3upv_B-1__receptor.pdb	3upv-1-3upv_A-1-3upv_B-1__ligand.sdf	983	55	401.88	-71.6803	-71.6803	401.88	-71.6803	0	-0.178362	sas_voromqa	401.88	1374.48
3uq3-1-3uq3_A-1-3uq3_B-1__receptor.pdb	3uq3-1-3uq3_A-1-3uq3_B-1__ligand.sdf	2065	42	366.886	-69.3678	-69.3678	366.886	-69.3678	0	-0.189072	sas_voromqa	366.886	1116.59
3uq3-1-3uq3_A-1-3uq3_C-1__receptor.pdb	3uq3-1-3uq3_A-1-3uq3_C-1__ligand.sdf	2065	25	241.587	-67.1318	-67.1318	241.587	-67.1318	0	-0.277878	sas_voromqa	241.587	694.1
3uw4-1-3uw4_A-1-3uw4_Z-1__receptor.pdb	3uw4-1-3uw4_A-1-3uw4_Z-1__ligand.sdf	711	35	272.942	53.5768	53.5768	272.942	53.5768	0	0.196294	sas_voromqa	272.942	888.146
3uw9-1-3uw9_C-1-3uw9_E-1__receptor.pdb	3uw9-1-3uw9_C-1-3uw9_E-1__ligand.sdf	924	40	605.689	40.5777	40.5777	605.689	40.5777	0	0.0669943	sas_voromqa	605.689	1363.62
3v30-1-3v30_A-1-3v30_B-1__receptor.pdb	3v30-1-3v30_A-1-3v30_B-1__ligand.sdf	1243	109	1076.3	-15.133	-15.133	1076.3	-15.133	0	-0.0140602	sas_voromqa	1076.3	2973.96
3v31-1-3v31_A-1-3v31_B-1__receptor.pdb	3v31-1-3v31_A-1-3v31_B-1__ligand.sdf	1258	130	1479.23	80.4896	80.4896	1479.23	80.4896	0	0.0544132	sas_voromqa	1479.23	3778.13
3v3v-3-3v3v_A-2-3v3v_B-8__receptor.pdb	3v3v-3-3v3v_A-2-3v3v_B-8__ligand.sdf	2782	89	1266.34	-104.108	-108.201	1263.22	-106.335	0	-0.0822117	sas_voromqa	1266.34	2774.53
3v43-1-3v43_A-1-3v43_Q-1__receptor.pdb	3v43-1-3v43_A-1-3v43_Q-1__ligand.sdf	860	53	417.261	37.763	37.763	417.261	37.763	0	0.0905021	sas_voromqa	417.261	1381.51
3v4o-1-3v4o_A-1-3v4o_B-1__receptor.pdb	3v4o-1-3v4o_A-1-3v4o_B-1__ligand.sdf	1863	47	286.856	49.1846	49.1846	286.856	49.1846	0	0.171461	sas_voromqa	286.856	1128.37
3v4u-1-3v4u_H-1-3v4u_P-1__receptor.pdb	3v4u-1-3v4u_H-1-3v4u_P-1__ligand.sdf	1624	68	601.478	21.1577	21.1577	601.478	21.1577	0	0.0351762	sas_voromqa	601.478	1757.49
3v4u-1-3v4u_L-1-3v4u_P-1__receptor.pdb	3v4u-1-3v4u_L-1-3v4u_P-1__ligand.sdf	1684	68	744.298	36.3064	36.3064	744.298	36.3064	0	0.0487794	sas_voromqa	744.298	1869.01
3v7d-1-3v7d_B-1-3v7d_E-1__receptor.pdb	3v7d-1-3v7d_B-1-3v7d_E-1__ligand.sdf	3628	85	792.688	-18.0694	-18.2416	792.556	-18.1631	0	-0.0227951	sas_voromqa	792.688	2243.87
3va4-1-3va4_B-1-3va4_C-1__receptor.pdb	3va4-1-3va4_B-1-3va4_C-1__ligand.sdf	845	68	908.709	21.839	17.7498	905.587	19.6141	0	0.024033	sas_voromqa	908.709	2022.47
3vfj-1-3vfj_A-1-3vfj_G-1__receptor.pdb	3vfj-1-3vfj_A-1-3vfj_G-1__ligand.sdf	2888	136	1509.59	218.441	180.659	1480.74	197.884	0	0.144702	sas_voromqa	1509.59	3680.11
3vi1-1-3vi1_A-1-3vi1_C-1__receptor.pdb	3vi1-1-3vi1_A-1-3vi1_C-1__ligand.sdf	3473	52	304.476	-35.7437	-35.7437	304.476	-35.7437	0	-0.117394	sas_voromqa	304.476	1245.36
3vi4-1-3vi4_A-1-3vi4_I-1__receptor.pdb	3vi4-1-3vi4_A-1-3vi4_I-1__ligand.sdf	4567	23	394.913	-37.0716	-37.0716	394.913	-37.0716	0	-0.0938728	sas_voromqa	394.913	762.655
3viv-1-3viv_A-1-3viv_C-1__receptor.pdb	3viv-1-3viv_A-1-3viv_C-1__ligand.sdf	1687	61	651.483	57.913	57.913	651.483	57.913	0	0.0888941	sas_voromqa	651.483	1815.29
3vj6-1-3vj6_A-1-3vj6_P-1__receptor.pdb	3vj6-1-3vj6_A-1-3vj6_P-1__ligand.sdf	2282	68	278.035	-0.666543	-0.666543	278.035	-0.666543	0	-0.00239733	sas_voromqa	278.035	1599.14
3vqg-1-3vqg_A-1-3vqg_B-1__receptor.pdb	3vqg-1-3vqg_A-1-3vqg_B-1__ligand.sdf	670	30	210.293	9.74332	9.74332	210.293	9.74332	0	0.0463321	sas_voromqa	210.293	770.099
3vqm-3-3vqm_F-1-3vqm_S-1__receptor.pdb	3vqm-3-3vqm_F-1-3vqm_S-1__ligand.sdf	791	42	440.786	-34.154	-34.154	440.786	-34.154	0	-0.0774843	sas_voromqa	440.786	1223.99
3vrp-1-3vrp_A-1-3vrp_B-1__receptor.pdb	3vrp-1-3vrp_A-1-3vrp_B-1__ligand.sdf	2278	70	624.053	-16.6356	-16.6356	624.053	-16.6356	0	-0.0266574	sas_voromqa	624.053	1804.23
3vtc-1-3vtc_A-1-3vtc_B-1__receptor.pdb	3vtc-1-3vtc_A-1-3vtc_B-1__ligand.sdf	1924	91	933.17	35.5907	35.5907	933.17	35.5907	0	0.0381396	sas_voromqa	933.17	2546.84
3vvs-1-3vvs_A-1-3vvs_B-1__receptor.pdb	3vvs-1-3vvs_A-1-3vvs_B-1__ligand.sdf	3272	82	283.791	78.3599	78.3599	283.791	78.3599	0	0.276118	sas_voromqa	283.791	1871.28
3vxe-1-3vxe_H-1-3vxe_I-1__receptor.pdb	3vxe-1-3vxe_H-1-3vxe_I-1__ligand.sdf	2036	30	80.4096	15.9659	15.9659	80.4096	15.9659	0	0.198557	sas_voromqa	80.4096	621.971
3vxm-1-3vxm_D-1-3vxm_C-1__receptor.pdb	3vxm-1-3vxm_D-1-3vxm_C-1__ligand.sdf	1533	91	1285.83	297.069	297.069	1285.83	297.069	0	0.231033	sas_voromqa	1285.83	2794.32
3vxm-1-3vxm_E-1-3vxm_C-1__receptor.pdb	3vxm-1-3vxm_E-1-3vxm_C-1__ligand.sdf	1948	91	1371.46	221.279	221.279	1371.46	221.279	0	0.161346	sas_voromqa	1371.46	2840.86
3vxs-1-3vxs_D-1-3vxs_C-1__receptor.pdb	3vxs-1-3vxs_D-1-3vxs_C-1__ligand.sdf	1575	89	1296.29	199.657	199.657	1296.29	199.657	0	0.154022	sas_voromqa	1296.29	2776.6
3vxs-1-3vxs_E-1-3vxs_C-1__receptor.pdb	3vxs-1-3vxs_E-1-3vxs_C-1__ligand.sdf	1954	89	1329.05	200.536	200.536	1329.05	200.536	0	0.150887	sas_voromqa	1329.05	2799.47
3vxu-1-3vxu_D-1-3vxu_C-1__receptor.pdb	3vxu-1-3vxu_D-1-3vxu_C-1__ligand.sdf	1553	91	1336.57	271.727	271.727	1336.57	271.727	0	0.203302	sas_voromqa	1336.57	2811.71
3w0w-1-3w0w_D-1-3w0w_C-1__receptor.pdb	3w0w-1-3w0w_D-1-3w0w_C-1__ligand.sdf	1591	91	1390.24	299.584	299.584	1390.24	299.584	0	0.215491	sas_voromqa	1390.24	2889.07
3w0w-1-3w0w_E-1-3w0w_C-1__receptor.pdb	3w0w-1-3w0w_E-1-3w0w_C-1__ligand.sdf	1933	91	1256.66	207.716	207.716	1256.66	207.716	0	0.165292	sas_voromqa	1256.66	2739.46
3w1b-1-3w1b_A-1-3w1b_B-1__receptor.pdb	3w1b-1-3w1b_A-1-3w1b_B-1__ligand.sdf	4638	85	805.436	91.2728	91.2728	805.436	91.2728	0	0.113321	sas_voromqa	805.436	2295.17
3w3w-1-3w3w_A-1-3w3w_B-1__receptor.pdb	3w3w-1-3w3w_A-1-3w3w_B-1__ligand.sdf	7850	88	874.777	50.5254	50.5254	874.777	50.5254	0	0.057758	sas_voromqa	874.777	2497.35
3w6k-1-3w6k_B-1-3w6k_A-1__receptor.pdb	3w6k-1-3w6k_B-1-3w6k_A-1__ligand.sdf	622	118	1699.74	91.2528	91.2528	1699.74	91.2528	0	0.0536863	sas_voromqa	1699.74	3717.01
3w6k-1-3w6k_C-1-3w6k_A-1__receptor.pdb	3w6k-1-3w6k_C-1-3w6k_A-1__ligand.sdf	649	118	1272.33	44.1179	44.1179	1272.33	44.1179	0	0.0346749	sas_voromqa	1272.33	3318.51
3w8j-1-3w8j_A-1-3w8j_C-1__receptor.pdb	3w8j-1-3w8j_A-1-3w8j_C-1__ligand.sdf	941	38	482.618	19.2764	19.2764	482.618	19.2764	0	0.0399413	sas_voromqa	482.618	1119.98
3wa0-3-3wa0_C-1-3wa0_I-1__receptor.pdb	3wa0-3-3wa0_C-1-3wa0_I-1__ligand.sdf	2435	35	456.716	40.6463	40.6463	456.716	40.6463	0	0.0889969	sas_voromqa	456.716	1100.06
3wa4-3-3wa4_A-1-3wa4_B-1__receptor.pdb	3wa4-3-3wa4_A-1-3wa4_B-1__ligand.sdf	796	52	507.205	71.3379	70.3589	506.458	70.8052	0	0.140649	sas_voromqa	507.205	1432.5
3wbn-1-3wbn_A-1-3wbn_B-1__receptor.pdb	3wbn-1-3wbn_A-1-3wbn_B-1__ligand.sdf	3337	156	1097.73	262.478	262.478	1097.73	262.478	0	0.23911	sas_voromqa	1097.73	3776.33
3wdc-1-3wdc_A-1-3wdc_B-1__receptor.pdb	3wdc-1-3wdc_A-1-3wdc_B-1__ligand.sdf	1142	75	484.635	72.4922	72.4922	484.635	72.4922	0	0.149581	sas_voromqa	484.635	1801.26
3wgx-1-3wgx_A-1-3wgx_C-1__receptor.pdb	3wgx-1-3wgx_A-1-3wgx_C-1__ligand.sdf	873	48	521.682	31.7345	31.7345	521.682	31.7345	0	0.0608311	sas_voromqa	521.682	1337.5
3wmg-1-3wmg_A-1-3wmg_B-1__receptor.pdb	3wmg-1-3wmg_A-1-3wmg_B-1__ligand.sdf	4394	174	1412.78	170.309	170.309	1412.78	170.309	0	0.120549	sas_voromqa	1412.78	4458.51
3wnf-1-3wnf_A-1-3wnf_C-1__receptor.pdb	3wnf-1-3wnf_A-1-3wnf_C-1__ligand.sdf	1032	49	636.903	49.9214	49.9214	636.903	49.9214	0	0.0783815	sas_voromqa	636.903	1452.1
3wnf-1-3wnf_B-1-3wnf_C-1__receptor.pdb	3wnf-1-3wnf_B-1-3wnf_C-1__ligand.sdf	1031	49	619.676	-10.5011	-10.5011	619.676	-10.5011	0	-0.0169461	sas_voromqa	619.676	1450.02
3woo-1-3woo_B-1-3woo_D-1__receptor.pdb	3woo-1-3woo_B-1-3woo_D-1__ligand.sdf	5366	44	225.459	18.9747	18.9747	225.459	18.9747	0	0.0841603	sas_voromqa	225.459	1052.24
3wp0-1-3wp0_A-1-3wp0_B-1__receptor.pdb	3wp0-1-3wp0_A-1-3wp0_B-1__ligand.sdf	1439	131	1476.12	-50.7917	-52.6625	1474.69	-51.8096	0	-0.0344089	sas_voromqa	1476.12	3799.76
3wsr-1-3wsr_A-1-3wsr_C-1__receptor.pdb	3wsr-1-3wsr_A-1-3wsr_C-1__ligand.sdf	1012	114	1204.85	21.2409	21.2409	1204.85	21.2409	0	0.0176295	sas_voromqa	1204.85	3089.97
3wxa-1-3wxa_A-1-3wxa_C-1__receptor.pdb	3wxa-1-3wxa_A-1-3wxa_C-1__ligand.sdf	1391	90	800.244	72.2342	-1.5727	743.899	32.0759	0	0.0902652	sas_voromqa	800.244	2412.27
3x23-1-3x23_A-1-3x23_B-1__receptor.pdb	3x23-1-3x23_A-1-3x23_B-1__ligand.sdf	2497	94	1023.22	-31.8464	-31.8464	1023.22	-31.8464	0	-0.0311237	sas_voromqa	1023.22	2675.37
3ze2-1-3ze2_A-1-3ze2_I-1__receptor.pdb	3ze2-1-3ze2_A-1-3ze2_I-1__ligand.sdf	3481	40	573.375	-8.0191	-8.0191	573.375	-8.0191	0	-0.0139858	sas_voromqa	573.375	1243.18
3ze2-1-3ze2_B-1-3ze2_I-1__receptor.pdb	3ze2-1-3ze2_B-1-3ze2_I-1__ligand.sdf	3612	40	522.038	-26.9202	-26.9202	522.038	-26.9202	0	-0.0515675	sas_voromqa	522.038	1172.97
3zed-3-3zed_A-1-3zed_D-1__receptor.pdb	3zed-3-3zed_A-1-3zed_D-1__ligand.sdf	5982	89	719.783	-34.7848	-34.7848	719.783	-34.7848	0	-0.0483268	sas_voromqa	719.783	2241.78
3zfw-1-3zfw_A-1-3zfw_X-1__receptor.pdb	3zfw-1-3zfw_A-1-3zfw_X-1__ligand.sdf	1794	88	698.044	-48.8734	-48.8734	698.044	-48.8734	0	-0.0700148	sas_voromqa	698.044	2261.2
3zg5-1-3zg5_A-1-3zg5_C-1__receptor.pdb	3zg5-1-3zg5_A-1-3zg5_C-1__ligand.sdf	5105	54	317.561	-0.476385	-0.476385	317.561	-0.476385	0	-0.00150014	sas_voromqa	317.561	1264.74
3zg6-1-3zg6_A-1-3zg6_F-1__receptor.pdb	3zg6-1-3zg6_A-1-3zg6_F-1__ligand.sdf	2276	114	998.922	85.6837	85.6837	998.922	85.6837	0	0.0857762	sas_voromqa	998.922	3075.47
3zhf-1-3zhf_A-1-3zhf_B-1__receptor.pdb	3zhf-1-3zhf_A-1-3zhf_B-1__ligand.sdf	969	57	579.699	-61.205	-61.205	579.699	-61.205	0	-0.105581	sas_voromqa	579.699	1507.1
3zil-1-3zil_A-1-3zil_B-1__receptor.pdb	3zil-1-3zil_A-1-3zil_B-1__ligand.sdf	2873	100	883.468	-146.948	-146.948	883.468	-146.948	0	-0.166331	sas_voromqa	883.468	2650.48
3zke-3-3zke_K-1-3zke_J-1__receptor.pdb	3zke-3-3zke_K-1-3zke_J-1__ligand.sdf	695	76	1288.63	86.598	86.598	1288.63	86.598	0	0.0672016	sas_voromqa	1288.63	2543.03
3zmv-1-3zmv_A-1-3zmv_D-1__receptor.pdb	3zmv-1-3zmv_A-1-3zmv_D-1__ligand.sdf	5210	40	507.008	94.1	94.1	507.008	94.1	0	0.185599	sas_voromqa	507.008	1249.95
3zn0-1-3zn0_A-1-3zn0_C-1__receptor.pdb	3zn0-1-3zn0_A-1-3zn0_C-1__ligand.sdf	5217	45	219.299	7.26027	7.26027	219.299	7.26027	0	0.0331067	sas_voromqa	219.299	1111.36
3zni-3-3zni_I-1-3zni_J-1__receptor.pdb	3zni-3-3zni_I-1-3zni_J-1__ligand.sdf	3053	63	548.985	14.6945	14.6945	548.985	14.6945	0	0.0267667	sas_voromqa	548.985	1620.41
3zqf-1-3zqf_A-2-3zqf_C-1__receptor.pdb	3zqf-1-3zqf_A-2-3zqf_C-1__ligand.sdf	1462	91	982.689	-1.90702	-1.90702	982.689	-1.90702	0	-0.00194061	sas_voromqa	982.689	2609.05
3zqi-1-3zqi_B-1-3zqi_C-1__receptor.pdb	3zqi-1-3zqi_B-1-3zqi_C-1__ligand.sdf	1601	127	1112.93	88.3487	88.3487	1112.93	88.3487	0	0.0793839	sas_voromqa	1112.93	3380.83
3zqi-1-3zqi_B-1-3zqi_D-1__receptor.pdb	3zqi-1-3zqi_B-1-3zqi_D-1__ligand.sdf	1601	127	1162.84	30.7778	30.7778	1162.84	30.7778	0	0.0264678	sas_voromqa	1162.84	3375.52
3zrj-3-3zrj_B-1-3zrj_Y-1__receptor.pdb	3zrj-3-3zrj_B-1-3zrj_Y-1__ligand.sdf	1315	76	562.523	-30.6137	-30.6137	562.523	-30.6137	0	-0.0544221	sas_voromqa	562.523	1925.42
3zs6-1-3zs6_A-1-3zs6_B-1__receptor.pdb	3zs6-1-3zs6_A-1-3zs6_B-1__ligand.sdf	3999	21	15.5696	-4.67594	-4.67594	15.5696	-4.67594	0	-0.300325	sas_voromqa	15.5696	414.354
3zyh-1-3zyh_A-1-3zyh_I-1__receptor.pdb	3zyh-1-3zyh_A-1-3zyh_I-1__ligand.sdf	901	14	121.309	10.7878	10.7878	121.309	10.7878	0	0.0889283	sas_voromqa	121.309	369.575
3zzy-1-3zzy_A-1-3zzy_C-1__receptor.pdb	3zzy-1-3zzy_A-1-3zzy_C-1__ligand.sdf	820	52	576.268	47.2108	47.2108	576.268	47.2108	0	0.0819251	sas_voromqa	576.268	1478.34
4a1g-3-4a1g_C-1-4a1g_G-1__receptor.pdb	4a1g-3-4a1g_C-1-4a1g_G-1__ligand.sdf	1251	119	1127.95	22.0641	22.0641	1127.95	22.0641	0	0.0195612	sas_voromqa	1127.95	3200.88
4a1x-2-4a1x_B-1-4a1x_D-1__receptor.pdb	4a1x-2-4a1x_B-1-4a1x_D-1__ligand.sdf	1411	117	1025.8	112.723	112.723	1025.8	112.723	0	0.109888	sas_voromqa	1025.8	3095.94
4a2a-1-4a2a_A-1-4a2a_C-1__receptor.pdb	4a2a-1-4a2a_A-1-4a2a_C-1__ligand.sdf	2925	112	893.332	82.3656	82.3656	893.332	82.3656	0	0.0922004	sas_voromqa	893.332	2873.7
4a5x-1-4a5x_A-1-4a5x_C-1__receptor.pdb	4a5x-1-4a5x_A-1-4a5x_C-1__ligand.sdf	586	122	1026.22	-114.655	-114.655	1026.22	-114.655	0	-0.111726	sas_voromqa	1026.22	3152.02
4a62-1-4a62_A-1-4a62_C-1__receptor.pdb	4a62-1-4a62_A-1-4a62_C-1__ligand.sdf	2514	89	701.109	3.33996	3.33996	701.109	3.33996	0	0.00476382	sas_voromqa	701.109	2245.24
4aid-3-4aid_C-3-4aid_H-3__receptor.pdb	4aid-3-4aid_C-3-4aid_H-3__ligand.sdf	3836	42	307.031	55.6243	55.6243	307.031	55.6243	0	0.181168	sas_voromqa	307.031	1093.78
4ajy-1-4ajy_V-1-4ajy_H-1__receptor.pdb	4ajy-1-4ajy_V-1-4ajy_H-1__ligand.sdf	1173	118	1275.46	51.2495	51.2495	1275.46	51.2495	0	0.0401812	sas_voromqa	1275.46	3286.62
4akt-1-4akt_A-1-4akt_C-1__receptor.pdb	4akt-1-4akt_A-1-4akt_C-1__ligand.sdf	2475	69	538.004	41.4944	41.4944	538.004	41.4944	0	0.0771266	sas_voromqa	538.004	1821.81
4am9-1-4am9_A-1-4am9_B-1__receptor.pdb	4am9-1-4am9_A-1-4am9_B-1__ligand.sdf	1043	79	859.491	7.23002	7.23002	859.491	7.23002	0	0.00841198	sas_voromqa	859.491	2337.66
4aph-1-4aph_A-1-4aph_P-1__receptor.pdb	4aph-1-4aph_A-1-4aph_P-1__ligand.sdf	4754	54	217.027	-21.2939	-21.2939	217.027	-21.2939	0	-0.0981164	sas_voromqa	217.027	1229.77
4apj-1-4apj_A-1-4apj_P-1__receptor.pdb	4apj-1-4apj_A-1-4apj_P-1__ligand.sdf	4749	84	356.045	-5.12251	-5.12251	356.045	-5.12251	0	-0.0143873	sas_voromqa	356.045	2000.9
4apo-1-4apo_A-1-4apo_E-1__receptor.pdb	4apo-1-4apo_A-1-4apo_E-1__ligand.sdf	1109	47	380.787	-94.0845	-94.0845	380.787	-94.0845	0	-0.247079	sas_voromqa	380.787	1193.19
4ar8-1-4ar8_A-1-4ar8_C-1__receptor.pdb	4ar8-1-4ar8_A-1-4ar8_C-1__ligand.sdf	3117	26	139.423	-11.2384	-11.2384	139.423	-11.2384	0	-0.0806065	sas_voromqa	139.423	646.962
4arf-1-4arf_A-1-4arf_B-1__receptor.pdb	4arf-1-4arf_A-1-4arf_B-1__ligand.sdf	3079	26	111.655	-7.06834	-7.06834	111.655	-7.06834	0	-0.0633052	sas_voromqa	111.655	609.067
4asr-1-4asr_A-1-4asr_P-1__receptor.pdb	4asr-1-4asr_A-1-4asr_P-1__ligand.sdf	4877	26	129.442	-39.4839	-39.4839	129.442	-39.4839	0	-0.305032	sas_voromqa	129.442	598.819
4au2-1-4au2_B-1-4au2_E-1__receptor.pdb	4au2-1-4au2_B-1-4au2_E-1__ligand.sdf	2778	90	1429.68	34.1281	34.1281	1429.68	34.1281	0	0.0238711	sas_voromqa	1429.68	2861.09
4au2-1-4au2_B-1-4au2_F-1__receptor.pdb	4au2-1-4au2_B-1-4au2_F-1__ligand.sdf	2778	93	1631.9	61.2445	61.2445	1631.9	61.2445	0	0.0375296	sas_voromqa	1631.9	3064.62
4au2-1-4au2_B-1-4au2_G-1__receptor.pdb	4au2-1-4au2_B-1-4au2_G-1__ligand.sdf	2778	86	1201.95	79.0829	79.0829	1201.95	79.0829	0	0.0657955	sas_voromqa	1201.95	2609.96
4au7-1-4au7_A-1-4au7_C-1__receptor.pdb	4au7-1-4au7_A-1-4au7_C-1__ligand.sdf	1913	84	714.641	-58.5618	-58.5618	714.641	-58.5618	0	-0.0819458	sas_voromqa	714.641	2240.49
4auc-1-4auc_A-1-4auc_B-1__receptor.pdb	4auc-1-4auc_A-1-4auc_B-1__ligand.sdf	2511	48	319.037	-21.6152	-21.6152	319.037	-21.6152	0	-0.0677514	sas_voromqa	319.037	1239.59
4awb-1-4awb_A-1-4awb_J-1__receptor.pdb	4awb-1-4awb_A-1-4awb_J-1__ligand.sdf	2095	29	484.327	109.27	109.27	484.327	109.27	0	0.225612	sas_voromqa	484.327	953.868
4b18-1-4b18_A-1-4b18_B-1__receptor.pdb	4b18-1-4b18_A-1-4b18_B-1__ligand.sdf	3310	140	1281.01	-27.6085	-27.6085	1281.01	-27.6085	0	-0.0215521	sas_voromqa	1281.01	3863.54
4b45-1-4b45_A-1-4b45_B-1__receptor.pdb	4b45-1-4b45_A-1-4b45_B-1__ligand.sdf	2398	104	1057.23	-58.3189	-58.3189	1057.23	-58.3189	0	-0.055162	sas_voromqa	1057.23	2816.66
4b4n-1-4b4n_A-1-4b4n_B-1__receptor.pdb	4b4n-1-4b4n_A-1-4b4n_B-1__ligand.sdf	1068	110	974.968	129.669	129.669	974.968	129.669	0	0.132998	sas_voromqa	974.968	2890.81
4b60-1-4b60_A-1-4b60_C-1__receptor.pdb	4b60-1-4b60_A-1-4b60_C-1__ligand.sdf	2320	101	893.164	7.05512	7.05512	893.164	7.05512	0	0.00789902	sas_voromqa	893.164	2638.59
4b6h-1-4b6h_A-1-4b6h_C-1__receptor.pdb	4b6h-1-4b6h_A-1-4b6h_C-1__ligand.sdf	1052	109	964.844	40.5482	40.5482	964.844	40.5482	0	0.0420257	sas_voromqa	964.844	2817.29
4b8o-1-4b8o_A-1-4b8o_B-1__receptor.pdb	4b8o-1-4b8o_A-1-4b8o_B-1__ligand.sdf	3231	82	718.264	21.2476	21.2476	718.264	21.2476	0	0.0295819	sas_voromqa	718.264	2177
4b8o-1-4b8o_A-1-4b8o_C-1__receptor.pdb	4b8o-1-4b8o_A-1-4b8o_C-1__ligand.sdf	3231	45	402.897	11.2942	11.2942	402.897	11.2942	0	0.0280325	sas_voromqa	402.897	1263.77
4b8y-1-4b8y_A-1-4b8y_B-1__receptor.pdb	4b8y-1-4b8y_A-1-4b8y_B-1__ligand.sdf	2207	49	294.251	15.7767	15.7767	294.251	15.7767	0	0.0536165	sas_voromqa	294.251	1110.47
4b9w-1-4b9w_A-1-4b9w_S-1__receptor.pdb	4b9w-1-4b9w_A-1-4b9w_S-1__ligand.sdf	1557	64	1070.3	22.7589	22.7589	1070.3	22.7589	0	0.021264	sas_voromqa	1070.3	2118.33
4b9w-1-4b9w_B-1-4b9w_S-1__receptor.pdb	4b9w-1-4b9w_B-1-4b9w_S-1__ligand.sdf	1522	64	645.917	17.2742	17.2742	645.917	17.2742	0	0.0267437	sas_voromqa	645.917	1777.19
4bh7-1-4bh7_A-1-4bh7_P-1__receptor.pdb	4bh7-1-4bh7_A-1-4bh7_P-1__ligand.sdf	1658	68	899.108	181.517	181.517	899.108	181.517	0	0.201886	sas_voromqa	899.108	1935.1
4bh7-1-4bh7_B-1-4bh7_P-1__receptor.pdb	4bh7-1-4bh7_B-1-4bh7_P-1__ligand.sdf	1655	68	852.627	160.483	160.483	852.627	160.483	0	0.188222	sas_voromqa	852.627	1931.75
4bh8-1-4bh8_B-1-4bh8_P-1__receptor.pdb	4bh8-1-4bh8_B-1-4bh8_P-1__ligand.sdf	1651	69	847.893	15.5167	15.5167	847.893	15.5167	0	0.0183003	sas_voromqa	847.893	1922.44
4bjt-3-4bjt_B-1-4bjt_E-1__receptor.pdb	4bjt-3-4bjt_B-1-4bjt_E-1__ligand.sdf	1241	61	478.6	12.687	12.687	478.6	12.687	0	0.0265086	sas_voromqa	478.6	1608.9
4bl0-1-4bl0_D-1-4bl0_F-1__receptor.pdb	4bl0-1-4bl0_D-1-4bl0_F-1__ligand.sdf	2562	91	997.418	44.6743	42.5472	995.794	43.517	0	0.0447899	sas_voromqa	997.418	2589.71
4blb-3-4blb_D-1-4blb_H-1__receptor.pdb	4blb-3-4blb_D-1-4blb_H-1__ligand.sdf	5727	65	339.41	46.0545	46.0545	339.41	46.0545	0	0.13569	sas_voromqa	339.41	1481.33
4bos-1-4bos_A-1-4bos_F-1__receptor.pdb	4bos-1-4bos_A-1-4bos_F-1__ligand.sdf	1302	51	676.122	55.2575	55.2575	676.122	55.2575	0	0.0817271	sas_voromqa	676.122	1580.76
4bpj-1-4bpj_A-1-4bpj_D-1__receptor.pdb	4bpj-1-4bpj_A-1-4bpj_D-1__ligand.sdf	1164	147	1144.95	-134.151	-134.151	1144.95	-134.151	0	-0.117168	sas_voromqa	1144.95	3724.06
4bq6-1-4bq6_F-1-4bq6_E-1__receptor.pdb	4bq6-1-4bq6_F-1-4bq6_E-1__ligand.sdf	1159	128	1153.54	203.763	203.763	1153.54	203.763	0	0.176641	sas_voromqa	1153.54	3431.36
4bqk-2-4bqk_B-1-4bqk_C-1__receptor.pdb	4bqk-2-4bqk_B-1-4bqk_C-1__ligand.sdf	3231	110	947.156	-64.9387	-64.9387	947.156	-64.9387	0	-0.0685618	sas_voromqa	947.156	2903.87
4btb-1-4btb_A-1-4btb_C-1__receptor.pdb	4btb-1-4btb_A-1-4btb_C-1__ligand.sdf	1868	64	627.678	18.9519	18.9519	627.678	18.9519	0	0.0301937	sas_voromqa	627.678	1685.63
4bu0-1-4bu0_A-1-4bu0_B-1__receptor.pdb	4bu0-1-4bu0_A-1-4bu0_B-1__ligand.sdf	1463	74	878.846	-18.0513	-18.3416	878.624	-18.2093	0	-0.0205398	sas_voromqa	878.846	2162.89
4bu0-1-4bu0_A-1-4bu0_C-1__receptor.pdb	4bu0-1-4bu0_A-1-4bu0_C-1__ligand.sdf	1463	132	1589.18	19.0032	18.905	1589.1	18.9497	0	0.0119579	sas_voromqa	1589.18	3836.12
4buo-1-4buo_A-1-4buo_C-1__receptor.pdb	4buo-1-4buo_A-1-4buo_C-1__ligand.sdf	2400	58	207.97	-8.621	-8.621	207.97	-8.621	0	-0.0414531	sas_voromqa	207.97	1331.42
4bve-3-4bve_A-1-4bve_B-1__receptor.pdb	4bve-3-4bve_A-1-4bve_B-1__ligand.sdf	2148	83	508.982	-41.5277	-41.5277	508.982	-41.5277	0	-0.0815897	sas_voromqa	508.982	1955.44
4bxe-1-4bxe_B-1-4bxe_D-1__receptor.pdb	4bxe-1-4bxe_B-1-4bxe_D-1__ligand.sdf	2036	55	445.493	-66.4474	-66.4474	445.493	-66.4474	0	-0.149155	sas_voromqa	445.493	1345.79
4bxe-1-4bxe_B-2-4bxe_C-2__receptor.pdb	4bxe-1-4bxe_B-2-4bxe_C-2__ligand.sdf	2036	55	912.284	-34.5056	-34.5056	912.284	-34.5056	0	-0.0378233	sas_voromqa	912.284	1746.76
4bxf-1-4bxf_B-1-4bxf_D-1__receptor.pdb	4bxf-1-4bxf_B-1-4bxf_D-1__ligand.sdf	3256	64	412.976	0.0463807	0.0463807	412.976	0.0463807	0	0.000112308	sas_voromqa	412.976	1585.01
4bxr-2-4bxr_B-1-4bxr_D-1__receptor.pdb	4bxr-2-4bxr_B-1-4bxr_D-1__ligand.sdf	1450	105	1160.35	24.1253	24.1253	1160.35	24.1253	0	0.0207914	sas_voromqa	1160.35	2956.43
4bxw-1-4bxw_B-1-4bxw_F-1__receptor.pdb	4bxw-1-4bxw_B-1-4bxw_F-1__ligand.sdf	2114	65	679.008	165.496	165.496	679.008	165.496	0	0.243732	sas_voromqa	679.008	1868.22
4c1q-1-4c1q_A-1-4c1q_C-1__receptor.pdb	4c1q-1-4c1q_A-1-4c1q_C-1__ligand.sdf	1385	55	410.516	-21.2956	-21.2956	410.516	-21.2956	0	-0.0518752	sas_voromqa	410.516	1433.6
4c2c-1-4c2c_A-1-4c2c_B-1__receptor.pdb	4c2c-1-4c2c_A-1-4c2c_B-1__ligand.sdf	3302	16	153.785	-1.88932	-1.88932	153.785	-1.88932	0	-0.0122855	sas_voromqa	153.785	489.194
4c2c-1-4c2c_A-1-4c2c_C-1__receptor.pdb	4c2c-1-4c2c_A-1-4c2c_C-1__ligand.sdf	3302	25	146.912	8.06883	8.06883	146.912	8.06883	0	0.0549229	sas_voromqa	146.912	587.85
4c2d-2-4c2d_D-1-4c2d_P-1__receptor.pdb	4c2d-2-4c2d_D-1-4c2d_P-1__ligand.sdf	2705	16	80.4394	2.30355	2.30355	80.4394	2.30355	0	0.0286371	sas_voromqa	80.4394	391.771
4c31-1-4c31_A-1-4c31_C-1__receptor.pdb	4c31-1-4c31_A-1-4c31_C-1__ligand.sdf	271	119	1710.52	113.549	113.549	1710.52	113.549	0	0.0663827	sas_voromqa	1710.52	3699.48
4c31-1-4c31_A-1-4c31_F-1__receptor.pdb	4c31-1-4c31_A-1-4c31_F-1__ligand.sdf	271	110	1795.07	178.694	178.694	1795.07	178.694	0	0.0995471	sas_voromqa	1795.07	3627.28
4c31-1-4c31_B-1-4c31_X-1__receptor.pdb	4c31-1-4c31_B-1-4c31_X-1__ligand.sdf	742	38	485.745	-26.1758	-26.1758	485.745	-26.1758	0	-0.0538879	sas_voromqa	485.745	1166.64
4c3p-1-4c3p_D-1-4c3p_E-1__receptor.pdb	4c3p-1-4c3p_D-1-4c3p_E-1__ligand.sdf	2136	136	1239.11	-23.0849	-23.0849	1239.11	-23.0849	0	-0.0186302	sas_voromqa	1239.11	3566.31
4c5a-1-4c5a_A-1-4c5a_C-1__receptor.pdb	4c5a-1-4c5a_A-1-4c5a_C-1__ligand.sdf	2305	66	831.954	40.655	40.655	831.954	40.655	0	0.0488669	sas_voromqa	831.954	1954.01
4c5i-1-4c5i_A-1-4c5i_C-1__receptor.pdb	4c5i-1-4c5i_A-1-4c5i_C-1__ligand.sdf	3371	135	1046.1	43.7569	43.7569	1046.1	43.7569	0	0.0418286	sas_voromqa	1046.1	3426.07
4cc2-1-4cc2_A-1-4cc2_B-1__receptor.pdb	4cc2-1-4cc2_A-1-4cc2_B-1__ligand.sdf	525	88	835.547	15.9464	15.9464	835.547	15.9464	0	0.019085	sas_voromqa	835.547	2320.73
4cc9-1-4cc9_A-1-4cc9_C-1__receptor.pdb	4cc9-1-4cc9_A-1-4cc9_C-1__ligand.sdf	2448	158	1962.13	-93.7393	-93.7393	1962.13	-93.7393	0	-0.0477743	sas_voromqa	1962.13	4646.99
4cc9-1-4cc9_B-1-4cc9_C-1__receptor.pdb	4cc9-1-4cc9_B-1-4cc9_C-1__ligand.sdf	801	158	1441.95	-163.666	-163.666	1441.95	-163.666	0	-0.113503	sas_voromqa	1441.95	4188.44
4cgq-1-4cgq_A-1-4cgq_Q-1__receptor.pdb	4cgq-1-4cgq_A-1-4cgq_Q-1__ligand.sdf	690	59	704.8	-80.3789	-80.3789	704.8	-80.3789	0	-0.114045	sas_voromqa	704.8	1717.84
4cgu-1-4cgu_A-1-4cgu_C-1__receptor.pdb	4cgu-1-4cgu_A-1-4cgu_C-1__ligand.sdf	859	55	518.668	-45.7589	-45.7589	518.668	-45.7589	0	-0.0882239	sas_voromqa	518.668	1480.44
4cgv-3-4cgv_C-1-4cgv_E-1__receptor.pdb	4cgv-3-4cgv_C-1-4cgv_E-1__ligand.sdf	972	45	459.051	-21.1055	-21.1055	459.051	-21.1055	0	-0.0459764	sas_voromqa	459.051	1235.98
4ch2-1-4ch2_B-1-4ch2_P-1__receptor.pdb	4ch2-1-4ch2_B-1-4ch2_P-1__ligand.sdf	2051	79	819.575	-69.9569	-88.6515	805.303	-80.1286	0	-0.0853575	sas_voromqa	819.575	2102.54
4ch8-3-4ch8_F-1-4ch8_R-1__receptor.pdb	4ch8-3-4ch8_F-1-4ch8_R-1__ligand.sdf	1977	32	328.602	-3.74356	-9.47171	324.229	-6.86025	0	-0.0113924	sas_voromqa	328.602	867.309
4ch9-1-4ch9_B-1-4ch9_D-1__receptor.pdb	4ch9-1-4ch9_B-1-4ch9_D-1__ligand.sdf	2146	68	535.31	-21.1591	-21.1591	535.31	-21.1591	0	-0.0395268	sas_voromqa	535.31	1718.87
4chb-1-4chb_A-1-4chb_C-1__receptor.pdb	4chb-1-4chb_A-1-4chb_C-1__ligand.sdf	2140	86	734.015	-54.5874	-54.5874	734.015	-54.5874	0	-0.0743682	sas_voromqa	734.015	2188.47
4chx-1-4chx_A-1-4chx_C-1__receptor.pdb	4chx-1-4chx_A-1-4chx_C-1__ligand.sdf	2577	69	420.332	-28.2339	-28.2339	420.332	-28.2339	0	-0.0671705	sas_voromqa	420.332	1598.23
4cic-1-4cic_B-1-4cic_Q-1__receptor.pdb	4cic-1-4cic_B-1-4cic_Q-1__ligand.sdf	1060	30	389.522	43.2016	43.2016	389.522	43.2016	0	0.110909	sas_voromqa	389.522	941.139
4ckq-1-4ckq_A-1-4ckq_C-1__receptor.pdb	4ckq-1-4ckq_A-1-4ckq_C-1__ligand.sdf	3128	40	331.871	19.2283	19.2283	331.871	19.2283	0	0.0579391	sas_voromqa	331.871	1003.67
4ckt-1-4ckt_B-1-4ckt_D-1__receptor.pdb	4ckt-1-4ckt_B-1-4ckt_D-1__ligand.sdf	937	59	769.444	-40.4903	-43.6784	767.011	-42.2249	0	-0.0526228	sas_voromqa	769.444	1802.52
4ckt-2-4ckt_A-1-4ckt_C-1__receptor.pdb	4ckt-2-4ckt_A-1-4ckt_C-1__ligand.sdf	925	64	663.03	-7.83976	-8.59158	662.456	-8.24882	0	-0.0118241	sas_voromqa	663.03	1777.34
4cqo-1-4cqo_C-1-4cqo_D-1__receptor.pdb	4cqo-1-4cqo_C-1-4cqo_D-1__ligand.sdf	4175	110	1006.68	50.4621	50.4621	1006.68	50.4621	0	0.0501272	sas_voromqa	1006.68	2905.84
4cri-1-4cri_B-1-4cri_D-1__receptor.pdb	4cri-1-4cri_B-1-4cri_D-1__ligand.sdf	922	42	414.125	28.2071	28.2071	414.125	28.2071	0	0.0681125	sas_voromqa	414.125	1191.51
4cug-1-4cug_B-1-4cug_F-1__receptor.pdb	4cug-1-4cug_B-1-4cug_F-1__ligand.sdf	3021	65	533.875	30.9432	30.9432	533.875	30.9432	0	0.0579596	sas_voromqa	533.875	1755.07
4cw1-1-4cw1_A-1-4cw1_F-1__receptor.pdb	4cw1-1-4cw1_A-1-4cw1_F-1__ligand.sdf	2168	84	358.923	14.7837	14.7837	358.923	14.7837	0	0.0411891	sas_voromqa	358.923	1960.92
4cy3-1-4cy3_A-1-4cy3_D-1__receptor.pdb	4cy3-1-4cy3_A-1-4cy3_D-1__ligand.sdf	2356	69	504.119	25.2573	25.2573	504.119	25.2573	0	0.0501019	sas_voromqa	504.119	1776.52
4cy5-1-4cy5_A-1-4cy5_C-1__receptor.pdb	4cy5-1-4cy5_A-1-4cy5_C-1__ligand.sdf	2354	60	661.731	-61.659	-61.659	661.731	-61.659	0	-0.0931783	sas_voromqa	661.731	1681.05
4czs-1-4czs_D-1-4czs_H-1__receptor.pdb	4czs-1-4czs_D-1-4czs_H-1__ligand.sdf	1809	54	474	19.7109	19.7109	474	19.7109	0	0.0415842	sas_voromqa	474	1308.91
4d49-1-4d49_A-1-4d49_C-1__receptor.pdb	4d49-1-4d49_A-1-4d49_C-1__ligand.sdf	1789	99	1000.26	-225.356	-225.356	1000.26	-225.356	0	-0.225297	sas_voromqa	1000.26	2752.09
4d49-1-4d49_B-1-4d49_C-1__receptor.pdb	4d49-1-4d49_B-1-4d49_C-1__ligand.sdf	1789	99	1826.1	-363.633	-363.633	1826.1	-363.633	0	-0.199131	sas_voromqa	1826.1	3442.39
4d69-11-4d69_K-1-4d69_Y-1__receptor.pdb	4d69-11-4d69_K-1-4d69_Y-1__ligand.sdf	1799	26	387.591	-30.063	-30.063	387.591	-30.063	0	-0.0775637	sas_voromqa	387.591	829.373
4d8i-1-4d8i_A-1-4d8i_B-1__receptor.pdb	4d8i-1-4d8i_A-1-4d8i_B-1__ligand.sdf	1958	34	315.257	-21.6864	-21.6864	315.257	-21.6864	0	-0.0687896	sas_voromqa	315.257	936.269
4dc2-1-4dc2_A-1-4dc2_Z-1__receptor.pdb	4dc2-1-4dc2_A-1-4dc2_Z-1__ligand.sdf	2550	122	929.641	58.3623	58.3623	929.641	58.3623	0	0.0627794	sas_voromqa	929.641	3157.47
4dcb-1-4dcb_A-1-4dcb_F-1__receptor.pdb	4dcb-1-4dcb_A-1-4dcb_F-1__ligand.sdf	2203	64	479.152	39.8885	39.8885	479.152	39.8885	0	0.0832481	sas_voromqa	479.152	1580.57
4dgy-1-4dgy_H-1-4dgy_A-1__receptor.pdb	4dgy-1-4dgy_H-1-4dgy_A-1__ligand.sdf	1729	98	862.996	15.5959	15.5959	862.996	15.5959	0	0.0180718	sas_voromqa	862.996	2543.19
4dgy-1-4dgy_L-1-4dgy_A-1__receptor.pdb	4dgy-1-4dgy_L-1-4dgy_A-1__ligand.sdf	1639	98	1009.74	28.713	28.713	1009.74	28.713	0	0.028436	sas_voromqa	1009.74	2659.38
4dk7-1-4dk7_A-1-4dk7_B-1__receptor.pdb	4dk7-1-4dk7_A-1-4dk7_B-1__ligand.sdf	1873	108	952.42	-72.8405	-72.8405	952.42	-72.8405	0	-0.0764794	sas_voromqa	952.42	2773.66
4dlq-1-4dlq_A-1-4dlq_B-1__receptor.pdb	4dlq-1-4dlq_A-1-4dlq_B-1__ligand.sdf	2728	129	859.453	24.8752	24.8752	859.453	24.8752	0	0.0289431	sas_voromqa	859.453	3097.31
4dm6-1-4dm6_A-1-4dm6_E-1__receptor.pdb	4dm6-1-4dm6_A-1-4dm6_E-1__ligand.sdf	1894	91	809.56	-18.1082	-18.1082	809.56	-18.1082	0	-0.022368	sas_voromqa	809.56	2426.17
4dm9-1-4dm9_A-1-4dm9_X-1__receptor.pdb	4dm9-1-4dm9_A-1-4dm9_X-1__ligand.sdf	1740	33	248.024	79.4165	79.4165	248.024	79.4165	0	0.320197	sas_voromqa	248.024	877.497
4dos-3-4dos_A-4-4dos_C-1__receptor.pdb	4dos-3-4dos_A-4-4dos_C-1__ligand.sdf	1942	90	895.949	23.7126	23.7126	895.949	23.7126	0	0.0264665	sas_voromqa	895.949	2517.01
4dow-1-4dow_A-1-4dow_C-1__receptor.pdb	4dow-1-4dow_A-1-4dow_C-1__ligand.sdf	1263	103	1163.66	-117.674	-117.674	1163.66	-117.674	0	-0.101124	sas_voromqa	1163.66	2930.22
4ds1-1-4ds1_A-1-4ds1_B-1__receptor.pdb	4ds1-1-4ds1_A-1-4ds1_B-1__ligand.sdf	691	77	770.381	22.5575	22.5575	770.381	22.5575	0	0.029281	sas_voromqa	770.381	2053.19
4ds1-1-4ds1_C-1-4ds1_B-1__receptor.pdb	4ds1-1-4ds1_C-1-4ds1_B-1__ligand.sdf	691	77	1235.11	17.1406	17.1406	1235.11	17.1406	0	0.0138778	sas_voromqa	1235.11	2475.29
4dx9-13-4dx9_Y-1-4dx9_Z-1__receptor.pdb	4dx9-13-4dx9_Y-1-4dx9_Z-1__ligand.sdf	997	79	879.778	55.9712	55.9712	879.778	55.9712	0	0.0636197	sas_voromqa	879.778	2342.74
4dx9-21-4dx9_o-1-4dx9_p-1__receptor.pdb	4dx9-21-4dx9_o-1-4dx9_p-1__ligand.sdf	473	38	594.227	22.8194	22.8194	594.227	22.8194	0	0.0384018	sas_voromqa	594.227	1288.47
4dx9-22-4dx9_2-1-4dx9_r-1__receptor.pdb	4dx9-22-4dx9_2-1-4dx9_r-1__ligand.sdf	700	15	210.543	20.6423	20.6423	210.543	20.6423	0	0.0980432	sas_voromqa	210.543	464.111
4dx9-25-4dx9_1-1-4dx9_x-1__receptor.pdb	4dx9-25-4dx9_1-1-4dx9_x-1__ligand.sdf	903	25	396.547	17.5757	17.5757	396.547	17.5757	0	0.0443219	sas_voromqa	396.547	825.229
4e41-1-4e41_D-1-4e41_C-1__receptor.pdb	4e41-1-4e41_D-1-4e41_C-1__ligand.sdf	1428	104	1851.81	-48.5934	-48.5934	1851.81	-48.5934	0	-0.026241	sas_voromqa	1851.81	3553.49
4e41-1-4e41_E-1-4e41_C-1__receptor.pdb	4e41-1-4e41_E-1-4e41_C-1__ligand.sdf	1898	104	1867.23	-31.792	-31.792	1867.23	-31.792	0	-0.0170263	sas_voromqa	1867.23	3554.8
4edn-4-4edn_D-1-4edn_N-1__receptor.pdb	4edn-4-4edn_D-1-4edn_N-1__ligand.sdf	1023	89	819.269	-99.5732	-99.5732	819.269	-99.5732	0	-0.121539	sas_voromqa	819.269	2409.4
4edu-1-4edu_A-1-4edu_T-1__receptor.pdb	4edu-1-4edu_A-1-4edu_T-1__ligand.sdf	1640	63	1057.67	-6.18744	-6.18744	1057.67	-6.18744	0	-0.00585007	sas_voromqa	1057.67	2173.33
4eec-1-4eec_A-1-4eec_C-1__receptor.pdb	4eec-1-4eec_A-1-4eec_C-1__ligand.sdf	1937	86	637.439	146.067	10.7526	534.139	72.4423	0	0.229147	sas_voromqa	637.439	2032.35
4ejf-1-4ejf_A-1-4ejf_E-1__receptor.pdb	4ejf-1-4ejf_A-1-4ejf_E-1__ligand.sdf	1947	102	1446.88	22.6197	22.6197	1446.88	22.6197	0	0.0156334	sas_voromqa	1446.88	3197.46
4ejf-1-4ejf_C-1-4ejf_E-1__receptor.pdb	4ejf-1-4ejf_C-1-4ejf_E-1__ligand.sdf	1944	102	1586.49	64.7763	64.7763	1586.49	64.7763	0	0.0408299	sas_voromqa	1586.49	3285.6
4en2-2-4en2_A-1-4en2_E-1__receptor.pdb	4en2-2-4en2_A-1-4en2_E-1__ligand.sdf	2073	121	1272.05	-6.12713	-6.12713	1272.05	-6.12713	0	-0.00481674	sas_voromqa	1272.05	3263.63
4en2-2-4en2_B-1-4en2_E-1__receptor.pdb	4en2-2-4en2_B-1-4en2_E-1__ligand.sdf	1238	121	1592.02	17.2594	17.2594	1592.02	17.2594	0	0.0108412	sas_voromqa	1592.02	3617.07
4eoy-3-4eoy_C-1-4eoy_F-1__receptor.pdb	4eoy-3-4eoy_C-1-4eoy_F-1__ligand.sdf	1023	73	777.311	26.207	-90.8341	687.961	-37.4751	0	0.0337149	sas_voromqa	777.311	2063.68
4epj-1-4epj_A-1-4epj_D-1__receptor.pdb	4epj-1-4epj_A-1-4epj_D-1__ligand.sdf	1470	52	209.368	26.3877	26.3877	209.368	26.3877	0	0.126035	sas_voromqa	209.368	1200.71
4eqf-1-4eqf_A-1-4eqf_B-1__receptor.pdb	4eqf-1-4eqf_A-1-4eqf_B-1__ligand.sdf	2212	48	404.395	-37.4945	-37.4945	404.395	-37.4945	0	-0.0927175	sas_voromqa	404.395	1276.01
4ery-1-4ery_A-1-4ery_D-1__receptor.pdb	4ery-1-4ery_A-1-4ery_D-1__ligand.sdf	2357	100	806.013	72.473	72.473	806.013	72.473	0	0.0899154	sas_voromqa	806.013	2566.75
4eto-1-4eto_A-1-4eto_P-1__receptor.pdb	4eto-1-4eto_A-1-4eto_P-1__ligand.sdf	706	104	1017.32	-21.09	-21.09	1017.32	-21.09	0	-0.0207309	sas_voromqa	1017.32	2823.1
4eto-1-4eto_B-1-4eto_P-1__receptor.pdb	4eto-1-4eto_B-1-4eto_P-1__ligand.sdf	720	104	1181.84	26.6225	26.6225	1181.84	26.6225	0	0.0225263	sas_voromqa	1181.84	2949.28
4eup-1-4eup_G-1-4eup_F-1__receptor.pdb	4eup-1-4eup_G-1-4eup_F-1__ligand.sdf	1537	60	1157.74	29.9576	29.9576	1157.74	29.9576	0	0.0258759	sas_voromqa	1157.74	2150.13
4eup-1-4eup_H-1-4eup_F-1__receptor.pdb	4eup-1-4eup_H-1-4eup_F-1__ligand.sdf	1938	60	1042.61	25.739	25.739	1042.61	25.739	0	0.0246871	sas_voromqa	1042.61	2039.85
4ezh-1-4ezh_A-1-4ezh_C-1__receptor.pdb	4ezh-1-4ezh_A-1-4ezh_C-1__ligand.sdf	3660	71	557.023	28.1467	28.1467	557.023	28.1467	0	0.0505306	sas_voromqa	557.023	1857.7
4ezp-4-4ezp_A-2-4ezp_D-2__receptor.pdb	4ezp-4-4ezp_A-2-4ezp_D-2__ligand.sdf	1601	113	1823.7	5.55199	5.55199	1823.7	5.55199	0	0.00304435	sas_voromqa	1823.7	3640.15
4ezr-1-4ezr_A-4-4ezr_B-2__receptor.pdb	4ezr-1-4ezr_A-4-4ezr_B-2__ligand.sdf	1660	68	1138.1	-52.1473	-52.1473	1138.1	-52.1473	0	-0.0458196	sas_voromqa	1138.1	2215.07
4f14-1-4f14_A-1-4f14_B-1__receptor.pdb	4f14-1-4f14_A-1-4f14_B-1__ligand.sdf	454	76	960.272	81.3599	81.3599	960.272	81.3599	0	0.0847259	sas_voromqa	960.272	2253.21
4f27-1-4f27_A-1-4f27_Q-1__receptor.pdb	4f27-1-4f27_A-1-4f27_Q-1__ligand.sdf	2536	76	495.181	15.7523	15.7523	495.181	15.7523	0	0.0318112	sas_voromqa	495.181	1777.09
4f32-1-4f32_A-1-4f32_C-1__receptor.pdb	4f32-1-4f32_A-1-4f32_C-1__ligand.sdf	3006	14	190.501	15.8761	15.8761	190.501	15.8761	0	0.0833387	sas_voromqa	190.501	458.013
4f75-1-4f75_A-1-4f75_D-1__receptor.pdb	4f75-1-4f75_A-1-4f75_D-1__ligand.sdf	750	15	272.074	49.2609	49.2609	272.074	49.2609	0	0.181057	sas_voromqa	272.074	573.844
4faj-1-4faj_A-1-4faj_B-1__receptor.pdb	4faj-1-4faj_A-1-4faj_B-1__ligand.sdf	3983	55	97.4651	13.5156	13.5156	97.4651	13.5156	0	0.138671	sas_voromqa	97.4651	1205.01
4fbw-3-4fbw_A-1-4fbw_C-1__receptor.pdb	4fbw-3-4fbw_A-1-4fbw_C-1__ligand.sdf	3056	188	2116.82	-104.995	-104.995	2116.82	-104.995	0	-0.0496003	sas_voromqa	2116.82	5338.65
4fbw-3-4fbw_B-1-4fbw_C-1__receptor.pdb	4fbw-3-4fbw_B-1-4fbw_C-1__ligand.sdf	3107	188	3381.61	30.0026	30.0026	3381.61	30.0026	0	0.00887228	sas_voromqa	3381.61	6382.4
4fbx-1-4fbx_A-1-4fbx_B-1__receptor.pdb	4fbx-1-4fbx_A-1-4fbx_B-1__ligand.sdf	2812	17	23.4462	0.652542	-2.08708	21.3547	-0.838088	0	0.0278315	sas_voromqa	23.4462	380.335
4fgt-1-4fgt_A-2-4fgt_D-1__receptor.pdb	4fgt-1-4fgt_A-2-4fgt_D-1__ligand.sdf	2153	35	313.427	64.1232	64.1232	313.427	64.1232	0	0.204587	sas_voromqa	313.427	911.756
4fgt-1-4fgt_A-2-4fgt_D-2__receptor.pdb	4fgt-1-4fgt_A-2-4fgt_D-2__ligand.sdf	2153	35	541.336	97.7792	97.7792	541.336	97.7792	0	0.180626	sas_voromqa	541.336	1134.51
4fgx-1-4fgx_A-1-4fgx_B-1__receptor.pdb	4fgx-1-4fgx_A-1-4fgx_B-1__ligand.sdf	2912	62	346.18	73.9862	73.9862	346.18	73.9862	0	0.213722	sas_voromqa	346.18	1489.64
4flg-1-4flg_B-1-4flg_C-1__receptor.pdb	4flg-1-4flg_B-1-4flg_C-1__ligand.sdf	755	27	372.145	3.32716	3.32716	372.145	3.32716	0	0.00894049	sas_voromqa	372.145	887.276
4fln-1-4fln_A-1-4fln_E-2__receptor.pdb	4fln-1-4fln_A-1-4fln_E-2__ligand.sdf	3523	109	1690.52	172.968	172.968	1690.52	172.968	0	0.102316	sas_voromqa	1690.52	3548.03
4fln-1-4fln_B-1-4fln_E-1__receptor.pdb	4fln-1-4fln_B-1-4fln_E-1__ligand.sdf	3517	109	794.615	43.5843	43.5843	794.615	43.5843	0	0.0548496	sas_voromqa	794.615	2858.8
4fln-1-4fln_C-1-4fln_F-1__receptor.pdb	4fln-1-4fln_C-1-4fln_F-1__ligand.sdf	3492	29	252.002	18.327	18.327	252.002	18.327	0	0.0727256	sas_voromqa	252.002	775.755
4fmn-1-4fmn_A-1-4fmn_C-1__receptor.pdb	4fmn-1-4fmn_A-1-4fmn_C-1__ligand.sdf	2161	68	780.538	14.5446	14.5446	780.538	14.5446	0	0.0186341	sas_voromqa	780.538	1968.16
4fn5-1-4fn5_A-1-4fn5_B-1__receptor.pdb	4fn5-1-4fn5_A-1-4fn5_B-1__ligand.sdf	5177	60	120.139	23.8336	23.8336	120.139	23.8336	0	0.198384	sas_voromqa	120.139	1172.99
4fq3-1-4fq3_A-1-4fq3_B-1__receptor.pdb	4fq3-1-4fq3_A-1-4fq3_B-1__ligand.sdf	6610	166	998.75	-130.606	-130.606	998.75	-130.606	0	-0.130769	sas_voromqa	998.75	4042.35
4fqx-3-4fqx_A-1-4fqx_E-1__receptor.pdb	4fqx-3-4fqx_A-1-4fqx_E-1__ligand.sdf	1477	51	822.4	48.9535	48.9535	822.4	48.9535	0	0.0595252	sas_voromqa	822.4	1706.2
4fqx-3-4fqx_B-1-4fqx_E-1__receptor.pdb	4fqx-3-4fqx_B-1-4fqx_E-1__ligand.sdf	1521	51	771.494	78.301	78.301	771.494	78.301	0	0.101493	sas_voromqa	771.494	1688.32
4ft4-1-4ft4_B-1-4ft4_Q-1__receptor.pdb	4ft4-1-4ft4_B-1-4ft4_Q-1__ligand.sdf	5514	40	459.851	-17.698	-17.698	459.851	-17.698	0	-0.0384864	sas_voromqa	459.851	1184.22
4ftg-1-4ftg_B-1-4ftg_E-1__receptor.pdb	4ftg-1-4ftg_B-1-4ftg_E-1__ligand.sdf	733	134	1852.58	275.626	275.626	1852.58	275.626	0	0.14878	sas_voromqa	1852.58	4241.57
4fvd-1-4fvd_A-2-4fvd_C-2__receptor.pdb	4fvd-1-4fvd_A-2-4fvd_C-2__ligand.sdf	1068	24	117.097	6.25199	6.25199	117.097	6.25199	0	0.0533915	sas_voromqa	117.097	566.511
4fvl-2-4fvl_B-1-4fvl_D-1__receptor.pdb	4fvl-2-4fvl_B-1-4fvl_D-1__ligand.sdf	2995	186	1630.64	-132.545	-132.545	1630.64	-132.545	0	-0.081284	sas_voromqa	1630.64	4793.83
4fwf-1-4fwf_A-1-4fwf_E-1__receptor.pdb	4fwf-1-4fwf_A-1-4fwf_E-1__ligand.sdf	5654	83	360.147	21.1263	21.1263	360.147	21.1263	0	0.0586602	sas_voromqa	360.147	2008.44
4fyt-1-4fyt_A-1-4fyt_B-1__receptor.pdb	4fyt-1-4fyt_A-1-4fyt_B-1__ligand.sdf	7288	33	121.752	-29.7699	-29.7699	121.752	-29.7699	0	-0.244513	sas_voromqa	121.752	737.42
4g1c-3-4g1c_A-1-4g1c_E-1__receptor.pdb	4g1c-3-4g1c_A-1-4g1c_E-1__ligand.sdf	2041	43	851.323	22.2104	22.2104	851.323	22.2104	0	0.0260893	sas_voromqa	851.323	1561.59
4g43-1-4g43_A-1-4g43_C-1__receptor.pdb	4g43-1-4g43_A-1-4g43_C-1__ligand.sdf	2220	73	289.335	93.9436	93.9436	289.335	93.9436	0	0.324688	sas_voromqa	289.335	1591.35
4g69-1-4g69_A-1-4g69_B-1__receptor.pdb	4g69-1-4g69_A-1-4g69_B-1__ligand.sdf	721	48	582.106	103.132	103.132	582.106	103.132	0	0.17717	sas_voromqa	582.106	1414.44
4g6a-1-4g6a_D-1-4g6a_B-1__receptor.pdb	4g6a-1-4g6a_D-1-4g6a_B-1__ligand.sdf	1668	98	1033.98	47.3796	47.3796	1033.98	47.3796	0	0.0458225	sas_voromqa	1033.98	2673.83
4g9f-1-4g9f_D-1-4g9f_C-1__receptor.pdb	4g9f-1-4g9f_D-1-4g9f_C-1__ligand.sdf	1620	88	1392.86	-18.1602	-18.1602	1392.86	-18.1602	0	-0.0130381	sas_voromqa	1392.86	2942.25
4g9f-1-4g9f_E-1-4g9f_C-1__receptor.pdb	4g9f-1-4g9f_E-1-4g9f_C-1__ligand.sdf	1959	88	1538.18	29.663	29.663	1538.18	29.663	0	0.0192845	sas_voromqa	1538.18	3038.81
4gag-1-4gag_H-1-4gag_P-1__receptor.pdb	4gag-1-4gag_H-1-4gag_P-1__ligand.sdf	1629	96	1003.79	41.9121	41.9121	1003.79	41.9121	0	0.0417539	sas_voromqa	1003.79	2620.15
4gba-1-4gba_A-1-4gba_F-1__receptor.pdb	4gba-1-4gba_A-1-4gba_F-1__ligand.sdf	1605	67	532.648	53.1355	53.1355	532.648	53.1355	0	0.0997573	sas_voromqa	532.648	1789.04
4gbx-2-4gbx_B-1-4gbx_E-1__receptor.pdb	4gbx-2-4gbx_B-1-4gbx_E-1__ligand.sdf	1539	73	868.198	46.5391	46.5391	868.198	46.5391	0	0.0536042	sas_voromqa	868.198	2176.92
4gfu-1-4gfu_A-1-4gfu_F-1__receptor.pdb	4gfu-1-4gfu_A-1-4gfu_F-1__ligand.sdf	2132	60	562.501	11.8811	11.8811	562.501	11.8811	0	0.0211219	sas_voromqa	562.501	1600.61
4ggd-1-4ggd_A-1-4ggd_C-1__receptor.pdb	4ggd-1-4ggd_A-1-4ggd_C-1__ligand.sdf	2414	56	647.956	23.1946	23.1946	647.956	23.1946	0	0.0357966	sas_voromqa	647.956	1602.41
4ggn-3-4ggn_C-1-4ggn_F-1__receptor.pdb	4ggn-3-4ggn_C-1-4ggn_F-1__ligand.sdf	1016	124	615.652	-12.8471	-12.8471	615.652	-12.8471	0	-0.0208675	sas_voromqa	615.652	2911.17
4ghu-1-4ghu_A-1-4ghu_B-1__receptor.pdb	4ghu-1-4ghu_A-1-4ghu_B-1__ligand.sdf	1516	105	1048.33	41.5123	41.5123	1048.33	41.5123	0	0.0395985	sas_voromqa	1048.33	2839.4
4gkv-1-4gkv_B-1-4gkv_P-1__receptor.pdb	4gkv-1-4gkv_B-1-4gkv_P-1__ligand.sdf	2478	68	875.843	86.7671	86.7671	875.843	86.7671	0	0.099067	sas_voromqa	875.843	2065.74
4gkv-1-4gkv_C-1-4gkv_P-1__receptor.pdb	4gkv-1-4gkv_C-1-4gkv_P-1__ligand.sdf	2478	68	829.318	78.7609	78.7609	829.318	78.7609	0	0.0949707	sas_voromqa	829.318	2027.69
4gl8-1-4gl8_A-1-4gl8_C-1__receptor.pdb	4gl8-1-4gl8_A-1-4gl8_C-1__ligand.sdf	3970	22	45.9778	-7.97514	-7.97514	45.9778	-7.97514	0	-0.173456	sas_voromqa	45.9778	502.045
4glr-1-4glr_H-1-4glr_A-1__receptor.pdb	4glr-1-4glr_H-1-4glr_A-1__ligand.sdf	1655	80	1021.49	36.6464	36.6464	1021.49	36.6464	0	0.0358754	sas_voromqa	1021.49	2407.25
4glr-1-4glr_I-1-4glr_A-1__receptor.pdb	4glr-1-4glr_I-1-4glr_A-1__ligand.sdf	1522	80	1399.44	-38.6861	-44.5135	1394.99	-41.8568	0	-0.027644	sas_voromqa	1399.44	2755.32
4gmn-1-4gmn_A-1-4gmn_B-1__receptor.pdb	4gmn-1-4gmn_A-1-4gmn_B-1__ligand.sdf	4285	166	1235.56	122.358	122.358	1235.56	122.358	0	0.0990304	sas_voromqa	1235.56	4258.88
4gne-1-4gne_A-1-4gne_B-1__receptor.pdb	4gne-1-4gne_A-1-4gne_B-1__ligand.sdf	762	48	433.738	3.92832	3.92832	433.738	3.92832	0	0.0090569	sas_voromqa	433.738	1289.1
4gqb-1-4gqb_A-1-4gqb_C-1__receptor.pdb	4gqb-1-4gqb_A-1-4gqb_C-1__ligand.sdf	4998	54	473.438	23.7374	23.7374	473.438	23.7374	0	0.0501383	sas_voromqa	473.438	1407.84
4grv-1-4grv_A-1-4grv_B-1__receptor.pdb	4grv-1-4grv_A-1-4grv_B-1__ligand.sdf	3435	58	200.132	-23.6331	-23.6331	200.132	-23.6331	0	-0.118088	sas_voromqa	200.132	1313.57
4gs0-2-4gs0_B-1-4gs0_C-1__receptor.pdb	4gs0-2-4gs0_B-1-4gs0_C-1__ligand.sdf	2069	33	318.208	26.516	-2.4325	296.108	10.7651	0	0.0833291	sas_voromqa	318.208	856.462
4gus-1-4gus_C-1-4gus_B-1__receptor.pdb	4gus-1-4gus_C-1-4gus_B-1__ligand.sdf	151	105	1411.79	174.603	174.603	1411.79	174.603	0	0.123675	sas_voromqa	1411.79	3112.33
4gvc-1-4gvc_A-1-4gvc_B-1__receptor.pdb	4gvc-1-4gvc_A-1-4gvc_B-1__ligand.sdf	711	94	915.631	48.7226	-70.1626	824.873	-15.9627	0	0.053212	sas_voromqa	915.631	2581.82
4gxb-1-4gxb_A-1-4gxb_B-1__receptor.pdb	4gxb-1-4gxb_A-1-4gxb_B-1__ligand.sdf	2115	111	1096.45	108.192	108.192	1096.45	108.192	0	0.0986748	sas_voromqa	1096.45	2954.28
4gxl-1-4gxl_A-1-4gxl_B-1__receptor.pdb	4gxl-1-4gxl_A-1-4gxl_B-1__ligand.sdf	1152	81	770.574	71.8414	71.8414	770.574	71.8414	0	0.093231	sas_voromqa	770.574	2120.6
4gyo-3-4gyo_B-1-4gyo_C-1__receptor.pdb	4gyo-3-4gyo_B-1-4gyo_C-1__ligand.sdf	3021	40	69.9321	-5.53571	-5.53571	69.9321	-5.53571	0	-0.0791584	sas_voromqa	69.9321	852.711
4gyw-3-4gyw_C-1-4gyw_D-2__receptor.pdb	4gyw-3-4gyw_C-1-4gyw_D-2__ligand.sdf	5332	114	1856.11	134.831	130.715	1852.97	132.592	0	0.0726417	sas_voromqa	1856.11	3670.82
4h0h-1-4h0h_B-1-4h0h_D-1__receptor.pdb	4h0h-1-4h0h_B-1-4h0h_D-1__ligand.sdf	1848	66	461.491	110.771	110.771	461.491	110.771	0	0.240029	sas_voromqa	461.491	1545.49
4h39-1-4h39_A-1-4h39_B-1__receptor.pdb	4h39-1-4h39_A-1-4h39_B-1__ligand.sdf	2700	73	768.564	8.78887	8.78887	768.564	8.78887	0	0.0114354	sas_voromqa	768.564	2049.67
4h3k-2-4h3k_E-1-4h3k_F-1__receptor.pdb	4h3k-2-4h3k_E-1-4h3k_F-1__ligand.sdf	1553	63	454.854	-29.6955	-37.3731	448.993	-33.8729	0	-0.0652858	sas_voromqa	454.854	1521.88
4h4f-1-4h4f_A-1-4h4f_Q-1__receptor.pdb	4h4f-1-4h4f_A-1-4h4f_Q-1__ligand.sdf	1874	72	619.672	43.0002	43.0002	619.672	43.0002	0	0.0693919	sas_voromqa	619.672	1886.11
4h62-1-4h62_Q-1-4h62_K-1__receptor.pdb	4h62-1-4h62_Q-1-4h62_K-1__ligand.sdf	2174	151	1307.37	-135.122	-138.401	1304.87	-136.906	0	-0.103354	sas_voromqa	1307.37	3910.66
4h62-1-4h62_V-1-4h62_K-1__receptor.pdb	4h62-1-4h62_V-1-4h62_K-1__ligand.sdf	179	151	1702.23	-130.079	-182.125	1662.5	-158.398	0	-0.0764168	sas_voromqa	1702.23	4238.95
4han-1-4han_B-1-4han_D-1__receptor.pdb	4han-1-4han_B-1-4han_D-1__ligand.sdf	2320	67	583.516	63.6208	63.6208	583.516	63.6208	0	0.10903	sas_voromqa	583.516	1729.17
4hdq-1-4hdq_A-1-4hdq_C-1__receptor.pdb	4hdq-1-4hdq_A-1-4hdq_C-1__ligand.sdf	2536	41	222.434	7.63758	7.63758	222.434	7.63758	0	0.0343364	sas_voromqa	222.434	960.186
4hh6-1-4hh6_A-1-4hh6_Z-1__receptor.pdb	4hh6-1-4hh6_A-1-4hh6_Z-1__ligand.sdf	1193	104	989.828	38.9293	38.9293	989.828	38.9293	0	0.0393294	sas_voromqa	989.828	2859.37
4hha-1-4hha_A-1-4hha_P-1__receptor.pdb	4hha-1-4hha_A-1-4hha_P-1__ligand.sdf	1634	88	1283.5	60.219	60.219	1283.5	60.219	0	0.0469178	sas_voromqa	1283.5	2775.71
4hha-1-4hha_B-1-4hha_P-1__receptor.pdb	4hha-1-4hha_B-1-4hha_P-1__ligand.sdf	1709	88	881.241	-2.25629	-2.25629	881.241	-2.25629	0	-0.00256036	sas_voromqa	881.241	2392.94
4hom-1-4hom_A-1-4hom_B-1__receptor.pdb	4hom-1-4hom_A-1-4hom_B-1__ligand.sdf	7241	95	543.988	36.9769	36.9769	543.988	36.9769	0	0.0679737	sas_voromqa	543.988	2277.28
4hon-1-4hon_A-1-4hon_F-1__receptor.pdb	4hon-1-4hon_A-1-4hon_F-1__ligand.sdf	2645	66	594.44	10.3156	10.3156	594.44	10.3156	0	0.0173535	sas_voromqa	594.44	1800.25
4hpo-1-4hpo_H-1-4hpo_P-1__receptor.pdb	4hpo-1-4hpo_H-1-4hpo_P-1__ligand.sdf	1671	130	1318.32	52.1907	52.1907	1318.32	52.1907	0	0.0395888	sas_voromqa	1318.32	3570.31
4hpo-1-4hpo_L-1-4hpo_P-1__receptor.pdb	4hpo-1-4hpo_L-1-4hpo_P-1__ligand.sdf	1605	130	1598.96	103.133	103.133	1598.96	103.133	0	0.0645001	sas_voromqa	1598.96	3822.48
4hpy-1-4hpy_H-1-4hpy_P-1__receptor.pdb	4hpy-1-4hpy_H-1-4hpy_P-1__ligand.sdf	1635	98	1159.6	44.9567	44.9567	1159.6	44.9567	0	0.0387691	sas_voromqa	1159.6	2869.26
4hpy-1-4hpy_L-1-4hpy_P-1__receptor.pdb	4hpy-1-4hpy_L-1-4hpy_P-1__ligand.sdf	1602	98	1122.94	177.572	177.572	1122.94	177.572	0	0.158131	sas_voromqa	1122.94	2832.65
4hre-1-4hre_A-1-4hre_G-1__receptor.pdb	4hre-1-4hre_A-1-4hre_G-1__ligand.sdf	2705	85	1173.94	316.791	316.791	1173.94	316.791	0	0.269853	sas_voromqa	1173.94	2621.77
4hrg-1-4hrg_A-1-4hrg_C-1__receptor.pdb	4hrg-1-4hrg_A-1-4hrg_C-1__ligand.sdf	920	70	538.306	67.6909	67.6909	538.306	67.6909	0	0.125748	sas_voromqa	538.306	1847.02
4hs6-1-4hs6_A-1-4hs6_Z-1__receptor.pdb	4hs6-1-4hs6_A-1-4hs6_Z-1__ligand.sdf	1679	98	991.439	48.5581	48.5581	991.439	48.5581	0	0.0489774	sas_voromqa	991.439	2613.02
4hs6-1-4hs6_B-1-4hs6_Z-1__receptor.pdb	4hs6-1-4hs6_B-1-4hs6_Z-1__ligand.sdf	1612	98	1000.71	14.7532	14.7532	1000.71	14.7532	0	0.0147427	sas_voromqa	1000.71	2625.83
4hs8-1-4hs8_H-1-4hs8_A-1__receptor.pdb	4hs8-1-4hs8_H-1-4hs8_A-1__ligand.sdf	1712	98	956.923	9.78836	9.78836	956.923	9.78836	0	0.010229	sas_voromqa	956.923	2631.91
4hs8-1-4hs8_L-1-4hs8_A-1__receptor.pdb	4hs8-1-4hs8_L-1-4hs8_A-1__ligand.sdf	1670	98	1040.07	61.8125	61.8125	1040.07	61.8125	0	0.0594311	sas_voromqa	1040.07	2701.9
4hsu-1-4hsu_A-1-4hsu_B-1__receptor.pdb	4hsu-1-4hsu_A-1-4hsu_B-1__ligand.sdf	5837	105	587.804	45.4309	45.4309	587.804	45.4309	0	0.0772892	sas_voromqa	587.804	2476.43
4hsu-1-4hsu_C-1-4hsu_B-1__receptor.pdb	4hsu-1-4hsu_C-1-4hsu_B-1__ligand.sdf	193	105	1407.62	181.449	181.449	1407.62	181.449	0	0.128905	sas_voromqa	1407.62	3106.41
4htp-1-4htp_A-1-4htp_C-1__receptor.pdb	4htp-1-4htp_A-1-4htp_C-1__ligand.sdf	1757	85	759.61	23.7753	23.7753	759.61	23.7753	0	0.0312994	sas_voromqa	759.61	2200.63
4hva-1-4hva_B-1-4hva_D-1__receptor.pdb	4hva-1-4hva_B-1-4hva_D-1__ligand.sdf	1940	43	258.232	67.858	67.858	258.232	67.858	0	0.262779	sas_voromqa	258.232	1038.47
4hvu-2-4hvu_A-1-4hvu_B-2__receptor.pdb	4hvu-2-4hvu_A-1-4hvu_B-2__ligand.sdf	462	85	1489.19	-72.2778	-72.2778	1489.19	-72.2778	0	-0.048535	sas_voromqa	1489.19	2842.58
4hvw-2-4hvw_A-1-4hvw_B-2__receptor.pdb	4hvw-2-4hvw_A-1-4hvw_B-2__ligand.sdf	492	101	1532.09	-59.591	-60.0455	1531.75	-59.8383	0	-0.0388952	sas_voromqa	1532.09	3220.45
4hw4-1-4hw4_A-1-4hw4_C-1__receptor.pdb	4hw4-1-4hw4_A-1-4hw4_C-1__ligand.sdf	1227	131	979.582	-138.64	-138.64	979.582	-138.64	0	-0.14153	sas_voromqa	979.582	3198.83
4hxj-1-4hxj_A-1-4hxj_C-1__receptor.pdb	4hxj-1-4hxj_A-1-4hxj_C-1__ligand.sdf	458	23	340.652	-87.5886	-87.5886	340.652	-87.5886	0	-0.25712	sas_voromqa	340.652	714.727
4hy7-1-4hy7_A-1-4hy7_B-1__receptor.pdb	4hy7-1-4hy7_A-1-4hy7_B-1__ligand.sdf	1280	85	688.051	52.6111	52.6111	688.051	52.6111	0	0.076464	sas_voromqa	688.051	2261.37
4hy9-1-4hy9_A-1-4hy9_C-1__receptor.pdb	4hy9-1-4hy9_A-1-4hy9_C-1__ligand.sdf	1618	80	741.124	-12.3319	-15.2142	738.924	-13.9001	0	-0.0166395	sas_voromqa	741.124	2165.47
4hzl-1-4hzl_H-1-4hzl_E-1__receptor.pdb	4hzl-1-4hzl_H-1-4hzl_E-1__ligand.sdf	1632	100	819.721	80.0777	80.0777	819.721	80.0777	0	0.097689	sas_voromqa	819.721	2530.27
4hzl-1-4hzl_L-1-4hzl_E-1__receptor.pdb	4hzl-1-4hzl_L-1-4hzl_E-1__ligand.sdf	1679	100	1229.84	88.7105	88.7105	1229.84	88.7105	0	0.0721317	sas_voromqa	1229.84	2927.99
4i2z-1-4i2z_A-1-4i2z_B-1__receptor.pdb	4i2z-1-4i2z_A-1-4i2z_B-1__ligand.sdf	6751	64	588.533	-48.3336	-48.3336	588.533	-48.3336	0	-0.0821256	sas_voromqa	588.533	1764.9
4i33-1-4i33_A-1-4i33_C-1__receptor.pdb	4i33-1-4i33_A-1-4i33_C-1__ligand.sdf	1327	88	342.124	15.2129	15.2129	342.124	15.2129	0	0.044466	sas_voromqa	342.124	1999.69
4i51-1-4i51_B-1-4i51_K-1__receptor.pdb	4i51-1-4i51_B-1-4i51_K-1__ligand.sdf	2041	49	818.718	76.5313	76.5313	818.718	76.5313	0	0.093477	sas_voromqa	818.718	1680.28
4ifl-2-4ifl_X-1-4ifl_P-2__receptor.pdb	4ifl-2-4ifl_X-1-4ifl_P-2__ligand.sdf	2190	132	1708.21	49.5963	49.5963	1708.21	49.5963	0	0.0290341	sas_voromqa	1708.21	3875.19
4ig9-4-4ig9_G-1-4ig9_H-1__receptor.pdb	4ig9-4-4ig9_G-1-4ig9_H-1__ligand.sdf	2141	183	1702.46	163.529	163.529	1702.46	163.529	0	0.0960545	sas_voromqa	1702.46	4888.13
4iga-1-4iga_A-1-4iga_B-1__receptor.pdb	4iga-1-4iga_A-1-4iga_B-1__ligand.sdf	886	127	1198.17	-86.0414	-86.0414	1198.17	-86.0414	0	-0.0718107	sas_voromqa	1198.17	3367.68
4igk-1-4igk_A-1-4igk_C-1__receptor.pdb	4igk-1-4igk_A-1-4igk_C-1__ligand.sdf	1665	52	610.33	61.4594	59.0489	608.49	60.1478	0	0.100699	sas_voromqa	610.33	1499.76
4igq-1-4igq_A-1-4igq_B-1__receptor.pdb	4igq-1-4igq_A-1-4igq_B-1__ligand.sdf	2228	28	125.007	6.78332	6.78332	125.007	6.78332	0	0.0542635	sas_voromqa	125.007	616.771
4ii9-1-4ii9_A-1-4ii9_B-1__receptor.pdb	4ii9-1-4ii9_A-1-4ii9_B-1__ligand.sdf	2696	74	427.475	28.0238	27.3289	426.945	27.6457	0	0.0655566	sas_voromqa	427.475	1732.38
4iim-1-4iim_B-1-4iim_D-1__receptor.pdb	4iim-1-4iim_B-1-4iim_D-1__ligand.sdf	461	103	1025.31	81.8681	-8.8116	956.089	32.5292	0	0.0798472	sas_voromqa	1025.31	2736.85
4iim-1-4iim_B-1-4iim_E-1__receptor.pdb	4iim-1-4iim_B-1-4iim_E-1__ligand.sdf	461	41	634.889	121.621	121.621	634.889	121.621	0	0.191563	sas_voromqa	634.889	1316.12
4iim-2-4iim_A-1-4iim_D-2__receptor.pdb	4iim-2-4iim_A-1-4iim_D-2__ligand.sdf	479	103	1281.46	137.512	46.8324	1212.24	88.1732	0	0.107309	sas_voromqa	1281.46	2986.56
4iim-2-4iim_A-1-4iim_E-2__receptor.pdb	4iim-2-4iim_A-1-4iim_E-2__ligand.sdf	479	41	655.429	102.086	102.086	655.429	102.086	0	0.155754	sas_voromqa	655.429	1334.84
4iim-2-4iim_B-2-4iim_C-1__receptor.pdb	4iim-2-4iim_B-2-4iim_C-1__ligand.sdf	461	105	1431.19	196.278	-27.817	1260.12	74.348	0	0.137143	sas_voromqa	1431.19	3221.29
4iio-1-4iio_B-1-4iio_C-1__receptor.pdb	4iio-1-4iio_B-1-4iio_C-1__ligand.sdf	464	103	993.729	72.2482	-45.908	903.528	7.95933	0	0.0727041	sas_voromqa	993.729	2789.42
4ikn-1-4ikn_A-1-4ikn_B-1__receptor.pdb	4ikn-1-4ikn_A-1-4ikn_B-1__ligand.sdf	1976	49	523.7	-69.0952	-69.0952	523.7	-69.0952	0	-0.131937	sas_voromqa	523.7	1391.8
4imq-1-4imq_A-1-4imq_B-1__receptor.pdb	4imq-1-4imq_A-1-4imq_B-1__ligand.sdf	1286	38	229.946	65.2001	65.2001	229.946	65.2001	0	0.283545	sas_voromqa	229.946	894.391
4imq-1-4imq_A-1-4imq_B-2__receptor.pdb	4imq-1-4imq_A-1-4imq_B-2__ligand.sdf	1286	38	650.136	165.758	165.758	650.136	165.758	0	0.254959	sas_voromqa	650.136	1267.33
4in9-1-4in9_A-1-4in9_B-1__receptor.pdb	4in9-1-4in9_A-1-4in9_B-1__ligand.sdf	1294	39	315.386	29.9997	29.9997	315.386	29.9997	0	0.0951206	sas_voromqa	315.386	979.517
4iqr-1-4iqr_B-1-4iqr_J-1__receptor.pdb	4iqr-1-4iqr_B-1-4iqr_J-1__ligand.sdf	2465	89	862.089	-66.4644	-66.4644	862.089	-66.4644	0	-0.0770969	sas_voromqa	862.089	2465.09
4isr-3-4isr_C-1-4isr_F-1__receptor.pdb	4isr-3-4isr_C-1-4isr_F-1__ligand.sdf	3376	138	1273.06	-90.9606	-90.9606	1273.06	-90.9606	0	-0.0714504	sas_voromqa	1273.06	3714.89
4itz-1-4itz_A-1-4itz_C-1__receptor.pdb	4itz-1-4itz_A-1-4itz_C-1__ligand.sdf	937	48	440.317	55.1717	55.1717	440.317	55.1717	0	0.1253	sas_voromqa	440.317	1281.64
4iur-1-4iur_B-1-4iur_C-1__receptor.pdb	4iur-1-4iur_B-1-4iur_C-1__ligand.sdf	1089	66	709.351	27.2598	27.2598	709.351	27.2598	0	0.0384292	sas_voromqa	709.351	1885.69
4iv3-1-4iv3_B-40-4iv3_D-60__receptor.pdb	4iv3-1-4iv3_B-40-4iv3_D-60__ligand.sdf	1645	42	561.095	69.1126	69.1126	561.095	69.1126	0	0.123175	sas_voromqa	561.095	1298.33
4j09-1-4j09_A-2-4j09_B-2__receptor.pdb	4j09-1-4j09_A-2-4j09_B-2__ligand.sdf	1960	51	517.882	80.7927	80.7927	517.882	80.7927	0	0.156006	sas_voromqa	517.882	1462.46
4j1v-2-4j1v_C-1-4j1v_F-1__receptor.pdb	4j1v-2-4j1v_C-1-4j1v_F-1__ligand.sdf	1376	70	675.032	-53.1031	-53.1031	675.032	-53.1031	0	-0.0786675	sas_voromqa	675.032	1939.99
4j1v-2-4j1v_C-1-4j1v_H-1__receptor.pdb	4j1v-2-4j1v_C-1-4j1v_H-1__ligand.sdf	1376	123	1166.39	-48.9004	-48.9004	1166.39	-48.9004	0	-0.0419246	sas_voromqa	1166.39	3227.62
4j2c-1-4j2c_A-1-4j2c_B-1__receptor.pdb	4j2c-1-4j2c_A-1-4j2c_B-1__ligand.sdf	877	94	720.171	62.5504	62.5504	720.171	62.5504	0	0.0868549	sas_voromqa	720.171	2390.95
4j2j-3-4j2j_C-1-4j2j_F-1__receptor.pdb	4j2j-3-4j2j_C-1-4j2j_F-1__ligand.sdf	866	124	1150.41	73.8333	73.8333	1150.41	73.8333	0	0.06418	sas_voromqa	1150.41	3320.5
4j44-1-4j44_A-1-4j44_B-1__receptor.pdb	4j44-1-4j44_A-1-4j44_B-1__ligand.sdf	677	26	249.537	-28.1181	-28.1181	249.537	-28.1181	0	-0.112681	sas_voromqa	249.537	731.526
4j8b-1-4j8b_A-1-4j8b_B-1__receptor.pdb	4j8b-1-4j8b_A-1-4j8b_B-1__ligand.sdf	2407	50	540.914	20.4687	20.4687	540.914	20.4687	0	0.037841	sas_voromqa	540.914	1439.23
4j8g-1-4j8g_A-1-4j8g_C-2__receptor.pdb	4j8g-1-4j8g_A-1-4j8g_C-2__ligand.sdf	2383	82	936.12	19.354	19.354	936.12	19.354	0	0.0206747	sas_voromqa	936.12	2383.16
4j8r-1-4j8r_A-1-4j8r_I-1__receptor.pdb	4j8r-1-4j8r_A-1-4j8r_I-1__ligand.sdf	1619	65	1048.86	85.1864	85.1864	1048.86	85.1864	0	0.0812181	sas_voromqa	1048.86	2031.23
4j8r-1-4j8r_B-1-4j8r_I-1__receptor.pdb	4j8r-1-4j8r_B-1-4j8r_I-1__ligand.sdf	1630	65	790.565	49.1369	49.1369	790.565	49.1369	0	0.0621542	sas_voromqa	790.565	1803.77
4j8s-1-4j8s_A-1-4j8s_B-1__receptor.pdb	4j8s-1-4j8s_A-1-4j8s_B-1__ligand.sdf	1517	102	819.896	-18.8821	-18.8821	819.896	-18.8821	0	-0.0230299	sas_voromqa	819.896	2673.09
4j9c-1-4j9c_A-1-4j9c_B-1__receptor.pdb	4j9c-1-4j9c_A-1-4j9c_B-1__ligand.sdf	452	77	843.826	44.9575	44.9575	843.826	44.9575	0	0.0532782	sas_voromqa	843.826	2110.46
4jbn-1-4jbn_A-1-4jbn_C-1__receptor.pdb	4jbn-1-4jbn_A-1-4jbn_C-1__ligand.sdf	2557	20	116.758	-0.435982	-0.435982	116.758	-0.435982	0	-0.00373407	sas_voromqa	116.758	536.823
4je8-1-4je8_A-1-4je8_D-1__receptor.pdb	4je8-1-4je8_A-1-4je8_D-1__ligand.sdf	1501	19	83.9399	0.397755	0.397755	83.9399	0.397755	0	0.00473857	sas_voromqa	83.9399	467.428
4jg1-1-4jg1_H-1-4jg1_P-1__receptor.pdb	4jg1-1-4jg1_H-1-4jg1_P-1__ligand.sdf	1679	76	912.627	-0.907206	-0.907206	912.627	-0.907206	0	-0.00099406	sas_voromqa	912.627	2139.15
4jg1-1-4jg1_L-1-4jg1_P-1__receptor.pdb	4jg1-1-4jg1_L-1-4jg1_P-1__ligand.sdf	1636	76	1172	-52.2592	-55.7779	1169.31	-54.1738	0	-0.0445898	sas_voromqa	1172	2380.48
4jif-2-4jif_A-1-4jif_B-1__receptor.pdb	4jif-2-4jif_A-1-4jif_B-1__ligand.sdf	1021	154	1320.69	156.267	156.267	1320.69	156.267	0	0.118322	sas_voromqa	1320.69	4008.56
4jij-1-4jij_A-1-4jij_P-1__receptor.pdb	4jij-1-4jij_A-1-4jij_P-1__ligand.sdf	1300	82	630.571	24.7279	15.4734	623.506	19.6925	0	0.0392151	sas_voromqa	630.571	2029.09
4jiz-1-4jiz_A-1-4jiz_B-1__receptor.pdb	4jiz-1-4jiz_A-1-4jiz_B-1__ligand.sdf	1425	74	831.36	87.7426	85.7328	829.826	86.6491	0	0.105541	sas_voromqa	831.36	2135.29
4jj7-1-4jj7_A-1-4jj7_B-1__receptor.pdb	4jj7-1-4jj7_A-1-4jj7_B-1__ligand.sdf	1908	49	406.065	24.4863	24.4863	406.065	24.4863	0	0.0603014	sas_voromqa	406.065	1270.26
4jjm-1-4jjm_A-1-4jjm_F-1__receptor.pdb	4jjm-1-4jjm_A-1-4jjm_F-1__ligand.sdf	1253	85	725.366	56.7002	56.7002	725.366	56.7002	0	0.0781677	sas_voromqa	725.366	2302.43
4jmg-1-4jmg_A-1-4jmg_B-1__receptor.pdb	4jmg-1-4jmg_A-1-4jmg_B-1__ligand.sdf	1536	67	370.92	-7.02862	-7.02862	370.92	-7.02862	0	-0.0189492	sas_voromqa	370.92	1600.98
4jmh-1-4jmh_A-1-4jmh_B-1__receptor.pdb	4jmh-1-4jmh_A-1-4jmh_B-1__ligand.sdf	1553	85	542.639	67.6138	66.0757	541.465	66.7769	0	0.124602	sas_voromqa	542.639	1963.8
4jmr-2-4jmr_D-1-4jmr_E-1__receptor.pdb	4jmr-2-4jmr_D-1-4jmr_E-1__ligand.sdf	1333	110	955.918	98.1286	98.1286	955.918	98.1286	0	0.102654	sas_voromqa	955.918	2874.94
4jmy-1-4jmy_A-1-4jmy_E-1__receptor.pdb	4jmy-1-4jmy_A-1-4jmy_E-1__ligand.sdf	1329	45	412.911	-54.0746	-54.0746	412.911	-54.0746	0	-0.130959	sas_voromqa	412.911	1204.26
4jna-1-4jna_A-1-4jna_I-1__receptor.pdb	4jna-1-4jna_A-1-4jna_I-1__ligand.sdf	2238	38	248.646	27.8015	27.8015	248.646	27.8015	0	0.111812	sas_voromqa	248.646	1082.52
4jo1-1-4jo1_H-1-4jo1_P-1__receptor.pdb	4jo1-1-4jo1_H-1-4jo1_P-1__ligand.sdf	1551	74	951.573	66.1402	66.1402	951.573	66.1402	0	0.0695062	sas_voromqa	951.573	2215.96
4jo1-1-4jo1_L-1-4jo1_P-1__receptor.pdb	4jo1-1-4jo1_L-1-4jo1_P-1__ligand.sdf	1596	74	888.322	-3.60218	-3.60218	888.322	-3.60218	0	-0.00405504	sas_voromqa	888.322	2158.8
4jo3-1-4jo3_H-1-4jo3_P-1__receptor.pdb	4jo3-1-4jo3_H-1-4jo3_P-1__ligand.sdf	1677	70	694.049	-54.0511	-54.0511	694.049	-54.0511	0	-0.0778779	sas_voromqa	694.049	1896.07
4jo3-1-4jo3_L-1-4jo3_P-1__receptor.pdb	4jo3-1-4jo3_L-1-4jo3_P-1__ligand.sdf	1583	70	1053.13	1.82405	1.82405	1053.13	1.82405	0	0.00173203	sas_voromqa	1053.13	2198.87
4jok-1-4jok_A-1-4jok_C-1__receptor.pdb	4jok-1-4jok_A-1-4jok_C-1__ligand.sdf	658	74	843.383	-11.523	-11.523	843.383	-11.523	0	-0.0136628	sas_voromqa	843.383	2064.82
4jol-1-4jol_A-1-4jol_G-1__receptor.pdb	4jol-1-4jol_A-1-4jol_G-1__ligand.sdf	528	76	907.424	136.62	136.62	907.424	136.62	0	0.150558	sas_voromqa	907.424	2205.81
4jol-1-4jol_C-1-4jol_G-1__receptor.pdb	4jol-1-4jol_C-1-4jol_G-1__ligand.sdf	528	76	1024.78	138.769	138.769	1024.78	138.769	0	0.135413	sas_voromqa	1024.78	2288.14
4jr2-1-4jr2_A-1-4jr2_C-1__receptor.pdb	4jr2-1-4jr2_A-1-4jr2_C-1__ligand.sdf	1791	36	207.484	-15.3522	-15.3522	207.484	-15.3522	0	-0.0739922	sas_voromqa	207.484	824.623
4jrx-1-4jrx_D-1-4jrx_C-1__receptor.pdb	4jrx-1-4jrx_D-1-4jrx_C-1__ligand.sdf	1638	102	1567.47	84.7676	-0.2674	1502.56	38.5	0	0.0540792	sas_voromqa	1567.47	3308.65
4jrx-1-4jrx_E-1-4jrx_C-1__receptor.pdb	4jrx-1-4jrx_E-1-4jrx_C-1__ligand.sdf	1889	102	1531.96	83.4527	-1.5823	1467.04	37.1852	0	0.0544745	sas_voromqa	1531.96	3283.71
4jry-1-4jry_E-1-4jry_C-1__receptor.pdb	4jry-1-4jry_E-1-4jry_C-1__ligand.sdf	1934	101	1617.19	43.6718	43.6718	1617.19	43.6718	0	0.0270047	sas_voromqa	1617.19	3266.58
4jsq-1-4jsq_L-1-4jsq_c-1__receptor.pdb	4jsq-1-4jsq_L-1-4jsq_c-1__ligand.sdf	1757	56	712.631	241.858	241.858	712.631	241.858	0	0.339387	sas_voromqa	712.631	1696.93
4jsu-1-4jsu_I-1-4jsu_e-1__receptor.pdb	4jsu-1-4jsu_I-1-4jsu_e-1__ligand.sdf	1581	56	813.93	291.844	291.844	813.93	291.844	0	0.358562	sas_voromqa	813.93	1781.16
4jwe-1-4jwe_A-1-4jwe_C-1__receptor.pdb	4jwe-1-4jwe_A-1-4jwe_C-1__ligand.sdf	1618	80	1443.46	-109.1	-109.1	1443.46	-109.1	0	-0.0755823	sas_voromqa	1443.46	2725.45
4jxt-1-4jxt_A-1-4jxt_B-1__receptor.pdb	4jxt-1-4jxt_A-1-4jxt_B-1__ligand.sdf	1042	84	820.869	-47.7906	-64.594	808.041	-56.9334	0	-0.0582195	sas_voromqa	820.869	2200.16
4jzn-3-4jzn_I-1-4jzn_K-1__receptor.pdb	4jzn-3-4jzn_I-1-4jzn_K-1__ligand.sdf	1603	106	1202.22	65.5488	61.1844	1198.88	63.1741	0	0.0545231	sas_voromqa	1202.22	3011.26
4jzn-3-4jzn_P-1-4jzn_K-1__receptor.pdb	4jzn-3-4jzn_P-1-4jzn_K-1__ligand.sdf	1613	106	1272.86	186.034	183.255	1270.74	184.522	0	0.146154	sas_voromqa	1272.86	3088.81
4jzo-3-4jzo_E-1-4jzo_I-1__receptor.pdb	4jzo-3-4jzo_E-1-4jzo_I-1__ligand.sdf	1607	94	1101.03	207.85	207.85	1101.03	207.85	0	0.188778	sas_voromqa	1101.03	2713.86
4k0u-1-4k0u_A-2-4k0u_B-2__receptor.pdb	4k0u-1-4k0u_A-2-4k0u_B-2__ligand.sdf	731	130	1024.6	-99.6912	-99.6912	1024.6	-99.6912	0	-0.0972977	sas_voromqa	1024.6	3188.4
4k39-1-4k39_A-1-4k39_C-1__receptor.pdb	4k39-1-4k39_A-1-4k39_C-1__ligand.sdf	2934	67	389.936	27.9849	27.9849	389.936	27.9849	0	0.0717679	sas_voromqa	389.936	1681.82
4k8y-1-4k8y_A-1-4k8y_B-1__receptor.pdb	4k8y-1-4k8y_A-1-4k8y_B-1__ligand.sdf	1651	95	635.353	67.1526	67.1526	635.353	67.1526	0	0.105693	sas_voromqa	635.353	2350.3
4ka7-1-4ka7_A-1-4ka7_C-1__receptor.pdb	4ka7-1-4ka7_A-1-4ka7_C-1__ligand.sdf	5536	20	122.492	4.65884	4.65884	122.492	4.65884	0	0.0380338	sas_voromqa	122.492	534.648
4kmd-1-4kmd_A-1-4kmd_B-1__receptor.pdb	4kmd-1-4kmd_A-1-4kmd_B-1__ligand.sdf	2918	69	376.109	53.8652	53.8652	376.109	53.8652	0	0.143217	sas_voromqa	376.109	1597.38
4knl-3-4knl_C-1-4knl_F-1__receptor.pdb	4knl-3-4knl_C-1-4knl_F-1__ligand.sdf	1643	51	422.046	2.02259	2.02259	422.046	2.02259	0	0.00479234	sas_voromqa	422.046	1336.66
4kty-1-4kty_A-1-4kty_C-1__receptor.pdb	4kty-1-4kty_A-1-4kty_C-1__ligand.sdf	5391	74	573.631	-12.2718	-12.2718	573.631	-12.2718	0	-0.0213932	sas_voromqa	573.631	1850.87
4kvm-3-4kvm_G-1-4kvm_K-1__receptor.pdb	4kvm-3-4kvm_G-1-4kvm_K-1__ligand.sdf	1239	77	501.913	-33.038	-36.2562	499.456	-34.789	0	-0.0658242	sas_voromqa	501.913	1829.82
4kx8-1-4kx8_A-1-4kx8_C-1__receptor.pdb	4kx8-1-4kx8_A-1-4kx8_C-1__ligand.sdf	7144	33	128.162	-41.1616	-41.1616	128.162	-41.1616	0	-0.321169	sas_voromqa	128.162	745.106
4l1u-3-4l1u_E-1-4l1u_I-1__receptor.pdb	4l1u-3-4l1u_E-1-4l1u_I-1__ligand.sdf	1088	49	492.271	-4.69741	-4.69741	492.271	-4.69741	0	-0.00954233	sas_voromqa	492.271	1337.92
4l58-1-4l58_A-1-4l58_B-1__receptor.pdb	4l58-1-4l58_A-1-4l58_B-1__ligand.sdf	535	56	679.435	-18.0262	-18.0262	679.435	-18.0262	0	-0.0265312	sas_voromqa	679.435	1668.4
4l7x-1-4l7x_A-1-4l7x_U-1__receptor.pdb	4l7x-1-4l7x_A-1-4l7x_U-1__ligand.sdf	462	56	451.73	27.3786	27.3786	451.73	27.3786	0	0.0606083	sas_voromqa	451.73	1474.84
4leb-1-4leb_A-1-4leb_B-1__receptor.pdb	4leb-1-4leb_A-1-4leb_B-1__ligand.sdf	2257	48	426.426	14.404	14.404	426.426	14.404	0	0.0337784	sas_voromqa	426.426	1294.91
4lfd-3-4lfd_C-1-4lfd_G-1__receptor.pdb	4lfd-3-4lfd_C-1-4lfd_G-1__ligand.sdf	1812	34	284.051	-48.6674	-48.6674	284.051	-48.6674	0	-0.171333	sas_voromqa	284.051	911.03
4lke-1-4lke_D-1-4lke_H-1__receptor.pdb	4lke-1-4lke_D-1-4lke_H-1__ligand.sdf	901	42	633.121	130.528	130.528	633.121	130.528	0	0.206166	sas_voromqa	633.121	1325.67
4lkx-1-4lkx_A-1-4lkx_R-1__receptor.pdb	4lkx-1-4lkx_A-1-4lkx_R-1__ligand.sdf	1591	98	1229.27	-73.4511	-73.4511	1229.27	-73.4511	0	-0.0597518	sas_voromqa	1229.27	2846.56
4lkx-1-4lkx_B-1-4lkx_R-1__receptor.pdb	4lkx-1-4lkx_B-1-4lkx_R-1__ligand.sdf	1679	98	1442.46	-55.0801	-55.0801	1442.46	-55.0801	0	-0.0381848	sas_voromqa	1442.46	3054.99
4ln2-1-4ln2_A-1-4ln2_B-1__receptor.pdb	4ln2-1-4ln2_A-1-4ln2_B-1__ligand.sdf	540	75	942.863	-40.0805	-40.0805	942.863	-40.0805	0	-0.0425094	sas_voromqa	942.863	2204.25
4lnp-1-4lnp_A-1-4lnp_B-1__receptor.pdb	4lnp-1-4lnp_A-1-4lnp_B-1__ligand.sdf	513	74	862.318	17.5143	17.5143	862.318	17.5143	0	0.0203107	sas_voromqa	862.318	2105.52
4lop-4-4lop_D-1-4lop_N-1__receptor.pdb	4lop-4-4lop_D-1-4lop_N-1__ligand.sdf	2820	139	1452.95	126.385	126.385	1452.95	126.385	0	0.0869851	sas_voromqa	1452.95	3932.22
4lte-1-4lte_A-1-4lte_M-1__receptor.pdb	4lte-1-4lte_A-1-4lte_M-1__ligand.sdf	7771	45	306.505	17.9227	17.9227	306.505	17.9227	0	0.0584744	sas_voromqa	306.505	1092.88
4lx2-1-4lx2_A-1-4lx2_B-1__receptor.pdb	4lx2-1-4lx2_A-1-4lx2_B-1__ligand.sdf	2877	89	901.535	46.6657	46.6657	901.535	46.6657	0	0.0517625	sas_voromqa	901.535	2490.98
4lxl-1-4lxl_A-1-4lxl_D-1__receptor.pdb	4lxl-1-4lxl_A-1-4lxl_D-1__ligand.sdf	2691	58	439.868	-7.27028	-7.27028	439.868	-7.27028	0	-0.0165283	sas_voromqa	439.868	1521.56
4lzf-1-4lzf_A-1-4lzf_B-1__receptor.pdb	4lzf-1-4lzf_A-1-4lzf_B-1__ligand.sdf	1243	99	1196.89	41.2815	41.2815	1196.89	41.2815	0	0.0344906	sas_voromqa	1196.89	2835.5
4m1d-1-4m1d_H-1-4m1d_P-1__receptor.pdb	4m1d-1-4m1d_H-1-4m1d_P-1__ligand.sdf	1735	111	995.077	57.0011	57.0011	995.077	57.0011	0	0.0572831	sas_voromqa	995.077	2926.35
4m1d-1-4m1d_L-1-4m1d_P-1__receptor.pdb	4m1d-1-4m1d_L-1-4m1d_P-1__ligand.sdf	1603	111	1336.41	34.0283	34.0283	1336.41	34.0283	0	0.0254625	sas_voromqa	1336.41	3219.64
4m1z-2-4m1z_B-1-4m1z_D-1__receptor.pdb	4m1z-2-4m1z_B-1-4m1z_D-1__ligand.sdf	2271	105	1337.71	29.2072	29.2072	1337.71	29.2072	0	0.0218337	sas_voromqa	1337.71	3115.06
4m38-1-4m38_B-1-4m38_F-1__receptor.pdb	4m38-1-4m38_B-1-4m38_F-1__ligand.sdf	2600	15	70.6856	-11.2337	-11.2337	70.6856	-11.2337	0	-0.158925	sas_voromqa	70.6856	343.208
4m5s-1-4m5s_A-1-4m5s_B-1__receptor.pdb	4m5s-1-4m5s_A-1-4m5s_B-1__ligand.sdf	696	79	815.044	-35.3276	-35.3276	815.044	-35.3276	0	-0.0433444	sas_voromqa	815.044	2191
4m6g-1-4m6g_A-1-4m6g_B-1__receptor.pdb	4m6g-1-4m6g_A-1-4m6g_B-1__ligand.sdf	1565	15	81.8799	2.19905	2.19905	81.8799	2.19905	0	0.026857	sas_voromqa	81.8799	365.671
4m7c-1-4m7c_A-1-4m7c_C-1__receptor.pdb	4m7c-1-4m7c_A-1-4m7c_C-1__ligand.sdf	1589	107	741.848	-54.6374	-54.6374	741.848	-54.6374	0	-0.0736504	sas_voromqa	741.848	2589.1
4m91-1-4m91_A-1-4m91_B-1__receptor.pdb	4m91-1-4m91_A-1-4m91_B-1__ligand.sdf	1264	45	502.923	10.897	10.897	502.923	10.897	0	0.0216673	sas_voromqa	502.923	1264.71
4mbe-1-4mbe_B-1-4mbe_G-1__receptor.pdb	4mbe-1-4mbe_B-1-4mbe_G-1__ligand.sdf	445	71	887.435	110.657	110.657	887.435	110.657	0	0.124693	sas_voromqa	887.435	2088.73
4mbe-1-4mbe_C-1-4mbe_G-1__receptor.pdb	4mbe-1-4mbe_C-1-4mbe_G-1__ligand.sdf	757	71	907.803	95.1502	95.1502	907.803	95.1502	0	0.104814	sas_voromqa	907.803	2142.31
4mbe-1-4mbe_C-1-4mbe_X-1__receptor.pdb	4mbe-1-4mbe_C-1-4mbe_X-1__ligand.sdf	757	47	553.035	-44.9036	-44.9036	553.035	-44.9036	0	-0.0811949	sas_voromqa	553.035	1387.43
4mbe-2-4mbe_D-1-4mbe_H-1__receptor.pdb	4mbe-2-4mbe_D-1-4mbe_H-1__ligand.sdf	1227	78	1263.57	205.478	205.478	1263.57	205.478	0	0.162617	sas_voromqa	1263.57	2569.83
4mbe-2-4mbe_F-1-4mbe_Y-1__receptor.pdb	4mbe-2-4mbe_F-1-4mbe_Y-1__ligand.sdf	713	30	420.809	-14.7973	-14.7973	420.809	-14.7973	0	-0.0351639	sas_voromqa	420.809	924.982
4mfl-1-4mfl_A-1-4mfl_B-1__receptor.pdb	4mfl-1-4mfl_A-1-4mfl_B-1__ligand.sdf	2602	121	792.174	132.271	106.192	772.265	118.082	0	0.166972	sas_voromqa	792.174	2781.6
4mjh-3-4mjh_C-1-4mjh_D-1__receptor.pdb	4mjh-3-4mjh_C-1-4mjh_D-1__ligand.sdf	624	49	561.845	32.9359	32.9359	561.845	32.9359	0	0.058621	sas_voromqa	561.845	1445.17
4mji-1-4mji_D-1-4mji_C-1__receptor.pdb	4mji-1-4mji_D-1-4mji_C-1__ligand.sdf	1492	60	956.208	40.389	40.389	956.208	40.389	0	0.0422387	sas_voromqa	956.208	1935.2
4mjt-1-4mjt_B-1-4mjt_K-1__receptor.pdb	4mjt-1-4mjt_B-1-4mjt_K-1__ligand.sdf	1871	72	784.501	7.85069	7.85069	784.501	7.85069	0	0.0100072	sas_voromqa	784.501	2042.45
4mkq-1-4mkq_B-1-4mkq_D-1__receptor.pdb	4mkq-1-4mkq_B-1-4mkq_D-1__ligand.sdf	1354	72	784.461	3.68558	3.68558	784.461	3.68558	0	0.00469823	sas_voromqa	784.461	2026.15
4mli-1-4mli_A-1-4mli_B-1__receptor.pdb	4mli-1-4mli_A-1-4mli_B-1__ligand.sdf	634	92	850.329	86.2281	86.2281	850.329	86.2281	0	0.101406	sas_voromqa	850.329	2495.53
4mls-1-4mls_A-1-4mls_B-1__receptor.pdb	4mls-1-4mls_A-1-4mls_B-1__ligand.sdf	626	92	857.798	93.5245	93.5245	857.798	93.5245	0	0.109029	sas_voromqa	857.798	2501.68
4mnq-1-4mnq_D-1-4mnq_C-1__receptor.pdb	4mnq-1-4mnq_D-1-4mnq_C-1__ligand.sdf	1565	82	1214.15	159.255	159.255	1214.15	159.255	0	0.131166	sas_voromqa	1214.15	2591.21
4mnq-1-4mnq_E-1-4mnq_C-1__receptor.pdb	4mnq-1-4mnq_E-1-4mnq_C-1__ligand.sdf	1911	82	1265.56	117.49	117.49	1265.56	117.49	0	0.0928364	sas_voromqa	1265.56	2620.14
4mny-1-4mny_A-1-4mny_C-1__receptor.pdb	4mny-1-4mny_A-1-4mny_C-1__ligand.sdf	1934	113	971.327	85.6108	85.6108	971.327	85.6108	0	0.088138	sas_voromqa	971.327	2895.94
4ms8-1-4ms8_D-1-4ms8_B-1__receptor.pdb	4ms8-1-4ms8_D-1-4ms8_B-1__ligand.sdf	1895	66	1060.9	146.983	146.983	1060.9	146.983	0	0.138546	sas_voromqa	1060.9	2146.85
4mvk-1-4mvk_A-1-4mvk_B-1__receptor.pdb	4mvk-1-4mvk_A-1-4mvk_B-1__ligand.sdf	1386	55	227.396	28.2045	28.2045	227.396	28.2045	0	0.124033	sas_voromqa	227.396	1196.69
4mvl-1-4mvl_A-1-4mvl_E-1__receptor.pdb	4mvl-1-4mvl_A-1-4mvl_E-1__ligand.sdf	1394	84	470.185	26.1801	26.1801	470.185	26.1801	0	0.0556804	sas_voromqa	470.185	2040.09
4mz6-1-4mz6_E-1-4mz6_A-1__receptor.pdb	4mz6-1-4mz6_E-1-4mz6_A-1__ligand.sdf	3244	54	558.011	24.5	24.5	558.011	24.5	0	0.0439059	sas_voromqa	558.011	1524.51
4mzg-1-4mzg_B-1-4mzg_A-1__receptor.pdb	4mzg-1-4mzg_B-1-4mzg_A-1__ligand.sdf	1589	76	865.732	-20.903	-20.903	865.732	-20.903	0	-0.0241449	sas_voromqa	865.732	2261.59
4mzj-1-4mzj_A-1-4mzj_T-1__receptor.pdb	4mzj-1-4mzj_A-1-4mzj_T-1__ligand.sdf	1111	151	788.965	31.9655	31.9655	788.965	31.9655	0	0.0405157	sas_voromqa	788.965	3532.34
4n0y-1-4n0y_H-1-4n0y_A-1__receptor.pdb	4n0y-1-4n0y_H-1-4n0y_A-1__ligand.sdf	1667	92	785.057	60.5735	60.5735	785.057	60.5735	0	0.0771581	sas_voromqa	785.057	2425.3
4n0y-1-4n0y_L-1-4n0y_A-1__receptor.pdb	4n0y-1-4n0y_L-1-4n0y_A-1__ligand.sdf	1559	92	1099.6	140.107	140.107	1099.6	140.107	0	0.127416	sas_voromqa	1099.6	2677.37
4n39-1-4n39_A-1-4n39_B-1__receptor.pdb	4n39-1-4n39_A-1-4n39_B-1__ligand.sdf	5508	68	473.572	7.68528	7.68528	473.572	7.68528	0	0.0162283	sas_voromqa	473.572	1723.82
4n4f-1-4n4f_A-1-4n4f_C-1__receptor.pdb	4n4f-1-4n4f_A-1-4n4f_C-1__ligand.sdf	1573	41	432.461	23.8025	23.8025	432.461	23.8025	0	0.0550396	sas_voromqa	432.461	1194.27
4n4i-1-4n4i_A-1-4n4i_B-1__receptor.pdb	4n4i-1-4n4i_A-1-4n4i_B-1__ligand.sdf	1611	78	739.051	41.9451	41.9451	739.051	41.9451	0	0.0567554	sas_voromqa	739.051	2118.9
4n78-1-4n78_A-1-4n78_P-1__receptor.pdb	4n78-1-4n78_A-1-4n78_P-1__ligand.sdf	9694	62	715.937	27.3638	27.3638	715.937	27.3638	0	0.038221	sas_voromqa	715.937	1807.41
4n78-1-4n78_F-1-4n78_P-1__receptor.pdb	4n78-1-4n78_F-1-4n78_P-1__ligand.sdf	1253	62	812.178	47.2487	47.2487	812.178	47.2487	0	0.0581753	sas_voromqa	812.178	1908.17
4n7h-1-4n7h_A-1-4n7h_B-1__receptor.pdb	4n7h-1-4n7h_A-1-4n7h_B-1__ligand.sdf	279	67	725.36	-15.0413	-15.0413	725.36	-15.0413	0	-0.0207363	sas_voromqa	725.36	1830.63
4n8c-2-4n8c_I-1-4n8c_Y-1__receptor.pdb	4n8c-2-4n8c_I-1-4n8c_Y-1__ligand.sdf	1676	116	1072.62	-19.4132	-19.4132	1072.62	-19.4132	0	-0.0180989	sas_voromqa	1072.62	3040.03
4n8c-2-4n8c_M-1-4n8c_Y-1__receptor.pdb	4n8c-2-4n8c_M-1-4n8c_Y-1__ligand.sdf	1714	116	1210.5	-36.7596	-36.7596	1210.5	-36.7596	0	-0.0303673	sas_voromqa	1210.5	3138.57
4naw-3-4naw_I-1-4naw_L-1__receptor.pdb	4naw-3-4naw_I-1-4naw_L-1__ligand.sdf	704	92	903.135	-53.9759	-53.9759	903.135	-53.9759	0	-0.059765	sas_voromqa	903.135	2495.26
4nb3-1-4nb3_A-1-4nb3_C-1__receptor.pdb	4nb3-1-4nb3_A-1-4nb3_C-1__ligand.sdf	941	150	1378.51	16.2877	12.3544	1375.51	14.1476	0	0.0118154	sas_voromqa	1378.51	3885.29
4nec-3-4nec_C-1-4nec_G-1__receptor.pdb	4nec-3-4nec_C-1-4nec_G-1__ligand.sdf	1754	77	336.72	134.347	134.347	336.72	134.347	0	0.398987	sas_voromqa	336.72	1691.25
4nf9-1-4nf9_A-1-4nf9_C-1__receptor.pdb	4nf9-1-4nf9_A-1-4nf9_C-1__ligand.sdf	1769	88	781.824	22.9978	22.9978	781.824	22.9978	0	0.0294156	sas_voromqa	781.824	2293.92
4nft-3-4nft_C-1-4nft_F-1__receptor.pdb	4nft-3-4nft_C-1-4nft_F-1__ligand.sdf	1371	89	978.695	-68.3128	-68.3128	978.695	-68.3128	0	-0.0697999	sas_voromqa	978.695	2544.41
4nge-1-4nge_A-1-4nge_B-1__receptor.pdb	4nge-1-4nge_A-1-4nge_B-1__ligand.sdf	7674	77	428.568	16.9818	16.9818	428.568	16.9818	0	0.0396245	sas_voromqa	428.568	1797.93
4nge-1-4nge_A-1-4nge_C-1__receptor.pdb	4nge-1-4nge_A-1-4nge_C-1__ligand.sdf	7674	20	108.009	8.50309	8.50309	108.009	8.50309	0	0.0787258	sas_voromqa	108.009	533.344
4nge-2-4nge_D-1-4nge_F-1__receptor.pdb	4nge-2-4nge_D-1-4nge_F-1__ligand.sdf	7685	5	30.1411	0.144138	0.144138	30.1411	0.144138	0	0.00478211	sas_voromqa	30.1411	140.92
4nm3-1-4nm3_A-1-4nm3_B-1__receptor.pdb	4nm3-1-4nm3_A-1-4nm3_B-1__ligand.sdf	2791	153	1396.75	-84.1783	-84.1783	1396.75	-84.1783	0	-0.0602673	sas_voromqa	1396.75	4023.39
4nm5-2-4nm5_A-1-4nm5_B-2__receptor.pdb	4nm5-2-4nm5_A-1-4nm5_B-2__ligand.sdf	2818	155	1741.68	-5.51581	-5.51581	1741.68	-5.51581	0	-0.00316695	sas_voromqa	1741.68	4444.79
4nm5-2-4nm5_A-1-4nm5_C-1__receptor.pdb	4nm5-2-4nm5_A-1-4nm5_C-1__ligand.sdf	2818	44	343.194	30.2085	29.9844	343.023	30.0865	0	0.0880216	sas_voromqa	343.194	1099.67
4nrx-1-4nrx_H-1-4nrx_P-1__receptor.pdb	4nrx-1-4nrx_H-1-4nrx_P-1__ligand.sdf	1752	112	964.763	-23.1737	-23.1737	964.763	-23.1737	0	-0.0240201	sas_voromqa	964.763	2911.57
4nrx-1-4nrx_L-1-4nrx_P-1__receptor.pdb	4nrx-1-4nrx_L-1-4nrx_P-1__ligand.sdf	1626	112	1545.71	35.5089	35.5089	1545.71	35.5089	0	0.0229725	sas_voromqa	1545.71	3445.52
4nuf-1-4nuf_A-1-4nuf_P-1__receptor.pdb	4nuf-1-4nuf_A-1-4nuf_P-1__ligand.sdf	4295	126	1043.41	-30.1198	-30.1198	1043.41	-30.1198	0	-0.0288667	sas_voromqa	1043.41	3278.4
4nuu-1-4nuu_A-1-4nuu_C-1__receptor.pdb	4nuu-1-4nuu_A-1-4nuu_C-1__ligand.sdf	2346	106	844.59	-17.6181	-17.6181	844.59	-17.6181	0	-0.0208599	sas_voromqa	844.59	2614.25
4nuv-1-4nuv_A-1-4nuv_D-1__receptor.pdb	4nuv-1-4nuv_A-1-4nuv_D-1__ligand.sdf	2417	106	1374.04	99.9873	99.9873	1374.04	99.9873	0	0.0727688	sas_voromqa	1374.04	3081.65
4ny3-1-4ny3_A-1-4ny3_C-1__receptor.pdb	4ny3-1-4ny3_A-1-4ny3_C-1__ligand.sdf	2423	47	442.066	-7.9629	-7.9629	442.066	-7.9629	0	-0.0180129	sas_voromqa	442.066	1265.74
4nz8-1-4nz8_A-1-4nz8_B-1__receptor.pdb	4nz8-1-4nz8_A-1-4nz8_B-1__ligand.sdf	7232	5	24.5265	1.48981	1.48981	24.5265	1.48981	0	0.0607429	sas_voromqa	24.5265	147.744
4nz8-1-4nz8_A-1-4nz8_C-1__receptor.pdb	4nz8-1-4nz8_A-1-4nz8_C-1__ligand.sdf	7232	31	232.085	-23.4853	-23.4853	232.085	-23.4853	0	-0.101193	sas_voromqa	232.085	800.721
4o36-1-4o36_B-1-4o36_A-1__receptor.pdb	4o36-1-4o36_B-1-4o36_A-1__ligand.sdf	783	113	736.226	-88.2046	-88.2046	736.226	-88.2046	0	-0.119806	sas_voromqa	736.226	2630.02
4o3t-1-4o3t_A-1-4o3t_P-1__receptor.pdb	4o3t-1-4o3t_A-1-4o3t_P-1__ligand.sdf	1707	78	521.749	180.624	180.624	521.749	180.624	0	0.346189	sas_voromqa	521.749	1898.42
4o4y-1-4o4y_H-1-4o4y_A-1__receptor.pdb	4o4y-1-4o4y_H-1-4o4y_A-1__ligand.sdf	1579	49	610.266	35.8069	35.8069	610.266	35.8069	0	0.0586743	sas_voromqa	610.266	1440.02
4o4y-1-4o4y_L-1-4o4y_A-1__receptor.pdb	4o4y-1-4o4y_L-1-4o4y_A-1__ligand.sdf	1647	49	704.003	-48.0371	-48.0371	704.003	-48.0371	0	-0.0682342	sas_voromqa	704.003	1533.15
4o51-3-4o51_C-1-4o51_O-1__receptor.pdb	4o51-3-4o51_C-1-4o51_O-1__ligand.sdf	1616	42	685.713	-43.6201	-43.6201	685.713	-43.6201	0	-0.0636128	sas_voromqa	685.713	1385.64
4o9v-1-4o9v_A-1-4o9v_B-1__receptor.pdb	4o9v-1-4o9v_A-1-4o9v_B-1__ligand.sdf	1857	29	239.345	12.7631	12.7631	239.345	12.7631	0	0.0533251	sas_voromqa	239.345	754.437
4od7-3-4od7_C-1-4od7_E-1__receptor.pdb	4od7-3-4od7_C-1-4od7_E-1__ligand.sdf	1454	57	480.201	39.8891	39.8891	480.201	39.8891	0	0.0830675	sas_voromqa	480.201	1444.86
4odk-1-4odk_A-1-4odk_B-1__receptor.pdb	4odk-1-4odk_A-1-4odk_B-1__ligand.sdf	1186	73	830.346	-36.3204	-36.3204	830.346	-36.3204	0	-0.0437413	sas_voromqa	830.346	2043.6
4odk-1-4odk_A-1-4odk_C-1__receptor.pdb	4odk-1-4odk_A-1-4odk_C-1__ligand.sdf	1186	29	194.696	31.2931	31.2931	194.696	31.2931	0	0.160728	sas_voromqa	194.696	718.651
4odn-1-4odn_A-1-4odn_B-1__receptor.pdb	4odn-1-4odn_A-1-4odn_B-1__ligand.sdf	1157	110	1048.63	100.637	99.7364	1047.94	100.147	0	0.09597	sas_voromqa	1048.63	2983.64
4odp-1-4odp_A-1-4odp_B-1__receptor.pdb	4odp-1-4odp_A-1-4odp_B-1__ligand.sdf	800	43	460.936	104.628	104.628	460.936	104.628	0	0.22699	sas_voromqa	460.936	1279.87
4oh4-2-4oh4_B-1-4oh4_F-1__receptor.pdb	4oh4-2-4oh4_B-1-4oh4_F-1__ligand.sdf	2290	116	1054.06	-13.0509	-13.0509	1054.06	-13.0509	0	-0.0123816	sas_voromqa	1054.06	3104.21
4oi4-2-4oi4_C-1-4oi4_D-1__receptor.pdb	4oi4-2-4oi4_C-1-4oi4_D-1__ligand.sdf	3406	203	1279.31	-36.0414	-36.0414	1279.31	-36.0414	0	-0.0281725	sas_voromqa	1279.31	4838.95
4oin-1-4oin_C-1-4oin_I-1__receptor.pdb	4oin-1-4oin_C-1-4oin_I-1__ligand.sdf	8774	52	420.767	-12.6869	-12.6869	420.767	-12.6869	0	-0.0301518	sas_voromqa	420.767	1240.69
4ojf-1-4ojf_H-1-4ojf_A-1__receptor.pdb	4ojf-1-4ojf_H-1-4ojf_A-1__ligand.sdf	1635	54	459.524	-24.7071	-24.7071	459.524	-24.7071	0	-0.0537667	sas_voromqa	459.524	1373.49
4ojf-1-4ojf_L-1-4ojf_A-1__receptor.pdb	4ojf-1-4ojf_L-1-4ojf_A-1__ligand.sdf	1689	54	505.865	93.9109	93.9109	505.865	93.9109	0	0.185644	sas_voromqa	505.865	1416.83
4onf-1-4onf_H-1-4onf_P-1__receptor.pdb	4onf-1-4onf_H-1-4onf_P-1__ligand.sdf	1611	49	450.918	-25.7415	-25.7415	450.918	-25.7415	0	-0.0570869	sas_voromqa	450.918	1284.38
4oo6-1-4oo6_A-1-4oo6_B-1__receptor.pdb	4oo6-1-4oo6_A-1-4oo6_B-1__ligand.sdf	6660	75	650.546	-26.5375	-26.5375	650.546	-26.5375	0	-0.0407927	sas_voromqa	650.546	2023.24
4ou3-1-4ou3_A-1-4ou3_B-1__receptor.pdb	4ou3-1-4ou3_A-1-4ou3_B-1__ligand.sdf	7241	40	296.787	-18.5507	-18.5507	296.787	-18.5507	0	-0.0625051	sas_voromqa	296.787	984.522
4oxd-1-4oxd_A-1-4oxd_H-1__receptor.pdb	4oxd-1-4oxd_A-1-4oxd_H-1__ligand.sdf	1481	51	370.32	-6.31193	-6.31193	370.32	-6.31193	0	-0.0170445	sas_voromqa	370.32	1217.69
4oyk-1-4oyk_A-1-4oyk_C-1__receptor.pdb	4oyk-1-4oyk_A-1-4oyk_C-1__ligand.sdf	1372	106	987.002	-89.1089	-89.1089	987.002	-89.1089	0	-0.0902824	sas_voromqa	987.002	2786.49
4oz1-1-4oz1_B-1-4oz1_C-1__receptor.pdb	4oz1-1-4oz1_B-1-4oz1_C-1__ligand.sdf	842	68	676.877	-82.2251	-82.2251	676.877	-82.2251	0	-0.121477	sas_voromqa	676.877	1768.3
4oz6-1-4oz6_A-1-4oz6_B-1__receptor.pdb	4oz6-1-4oz6_A-1-4oz6_B-1__ligand.sdf	1275	27	285.177	45.4756	45.4756	285.177	45.4756	0	0.159464	sas_voromqa	285.177	769.425
4ozf-1-4ozf_H-1-4ozf_J-1__receptor.pdb	4ozf-1-4ozf_H-1-4ozf_J-1__ligand.sdf	1871	97	1514.8	65.9604	65.9604	1514.8	65.9604	0	0.043544	sas_voromqa	1514.8	3065.56
4p02-1-4p02_B-1-4p02_D-1__receptor.pdb	4p02-1-4p02_B-1-4p02_D-1__ligand.sdf	4887	45	742.847	62.9614	62.9614	742.847	62.9614	0	0.0847569	sas_voromqa	742.847	1533.73
4p3c-1-4p3c_H-2-4p3c_M-2__receptor.pdb	4p3c-1-4p3c_H-2-4p3c_M-2__ligand.sdf	1614	110	1027.62	-6.53921	-6.53921	1027.62	-6.53921	0	-0.00636345	sas_voromqa	1027.62	2839.86
4p3w-4-4p3w_F-1-4p3w_L-1__receptor.pdb	4p3w-4-4p3w_F-1-4p3w_L-1__ligand.sdf	1120	90	995.697	-9.00735	-9.00735	995.697	-9.00735	0	-0.00904628	sas_voromqa	995.697	2615.74
4p6z-1-4p6z_M-1-4p6z_T-1__receptor.pdb	4p6z-1-4p6z_M-1-4p6z_T-1__ligand.sdf	3362	93	891.146	33.4612	33.4612	891.146	33.4612	0	0.0375485	sas_voromqa	891.146	2524.23
4p6z-1-4p6z_S-1-4p6z_V-1__receptor.pdb	4p6z-1-4p6z_S-1-4p6z_V-1__ligand.sdf	1231	78	821.068	-85.1247	-85.1247	821.068	-85.1247	0	-0.103676	sas_voromqa	821.068	2174.23
4pby-1-4pby_A-1-4pby_C-1__receptor.pdb	4pby-1-4pby_A-1-4pby_C-1__ligand.sdf	3068	102	763.748	-70.1447	-70.1447	763.748	-70.1447	0	-0.0918427	sas_voromqa	763.748	2649.78
4pd1-1-4pd1_A-1-4pd1_C-1__receptor.pdb	4pd1-1-4pd1_A-1-4pd1_C-1__ligand.sdf	3081	76	624.291	-6.29884	-6.29884	624.291	-6.29884	0	-0.0100896	sas_voromqa	624.291	1973.27
4pid-1-4pid_A-1-4pid_B-1__receptor.pdb	4pid-1-4pid_A-1-4pid_B-1__ligand.sdf	1621	94	803.942	-34.6076	-34.6076	803.942	-34.6076	0	-0.0430474	sas_voromqa	803.942	2487.77
4pjz-1-4pjz_A-1-4pjz_B-1__receptor.pdb	4pjz-1-4pjz_A-1-4pjz_B-1__ligand.sdf	1288	143	1323.26	93.5497	52.8992	1292.23	71.4317	0	0.0706964	sas_voromqa	1323.26	3624.15
4pk0-1-4pk0_A-1-4pk0_B-1__receptor.pdb	4pk0-1-4pk0_A-1-4pk0_B-1__ligand.sdf	1305	121	1153.11	156.321	123.295	1127.9	138.351	0	0.135565	sas_voromqa	1153.11	3035.52
4pk3-1-4pk3_A-1-4pk3_B-1__receptor.pdb	4pk3-1-4pk3_A-1-4pk3_B-1__ligand.sdf	1523	85	441.148	-54.3331	-57.0917	439.042	-55.834	0	-0.123163	sas_voromqa	441.148	1885.33
4pli-1-4pli_A-1-4pli_C-1__receptor.pdb	4pli-1-4pli_A-1-4pli_C-1__ligand.sdf	504	12	131.765	-2.712	-2.712	131.765	-2.712	0	-0.0205821	sas_voromqa	131.765	364.251
4pn1-3-4pn1_D-1-4pn1_H-1__receptor.pdb	4pn1-3-4pn1_D-1-4pn1_H-1__ligand.sdf	2098	46	426.164	19.0221	19.0221	426.164	19.0221	0	0.0446356	sas_voromqa	426.164	1228.54
4po2-3-4po2_A-1-4po2_C-2__receptor.pdb	4po2-3-4po2_A-1-4po2_C-2__ligand.sdf	1745	50	958.262	-1.79131	-1.79131	958.262	-1.79131	0	-0.00186933	sas_voromqa	958.262	1766.36
4po2-3-4po2_B-2-4po2_D-2__receptor.pdb	4po2-3-4po2_B-2-4po2_D-2__ligand.sdf	1636	49	395.91	-37.9305	-37.9305	395.91	-37.9305	0	-0.0958059	sas_voromqa	395.91	1299.91
4po6-1-4po6_A-1-4po6_B-1__receptor.pdb	4po6-1-4po6_A-1-4po6_B-1__ligand.sdf	3804	151	1519.01	28.1531	28.1531	1519.01	28.1531	0	0.0185338	sas_voromqa	1519.01	4269.77
4po7-1-4po7_A-1-4po7_N-1__receptor.pdb	4po7-1-4po7_A-1-4po7_N-1__ligand.sdf	5173	81	716.155	105.702	105.702	716.155	105.702	0	0.147597	sas_voromqa	716.155	2172.02
4po7-1-4po7_A-1-4po7_P-1__receptor.pdb	4po7-1-4po7_A-1-4po7_P-1__ligand.sdf	5173	51	560.728	-13.8965	-13.8965	560.728	-13.8965	0	-0.024783	sas_voromqa	560.728	1472.99
4prh-1-4prh_E-1-4prh_C-1__receptor.pdb	4prh-1-4prh_E-1-4prh_C-1__ligand.sdf	1911	94	1314.28	114.258	114.258	1314.28	114.258	0	0.0869358	sas_voromqa	1314.28	2801.69
4psi-1-4psi_A-1-4psi_D-1__receptor.pdb	4psi-1-4psi_A-1-4psi_D-1__ligand.sdf	932	93	928.734	44.9619	42.1724	926.605	43.4441	0	0.048412	sas_voromqa	928.734	2503.34
4psx-1-4psx_B-1-4psx_Y-1__receptor.pdb	4psx-1-4psx_B-1-4psx_Y-1__ligand.sdf	2868	90	988.966	-9.35979	-9.35979	988.966	-9.35979	0	-0.00946422	sas_voromqa	988.966	2579.12
4pyu-3-4pyu_G-1-4pyu_H-1__receptor.pdb	4pyu-3-4pyu_G-1-4pyu_H-1__ligand.sdf	597	144	1236.93	-12.4007	-12.4007	1236.93	-12.4007	0	-0.0100254	sas_voromqa	1236.93	3780.93
4pyw-1-4pyw_A-1-4pyw_B-1__receptor.pdb	4pyw-1-4pyw_A-1-4pyw_B-1__ligand.sdf	2875	31	42.4363	-5.23681	-5.23681	42.4363	-5.23681	0	-0.123404	sas_voromqa	42.4363	602.56
4pyw-1-4pyw_A-1-4pyw_C-1__receptor.pdb	4pyw-1-4pyw_A-1-4pyw_C-1__ligand.sdf	2875	31	31.3643	3.82047	3.82047	31.3643	3.82047	0	0.12181	sas_voromqa	31.3643	604.471
4pz3-1-4pz3_B-1-4pz3_C-1__receptor.pdb	4pz3-1-4pz3_B-1-4pz3_C-1__ligand.sdf	1174	23	280.177	-2.62333	-2.62333	280.177	-2.62333	0	-0.00936312	sas_voromqa	280.177	684.272
4pz5-1-4pz5_A-1-4pz5_B-1__receptor.pdb	4pz5-1-4pz5_A-1-4pz5_B-1__ligand.sdf	698	122	1551.82	25.0502	25.0502	1551.82	25.0502	0	0.0161425	sas_voromqa	1551.82	3560.29
4pz6-1-4pz6_A-1-4pz6_Q-1__receptor.pdb	4pz6-1-4pz6_A-1-4pz6_Q-1__ligand.sdf	3072	68	695.46	-106.365	-116.263	687.904	-111.751	0	-0.152942	sas_voromqa	695.46	1883.65
4q0a-1-4q0a_C-1-4q0a_D-1__receptor.pdb	4q0a-1-4q0a_C-1-4q0a_D-1__ligand.sdf	1917	86	816.228	-81.2411	-81.2411	816.228	-81.2411	0	-0.0995324	sas_voromqa	816.228	2329.6
4q0a-2-4q0a_C-2-4q0a_D-1__receptor.pdb	4q0a-2-4q0a_C-2-4q0a_D-1__ligand.sdf	1917	86	1216.12	-48.0891	-48.0891	1216.12	-48.0891	0	-0.0395431	sas_voromqa	1216.12	2672.18
4q0x-1-4q0x_H-1-4q0x_E-1__receptor.pdb	4q0x-1-4q0x_H-1-4q0x_E-1__ligand.sdf	1646	69	633.615	90.2654	90.2654	633.615	90.2654	0	0.142461	sas_voromqa	633.615	1842.01
4q1l-1-4q1l_A-1-4q1l_D-1__receptor.pdb	4q1l-1-4q1l_A-1-4q1l_D-1__ligand.sdf	1611	30	227.988	-10.8428	-10.8428	227.988	-10.8428	0	-0.0475586	sas_voromqa	227.988	719.749
4q4i-1-4q4i_A-1-4q4i_C-1__receptor.pdb	4q4i-1-4q4i_A-1-4q4i_C-1__ligand.sdf	6940	33	119.236	-21.9109	-21.9109	119.236	-21.9109	0	-0.183761	sas_voromqa	119.236	737.311
4q6f-3-4q6f_C-1-4q6f_H-1__receptor.pdb	4q6f-3-4q6f_C-1-4q6f_H-1__ligand.sdf	394	32	344.093	-43.182	-43.182	344.093	-43.182	0	-0.125495	sas_voromqa	344.093	916.395
4q94-3-4q94_A-1-4q94_D-1__receptor.pdb	4q94-3-4q94_A-1-4q94_D-1__ligand.sdf	1017	91	1235.64	182.269	68.7649	1148.99	120.512	0	0.14751	sas_voromqa	1235.64	2661.57
4q94-3-4q94_B-1-4q94_D-1__receptor.pdb	4q94-3-4q94_B-1-4q94_D-1__ligand.sdf	1022	91	1044.08	111.632	-22.0304	942.044	38.9063	0	0.106919	sas_voromqa	1044.08	2506.08
4qbm-1-4qbm_A-1-4qbm_C-1__receptor.pdb	4qbm-1-4qbm_A-1-4qbm_C-1__ligand.sdf	876	81	990.211	-37.9016	-37.9016	990.211	-37.9016	0	-0.0382763	sas_voromqa	990.211	2397.17
4qbs-1-4qbs_A-1-4qbs_P-1__receptor.pdb	4qbs-1-4qbs_A-1-4qbs_P-1__ligand.sdf	1084	57	548.363	-40.0634	-44.0782	545.298	-42.2478	0	-0.07306	sas_voromqa	548.363	1558.85
4qc1-1-4qc1_A-1-4qc1_D-1__receptor.pdb	4qc1-1-4qc1_A-1-4qc1_D-1__ligand.sdf	865	61	665.289	0.185808	0.185808	665.289	0.185808	0	0.000279289	sas_voromqa	665.289	1750.37
4qc3-1-4qc3_A-1-4qc3_C-1__receptor.pdb	4qc3-1-4qc3_A-1-4qc3_C-1__ligand.sdf	869	49	792.272	-5.20968	-5.20968	792.272	-5.20968	0	-0.00657562	sas_voromqa	792.272	1617.87
4qeo-1-4qeo_A-1-4qeo_P-1__receptor.pdb	4qeo-1-4qeo_A-1-4qeo_P-1__ligand.sdf	3721	44	404.65	32.7791	32.7791	404.65	32.7791	0	0.0810061	sas_voromqa	404.65	1236.89
4qmg-3-4qmg_C-1-4qmg_H-1__receptor.pdb	4qmg-3-4qmg_C-1-4qmg_H-1__ligand.sdf	2388	139	1242	20.122	20.122	1242	20.122	0	0.0162013	sas_voromqa	1242	3587.7
4qpp-3-4qpp_C-2-4qpp_F-2__receptor.pdb	4qpp-3-4qpp_C-2-4qpp_F-2__ligand.sdf	2534	20	238.464	17.9605	17.9605	238.464	17.9605	0	0.0753174	sas_voromqa	238.464	595.362
4qrp-1-4qrp_D-1-4qrp_C-1__receptor.pdb	4qrp-1-4qrp_D-1-4qrp_C-1__ligand.sdf	1573	75	1312.98	-50.3586	-50.3586	1312.98	-50.3586	0	-0.0383544	sas_voromqa	1312.98	2555.79
4qrp-1-4qrp_E-1-4qrp_C-1__receptor.pdb	4qrp-1-4qrp_E-1-4qrp_C-1__ligand.sdf	1937	75	1268.03	-25.8559	-25.8559	1268.03	-25.8559	0	-0.0203906	sas_voromqa	1268.03	2510.1
4qrr-1-4qrr_D-1-4qrr_P-1__receptor.pdb	4qrr-1-4qrr_D-1-4qrr_P-1__ligand.sdf	1591	77	1258.2	68.9872	68.9872	1258.2	68.9872	0	0.0548301	sas_voromqa	1258.2	2512.77
4qrr-1-4qrr_E-1-4qrr_P-1__receptor.pdb	4qrr-1-4qrr_E-1-4qrr_P-1__ligand.sdf	1922	77	1205.62	64.0003	64.0003	1205.62	64.0003	0	0.053085	sas_voromqa	1205.62	2449.43
4quh-1-4quh_A-1-4quh_D-1__receptor.pdb	4quh-1-4quh_A-1-4quh_D-1__ligand.sdf	1881	35	424.002	-40.491	-40.491	424.002	-40.491	0	-0.0954972	sas_voromqa	424.002	992.1
4qxb-1-4qxb_A-1-4qxb_E-1__receptor.pdb	4qxb-1-4qxb_A-1-4qxb_E-1__ligand.sdf	2744	100	657.601	18.0631	18.0631	657.601	18.0631	0	0.0274682	sas_voromqa	657.601	2471.14
4qyo-1-4qyo_A-1-4qyo_Q-1__receptor.pdb	4qyo-1-4qyo_A-1-4qyo_Q-1__ligand.sdf	865	81	911.32	-8.47914	-8.47914	911.32	-8.47914	0	-0.00930424	sas_voromqa	911.32	2278.81
4qyo-1-4qyo_B-1-4qyo_Q-1__receptor.pdb	4qyo-1-4qyo_B-1-4qyo_Q-1__ligand.sdf	837	81	762.704	8.32648	8.32648	762.704	8.32648	0	0.0109171	sas_voromqa	762.704	2175.86
4r3l-1-4r3l_A-1-4r3l_B-1__receptor.pdb	4r3l-1-4r3l_A-1-4r3l_B-1__ligand.sdf	1291	12	33.9171	1.59268	1.59268	33.9171	1.59268	0	0.046958	sas_voromqa	33.9171	262.55
4r6r-1-4r6r_G-1-4r6r_D-1__receptor.pdb	4r6r-1-4r6r_G-1-4r6r_D-1__ligand.sdf	1040	100	1446.75	133.096	133.096	1446.75	133.096	0	0.0919965	sas_voromqa	1446.75	3123.08
4r6r-3-4r6r_E-1-4r6r_H-1__receptor.pdb	4r6r-3-4r6r_E-1-4r6r_H-1__ligand.sdf	1040	101	1471.39	115.18	115.18	1471.39	115.18	0	0.0782797	sas_voromqa	1471.39	3146.15
4r6r-3-4r6r_G-1-4r6r_H-1__receptor.pdb	4r6r-3-4r6r_G-1-4r6r_H-1__ligand.sdf	1040	101	1296.37	85.2145	85.2145	1296.37	85.2145	0	0.0657332	sas_voromqa	1296.37	3002.13
4r7a-1-4r7a_B-1-4r7a_A-1__receptor.pdb	4r7a-1-4r7a_B-1-4r7a_A-1__ligand.sdf	2902	69	744.874	-9.96976	-9.96976	744.874	-9.96976	0	-0.0133845	sas_voromqa	744.874	1972.87
4rav-1-4rav_A-1-4rav_E-1__receptor.pdb	4rav-1-4rav_A-1-4rav_E-1__ligand.sdf	881	104	1262.91	193.64	193.64	1262.91	193.64	0	0.153328	sas_voromqa	1262.91	3028.92
4rav-1-4rav_A-1-4rav_F-1__receptor.pdb	4rav-1-4rav_A-1-4rav_F-1__ligand.sdf	881	104	1633.96	250.918	250.918	1633.96	250.918	0	0.153564	sas_voromqa	1633.96	3358.67
4rav-1-4rav_B-1-4rav_E-1__receptor.pdb	4rav-1-4rav_B-1-4rav_E-1__ligand.sdf	794	104	1595.65	249.417	249.417	1595.65	249.417	0	0.156311	sas_voromqa	1595.65	3326.53
4rav-1-4rav_B-1-4rav_F-1__receptor.pdb	4rav-1-4rav_B-1-4rav_F-1__ligand.sdf	794	104	1633.04	232.032	232.032	1633.04	232.032	0	0.142086	sas_voromqa	1633.04	3344.37
4rhg-1-4rhg_A-1-4rhg_B-1__receptor.pdb	4rhg-1-4rhg_A-1-4rhg_B-1__ligand.sdf	2252	60	594.283	57.1333	57.1333	594.283	57.1333	0	0.0961382	sas_voromqa	594.283	1574.2
4rmh-1-4rmh_A-1-4rmh_B-1__receptor.pdb	4rmh-1-4rmh_A-1-4rmh_B-1__ligand.sdf	2321	12	96.5777	8.01457	8.01457	96.5777	8.01457	0	0.0829857	sas_voromqa	96.5777	377.728
4rmi-1-4rmi_A-1-4rmi_B-1__receptor.pdb	4rmi-1-4rmi_A-1-4rmi_B-1__ligand.sdf	2203	32	296.71	-53.3581	-53.3581	296.71	-53.3581	0	-0.179832	sas_voromqa	296.71	878.866
4roj-3-4roj_C-1-4roj_F-1__receptor.pdb	4roj-3-4roj_C-1-4roj_F-1__ligand.sdf	853	60	741.186	75.9108	22.8425	700.673	47.0364	0	0.102418	sas_voromqa	741.186	1793.02
4rqi-1-4rqi_A-1-4rqi_F-1__receptor.pdb	4rqi-1-4rqi_A-1-4rqi_F-1__ligand.sdf	1651	103	1680.65	24.7899	24.7899	1680.65	24.7899	0	0.0147502	sas_voromqa	1680.65	3338.73
4rrv-1-4rrv_A-1-4rrv_B-1__receptor.pdb	4rrv-1-4rrv_A-1-4rrv_B-1__ligand.sdf	2293	73	653.494	64.4955	64.4955	653.494	64.4955	0	0.0986933	sas_voromqa	653.494	1930.97
4rs9-1-4rs9_A-1-4rs9_B-1__receptor.pdb	4rs9-1-4rs9_A-1-4rs9_B-1__ligand.sdf	1338	155	1394.22	-90.2052	-90.2052	1394.22	-90.2052	0	-0.0646994	sas_voromqa	1394.22	4150.24
4rsp-1-4rsp_A-1-4rsp_B-1__receptor.pdb	4rsp-1-4rsp_A-1-4rsp_B-1__ligand.sdf	2306	44	278.368	20.3803	20.3803	278.368	20.3803	0	0.0732135	sas_voromqa	278.368	1119.7
4rwd-1-4rwd_A-1-4rwd_H-1__receptor.pdb	4rwd-1-4rwd_A-1-4rwd_H-1__ligand.sdf	3030	49	248.892	113.432	113.432	248.892	113.432	0	0.455748	sas_voromqa	248.892	1140.94
4rwf-1-4rwf_A-1-4rwf_B-1__receptor.pdb	4rwf-1-4rwf_A-1-4rwf_B-1__ligand.sdf	4398	142	1117.89	-116.518	-116.518	1117.89	-116.518	0	-0.10423	sas_voromqa	1117.89	3608.25
4rxh-1-4rxh_B-1-4rxh_A-1__receptor.pdb	4rxh-1-4rxh_B-1-4rxh_A-1__ligand.sdf	3164	45	405.209	24.0662	24.0662	405.209	24.0662	0	0.0593921	sas_voromqa	405.209	1270.39
4rxh-1-4rxh_B-1-4rxh_C-1__receptor.pdb	4rxh-1-4rxh_B-1-4rxh_C-1__ligand.sdf	3164	68	552.775	7.70778	7.70778	552.775	7.70778	0	0.0139438	sas_voromqa	552.775	1805.92
4s15-1-4s15_A-1-4s15_C-1__receptor.pdb	4s15-1-4s15_A-1-4s15_C-1__ligand.sdf	2004	70	570.123	34.5777	34.5777	570.123	34.5777	0	0.0606495	sas_voromqa	570.123	1843.87
4s2t-1-4s2t_P-1-4s2t_A-1__receptor.pdb	4s2t-1-4s2t_P-1-4s2t_A-1__ligand.sdf	4876	32	42.5933	7.5978	7.5978	42.5933	7.5978	0	0.17838	sas_voromqa	42.5933	587.016
4tjx-1-4tjx_A-1-4tjx_B-1__receptor.pdb	4tjx-1-4tjx_A-1-4tjx_B-1__ligand.sdf	1159	20	167.828	-28.8731	-28.8731	167.828	-28.8731	0	-0.17204	sas_voromqa	167.828	500.019
4tky-3-4tky_C-1-4tky_H-1__receptor.pdb	4tky-3-4tky_C-1-4tky_H-1__ligand.sdf	1473	54	493.634	25.61	25.61	493.634	25.61	0	0.0518805	sas_voromqa	493.634	1428.81
4tqe-1-4tqe_H-1-4tqe_A-1__receptor.pdb	4tqe-1-4tqe_H-1-4tqe_A-1__ligand.sdf	1648	120	1517.93	-22.1127	-22.1127	1517.93	-22.1127	0	-0.0145677	sas_voromqa	1517.93	3529.9
4tqe-1-4tqe_L-1-4tqe_A-1__receptor.pdb	4tqe-1-4tqe_L-1-4tqe_A-1__ligand.sdf	1695	120	1985.25	42.2163	42.2163	1985.25	42.2163	0	0.021265	sas_voromqa	1985.25	3921.98
4tr9-1-4tr9_A-1-4tr9_E-1__receptor.pdb	4tr9-1-4tr9_A-1-4tr9_E-1__ligand.sdf	2656	73	823.175	45.944	45.944	823.175	45.944	0	0.0558132	sas_voromqa	823.175	2080.55
4tr9-1-4tr9_A-1-4tr9_H-1__receptor.pdb	4tr9-1-4tr9_A-1-4tr9_H-1__ligand.sdf	2656	31	122.655	-15.2254	-15.2254	122.655	-15.2254	0	-0.124132	sas_voromqa	122.655	651.475
4tr9-1-4tr9_C-1-4tr9_G-1__receptor.pdb	4tr9-1-4tr9_C-1-4tr9_G-1__ligand.sdf	2656	78	1045.19	111.946	111.946	1045.19	111.946	0	0.107106	sas_voromqa	1045.19	2417.27
4tsz-3-4tsz_F-1-4tsz_V-1__receptor.pdb	4tsz-3-4tsz_F-1-4tsz_V-1__ligand.sdf	2741	53	385.668	-32.3732	-32.3732	385.668	-32.3732	0	-0.0839406	sas_voromqa	385.668	1346.52
4tt4-1-4tt4_B-1-4tt4_P-1__receptor.pdb	4tt4-1-4tt4_B-1-4tt4_P-1__ligand.sdf	1084	33	393.995	24.9601	24.9601	393.995	24.9601	0	0.0633513	sas_voromqa	393.995	943.064
4tul-1-4tul_H-1-4tul_I-1__receptor.pdb	4tul-1-4tul_H-1-4tul_I-1__ligand.sdf	1531	74	673.086	96.559	96.559	673.086	96.559	0	0.143457	sas_voromqa	673.086	2009.87
4tul-1-4tul_L-1-4tul_I-1__receptor.pdb	4tul-1-4tul_L-1-4tul_I-1__ligand.sdf	1648	74	790.965	71.7474	71.7474	790.965	71.7474	0	0.0907087	sas_voromqa	790.965	2133.7
4twi-1-4twi_A-1-4twi_B-1__receptor.pdb	4twi-1-4twi_A-1-4twi_B-1__ligand.sdf	1872	66	540.506	5.2756	5.2756	540.506	5.2756	0	0.00976048	sas_voromqa	540.506	1696.41
4twj-1-4twj_A-1-4twj_B-1__receptor.pdb	4twj-1-4twj_A-1-4twj_B-1__ligand.sdf	1808	104	947.371	9.90189	9.90189	947.371	9.90189	0	0.010452	sas_voromqa	947.371	2850.95
4twt-1-4twt_A-1-4twt_E-1__receptor.pdb	4twt-1-4twt_A-1-4twt_E-1__ligand.sdf	1149	112	1321.99	118.128	118.128	1321.99	118.128	0	0.0893562	sas_voromqa	1321.99	3284.23
4twt-1-4twt_B-1-4twt_E-1__receptor.pdb	4twt-1-4twt_B-1-4twt_E-1__ligand.sdf	1081	112	1125.38	49.3879	49.3879	1125.38	49.3879	0	0.0438855	sas_voromqa	1125.38	3137.77
4txr-1-4txr_A-1-4txr_B-1__receptor.pdb	4txr-1-4txr_A-1-4txr_B-1__ligand.sdf	1281	123	1048.68	-49.4132	-49.4132	1048.68	-49.4132	0	-0.0471194	sas_voromqa	1048.68	3149.31
4ty6-1-4ty6_A-1-4ty6_H-1__receptor.pdb	4ty6-1-4ty6_A-1-4ty6_H-1__ligand.sdf	1853	50	568.762	46.343	46.343	568.762	46.343	0	0.0814805	sas_voromqa	568.762	1529.6
4tzm-1-4tzm_A-1-4tzm_C-1__receptor.pdb	4tzm-1-4tzm_A-1-4tzm_C-1__ligand.sdf	1915	102	776.116	20.1359	20.1359	776.116	20.1359	0	0.0259444	sas_voromqa	776.116	2638.94
4tzq-1-4tzq_A-1-4tzq_B-1__receptor.pdb	4tzq-1-4tzq_A-1-4tzq_B-1__ligand.sdf	1863	102	786.901	-7.95523	-7.95523	786.901	-7.95523	0	-0.0101096	sas_voromqa	786.901	2648.05
4u0a-1-4u0a_A-1-4u0a_B-1__receptor.pdb	4u0a-1-4u0a_A-1-4u0a_B-1__ligand.sdf	1595	103	959.354	97.9772	97.9772	959.354	97.9772	0	0.102128	sas_voromqa	959.354	2763.88
4u0a-1-4u0a_A-4-4u0a_B-2__receptor.pdb	4u0a-1-4u0a_A-4-4u0a_B-2__ligand.sdf	1595	103	1371.91	215.165	215.165	1371.91	215.165	0	0.156836	sas_voromqa	1371.91	3156.41
4u0c-1-4u0c_A-1-4u0c_B-6__receptor.pdb	4u0c-1-4u0c_A-1-4u0c_B-6__ligand.sdf	1609	63	738.744	178.658	178.658	738.744	178.658	0	0.24184	sas_voromqa	738.744	1820.09
4u0c-1-4u0c_A-6-4u0c_B-6__receptor.pdb	4u0c-1-4u0c_A-6-4u0c_B-6__ligand.sdf	1609	63	847.559	139.557	139.557	847.559	139.557	0	0.164658	sas_voromqa	847.559	1902.02
4u1m-1-4u1m_A-1-4u1m_C-1__receptor.pdb	4u1m-1-4u1m_A-1-4u1m_C-1__ligand.sdf	2260	80	312.678	-19.938	-19.938	312.678	-19.938	0	-0.0637653	sas_voromqa	312.678	1805.59
4u1p-1-4u1p_A-1-4u1p_B-1__receptor.pdb	4u1p-1-4u1p_A-1-4u1p_B-1__ligand.sdf	839	100	1130.93	15.0251	15.0251	1130.93	15.0251	0	0.0132856	sas_voromqa	1130.93	2840.4
4u68-1-4u68_A-1-4u68_D-1__receptor.pdb	4u68-1-4u68_A-1-4u68_D-1__ligand.sdf	521	59	620.878	-42.5856	-42.5856	620.878	-42.5856	0	-0.0685893	sas_voromqa	620.878	1646.67
4u7i-1-4u7i_A-1-4u7i_B-1__receptor.pdb	4u7i-1-4u7i_A-1-4u7i_B-1__ligand.sdf	726	138	1105.29	-172.054	-172.054	1105.29	-172.054	0	-0.155664	sas_voromqa	1105.29	3487.3
4u7t-1-4u7t_C-1-4u7t_G-1__receptor.pdb	4u7t-1-4u7t_C-1-4u7t_G-1__ligand.sdf	3354	79	934.878	-51.1126	-51.1126	934.878	-51.1126	0	-0.054673	sas_voromqa	934.878	2298.32
4u7y-1-4u7y_A-1-4u7y_B-1__receptor.pdb	4u7y-1-4u7y_A-1-4u7y_B-1__ligand.sdf	609	107	950.295	-56.464	-56.464	950.295	-56.464	0	-0.0594173	sas_voromqa	950.295	2821.62
4ubf-1-4ubf_A-1-4ubf_P-1__receptor.pdb	4ubf-1-4ubf_A-1-4ubf_P-1__ligand.sdf	2311	48	664.082	-22.9557	-22.9557	664.082	-22.9557	0	-0.0345676	sas_voromqa	664.082	1459.69
4ubf-1-4ubf_B-1-4ubf_P-1__receptor.pdb	4ubf-1-4ubf_B-1-4ubf_P-1__ligand.sdf	2401	48	803.471	33.6166	33.6166	803.471	33.6166	0	0.0418392	sas_voromqa	803.471	1579.76
4ucb-1-4ucb_B-1-4ucb_D-1__receptor.pdb	4ucb-1-4ucb_B-1-4ucb_D-1__ligand.sdf	1702	12	105.993	-16.69	-16.69	105.993	-16.69	0	-0.157463	sas_voromqa	105.993	333.829
4udd-1-4udd_A-1-4udd_B-1__receptor.pdb	4udd-1-4udd_A-1-4udd_B-1__ligand.sdf	2033	111	977.332	-124.516	-124.516	977.332	-124.516	0	-0.127404	sas_voromqa	977.332	2905.57
4ue1-1-4ue1_C-1-4ue1_H-1__receptor.pdb	4ue1-1-4ue1_C-1-4ue1_H-1__ligand.sdf	780	103	669.807	18.0003	18.0003	669.807	18.0003	0	0.0268739	sas_voromqa	669.807	2444.65
4uf3-1-4uf3_A-1-4uf3_B-1__receptor.pdb	4uf3-1-4uf3_A-1-4uf3_B-1__ligand.sdf	1111	160	1155.98	-17.7829	-17.7829	1155.98	-17.7829	0	-0.0153834	sas_voromqa	1155.98	3975.09
4ufd-1-4ufd_H-1-4ufd_I-1__receptor.pdb	4ufd-1-4ufd_H-1-4ufd_I-1__ligand.sdf	2007	34	464.645	-9.97361	-11.5211	463.463	-10.8156	0	-0.021465	sas_voromqa	464.645	1079.82
4um9-1-4um9_C-1-4um9_F-1__receptor.pdb	4um9-1-4um9_C-1-4um9_F-1__ligand.sdf	4566	89	1271.65	-53.8829	-53.8829	1271.65	-53.8829	0	-0.0423724	sas_voromqa	1271.65	2811.3
4um9-1-4um9_D-1-4um9_F-1__receptor.pdb	4um9-1-4um9_D-1-4um9_F-1__ligand.sdf	3485	89	899.493	-68.487	-68.487	899.493	-68.487	0	-0.0761396	sas_voromqa	899.493	2546.58
4umn-1-4umn_A-1-4umn_D-1__receptor.pdb	4umn-1-4umn_A-1-4umn_D-1__ligand.sdf	775	112	1093.65	228.121	228.121	1093.65	228.121	0	0.208587	sas_voromqa	1093.65	3003.2
4up0-1-4up0_A-1-4up0_F-1__receptor.pdb	4up0-1-4up0_A-1-4up0_F-1__ligand.sdf	642	50	439.477	-35.7048	-35.7048	439.477	-35.7048	0	-0.0812438	sas_voromqa	439.477	1324.81
4uqy-1-4uqy_A-1-4uqy_B-1__receptor.pdb	4uqy-1-4uqy_A-1-4uqy_B-1__ligand.sdf	1971	108	939.835	-54.9613	-54.9613	939.835	-54.9613	0	-0.0584797	sas_voromqa	939.835	2874.04
4usl-1-4usl_A-1-4usl_D-1__receptor.pdb	4usl-1-4usl_A-1-4usl_D-1__ligand.sdf	1363	43	359.118	72.1101	72.1101	359.118	72.1101	0	0.200798	sas_voromqa	359.118	1106.06
4utv-1-4utv_A-1-4utv_C-1__receptor.pdb	4utv-1-4utv_A-1-4utv_C-1__ligand.sdf	1996	81	719.44	197.87	197.87	719.44	197.87	0	0.275033	sas_voromqa	719.44	2135
4uu5-1-4uu5_A-1-4uu5_B-1__receptor.pdb	4uu5-1-4uu5_A-1-4uu5_B-1__ligand.sdf	669	119	1460.6	212.16	130.03	1397.9	167.473	0	0.145255	sas_voromqa	1460.6	3515.44
4uwx-2-4uwx_B-1-4uwx_D-1__receptor.pdb	4uwx-2-4uwx_B-1-4uwx_D-1__ligand.sdf	1829	123	1055.68	-32.7815	-32.7815	1055.68	-32.7815	0	-0.0310525	sas_voromqa	1055.68	3228.75
4uy4-1-4uy4_B-1-4uy4_D-1__receptor.pdb	4uy4-1-4uy4_B-1-4uy4_D-1__ligand.sdf	1644	49	515.728	16.9661	16.9661	515.728	16.9661	0	0.0328974	sas_voromqa	515.728	1425.48
4v0w-2-4v0w_C-1-4v0w_D-1__receptor.pdb	4v0w-2-4v0w_C-1-4v0w_D-1__ligand.sdf	2350	183	1837.56	-105.006	-105.006	1837.56	-105.006	0	-0.0571443	sas_voromqa	1837.56	5035.36
4v11-1-4v11_A-1-4v11_B-1__receptor.pdb	4v11-1-4v11_A-1-4v11_B-1__ligand.sdf	1202	79	1023.88	-197.994	-200.645	1021.86	-199.436	0	-0.193376	sas_voromqa	1023.88	2238.49
4v1t-1-4v1t_B-1-4v1t_C-1__receptor.pdb	4v1t-1-4v1t_B-1-4v1t_C-1__ligand.sdf	5914	109	1700.26	1.49785	1.49785	1700.26	1.49785	0	0.000880954	sas_voromqa	1700.26	3487.19
4v1t-1-4v1t_B-1-4v1t_D-1__receptor.pdb	4v1t-1-4v1t_B-1-4v1t_D-1__ligand.sdf	5914	105	987.202	1.12759	1.12759	987.202	1.12759	0	0.00114221	sas_voromqa	987.202	2800.08
4v2w-1-4v2w_A-1-4v2w_C-1__receptor.pdb	4v2w-1-4v2w_A-1-4v2w_C-1__ligand.sdf	2811	27	223.963	12.4038	12.4038	223.963	12.4038	0	0.0553833	sas_voromqa	223.963	768.062
4v3i-1-4v3i_A-1-4v3i_B-1__receptor.pdb	4v3i-1-4v3i_A-1-4v3i_B-1__ligand.sdf	1240	41	402.386	-44.1573	-44.1573	402.386	-44.1573	0	-0.109739	sas_voromqa	402.386	1123.7
4v62-2-4v62_BE-1-4v62_BY-1__receptor.pdb	4v62-2-4v62_BE-1-4v62_BY-1__ligand.sdf	666	140	1666.06	129.382	129.382	1666.06	129.382	0	0.0776575	sas_voromqa	1666.06	4039.25
4w8h-1-4w8h_A-1-4w8h_D-1__receptor.pdb	4w8h-1-4w8h_A-1-4w8h_D-1__ligand.sdf	1061	35	447.541	25.9725	25.9725	447.541	25.9725	0	0.0580338	sas_voromqa	447.541	1019.2
4wci-1-4wci_A-1-4wci_B-1__receptor.pdb	4wci-1-4wci_A-1-4wci_B-1__ligand.sdf	490	76	1041.15	-24.2573	-24.2573	1041.15	-24.2573	0	-0.0232986	sas_voromqa	1041.15	2288.88
4wfd-1-4wfd_A-1-4wfd_C-1__receptor.pdb	4wfd-1-4wfd_A-1-4wfd_C-1__ligand.sdf	702	115	1477.48	137.954	72.4568	1427.48	102.317	0	0.0933711	sas_voromqa	1477.48	3423.1
4wfd-3-4wfd_G-1-4wfd_I-1__receptor.pdb	4wfd-3-4wfd_G-1-4wfd_I-1__ligand.sdf	617	68	826.983	167.095	97.8892	774.151	129.44	0	0.202054	sas_voromqa	826.983	1999.07
4wfd-3-4wfd_H-1-4wfd_I-1__receptor.pdb	4wfd-3-4wfd_H-1-4wfd_I-1__ligand.sdf	733	68	675.134	56.0927	-11.3315	623.662	19.4072	0	0.0830838	sas_voromqa	675.134	1834.88
4wht-11-4wht_U-1-4wht_u-1__receptor.pdb	4wht-11-4wht_U-1-4wht_u-1__ligand.sdf	1554	80	800.376	26.6807	26.6807	800.376	26.6807	0	0.0333352	sas_voromqa	800.376	2177.21
4wht-11-4wht_V-1-4wht_u-1__receptor.pdb	4wht-11-4wht_V-1-4wht_u-1__ligand.sdf	1615	80	936.611	76.6582	76.6582	936.611	76.6582	0	0.0818464	sas_voromqa	936.611	2277.01
4wih-1-4wih_A-1-4wih_B-1__receptor.pdb	4wih-1-4wih_A-1-4wih_B-1__ligand.sdf	2868	114	1064.52	12.3401	12.3401	1064.52	12.3401	0	0.0115922	sas_voromqa	1064.52	3091.25
4wj7-3-4wj7_C-1-4wj7_Y-1__receptor.pdb	4wj7-3-4wj7_C-1-4wj7_Y-1__ligand.sdf	1004	88	732.912	111.258	111.258	732.912	111.258	0	0.151803	sas_voromqa	732.912	2298.88
4wjw-1-4wjw_B-1-4wjw_P-1__receptor.pdb	4wjw-1-4wjw_B-1-4wjw_P-1__ligand.sdf	5446	124	1135.47	9.5449	9.5449	1135.47	9.5449	0	0.00840612	sas_voromqa	1135.47	3249.52
4wk0-1-4wk0_A-1-4wk0_C-1__receptor.pdb	4wk0-1-4wk0_A-1-4wk0_C-1__ligand.sdf	3381	23	383.476	-40.3528	-40.3528	383.476	-40.3528	0	-0.105229	sas_voromqa	383.476	746.797
4wk0-1-4wk0_B-1-4wk0_C-1__receptor.pdb	4wk0-1-4wk0_B-1-4wk0_C-1__ligand.sdf	3321	23	369.462	-47.5374	-47.5374	369.462	-47.5374	0	-0.128667	sas_voromqa	369.462	736.212
4wkm-3-4wkm_F-1-4wkm_N-1__receptor.pdb	4wkm-3-4wkm_F-1-4wkm_N-1__ligand.sdf	1537	56	449.775	5.47605	5.47605	449.775	5.47605	0	0.0121751	sas_voromqa	449.775	1420.6
4wlb-2-4wlb_B-1-4wlb_D-1__receptor.pdb	4wlb-2-4wlb_B-1-4wlb_D-1__ligand.sdf	2008	64	898.686	42.1199	42.1199	898.686	42.1199	0	0.0468683	sas_voromqa	898.686	2029.4
4wne-1-4wne_A-1-4wne_B-1__receptor.pdb	4wne-1-4wne_A-1-4wne_B-1__ligand.sdf	2465	151	1006.62	52.7449	52.7449	1006.62	52.7449	0	0.052398	sas_voromqa	1006.62	3797.02
4wnn-4-4wnn_C-1-4wnn_T-1__receptor.pdb	4wnn-4-4wnn_C-1-4wnn_T-1__ligand.sdf	646	53	909.915	-29.039	-29.039	909.915	-29.039	0	-0.031914	sas_voromqa	909.915	1740.13
4wnn-4-4wnn_D-1-4wnn_T-1__receptor.pdb	4wnn-4-4wnn_D-1-4wnn_T-1__ligand.sdf	762	53	730.679	-67.5953	-67.5953	730.679	-67.5953	0	-0.0925103	sas_voromqa	730.679	1567.56
4wph-1-4wph_A-1-4wph_D-1__receptor.pdb	4wph-1-4wph_A-1-4wph_D-1__ligand.sdf	2728	76	849.528	-44.605	-44.605	849.528	-44.605	0	-0.0525056	sas_voromqa	849.528	2236.42
4wqp-4-4wqp_A-1-4wqp_P-1__receptor.pdb	4wqp-4-4wqp_A-1-4wqp_P-1__ligand.sdf	1909	115	1081.82	-28.8865	-28.8865	1081.82	-28.8865	0	-0.0267018	sas_voromqa	1081.82	3190.77
4wqu-1-4wqu_BL-1-4wqu_BX-1__receptor.pdb	4wqu-1-4wqu_BL-1-4wqu_BX-1__ligand.sdf	930	93	867.418	109.026	109.026	867.418	109.026	0	0.12569	sas_voromqa	867.418	2423.87
4wsf-1-4wsf_A-1-4wsf_B-1__receptor.pdb	4wsf-1-4wsf_A-1-4wsf_B-1__ligand.sdf	889	82	835.398	65.62	65.62	835.398	65.62	0	0.0785494	sas_voromqa	835.398	2327.52
4wsi-1-4wsi_A-1-4wsi_X-1__receptor.pdb	4wsi-1-4wsi_A-1-4wsi_X-1__ligand.sdf	2938	150	1001.13	-59.8943	-59.8943	1001.13	-59.8943	0	-0.0598267	sas_voromqa	1001.13	3804.63
4wv6-1-4wv6_A-1-4wv6_B-1__receptor.pdb	4wv6-1-4wv6_A-1-4wv6_B-1__ligand.sdf	3235	78	862.436	-57.2321	-57.2321	862.436	-57.2321	0	-0.066361	sas_voromqa	862.436	2263.28
4wv6-1-4wv6_A-1-4wv6_C-1__receptor.pdb	4wv6-1-4wv6_A-1-4wv6_C-1__ligand.sdf	3235	24	260.022	16.079	16.079	260.022	16.079	0	0.0618371	sas_voromqa	260.022	724.836
4wvi-1-4wvi_A-1-4wvi_D-1__receptor.pdb	4wvi-1-4wvi_A-1-4wvi_D-1__ligand.sdf	4014	61	609.654	24.5958	24.5958	609.654	24.5958	0	0.0403439	sas_voromqa	609.654	1647.72
4wvp-1-4wvp_E-1-4wvp_I-1__receptor.pdb	4wvp-1-4wvp_E-1-4wvp_I-1__ligand.sdf	1636	81	780.261	3.56359	-3.30142	775.021	-0.171664	0	0.00456718	sas_voromqa	780.261	2226.17
4wvp-2-4wvp_E-1-4wvp_I-2__receptor.pdb	4wvp-2-4wvp_E-1-4wvp_I-2__ligand.sdf	1636	81	1304.23	72.5937	35.6904	1276.05	52.5147	0	0.0556602	sas_voromqa	1304.23	2710.48
4wx4-1-4wx4_A-1-4wx4_C-1__receptor.pdb	4wx4-1-4wx4_A-1-4wx4_C-1__ligand.sdf	1587	95	812.416	-4.85798	-4.85798	812.416	-4.85798	0	-0.00597967	sas_voromqa	812.416	2481.33
4wyu-1-4wyu_A-1-4wyu_D-1__receptor.pdb	4wyu-1-4wyu_A-1-4wyu_D-1__ligand.sdf	1483	64	532.591	118.172	118.172	532.591	118.172	0	0.221881	sas_voromqa	532.591	1661.28
4wz9-1-4wz9_A-1-4wz9_M-1__receptor.pdb	4wz9-1-4wz9_A-1-4wz9_M-1__ligand.sdf	7017	29	306.839	21.37	21.37	306.839	21.37	0	0.0696456	sas_voromqa	306.839	845.484
4wzx-1-4wzx_A-1-4wzx_E-1__receptor.pdb	4wzx-1-4wzx_A-1-4wzx_E-1__ligand.sdf	676	142	1319.47	-162.4	-162.4	1319.47	-162.4	0	-0.12308	sas_voromqa	1319.47	3736.55
4x1h-1-4x1h_A-1-4x1h_C-1__receptor.pdb	4x1h-1-4x1h_A-1-4x1h_C-1__ligand.sdf	2592	85	539.288	-43.4725	-43.4725	539.288	-43.4725	0	-0.0806109	sas_voromqa	539.288	2155.42
4x1n-1-4x1n_U-1-4x1n_P-1__receptor.pdb	4x1n-1-4x1n_U-1-4x1n_P-1__ligand.sdf	1953	84	433.412	51.5916	51.5916	433.412	51.5916	0	0.119036	sas_voromqa	433.412	1892.98
4x1p-1-4x1p_U-1-4x1p_P-1__receptor.pdb	4x1p-1-4x1p_U-1-4x1p_P-1__ligand.sdf	1953	84	711.672	120.242	120.242	711.672	120.242	0	0.168957	sas_voromqa	711.672	2210.02
4x2h-1-4x2h_A-1-4x2h_C-1__receptor.pdb	4x2h-1-4x2h_A-1-4x2h_C-1__ligand.sdf	1517	51	365.939	-16.2335	-16.2335	365.939	-16.2335	0	-0.0443612	sas_voromqa	365.939	1224.29
4x34-1-4x34_A-1-4x34_C-1__receptor.pdb	4x34-1-4x34_A-1-4x34_C-1__ligand.sdf	960	93	1217.99	87.834	87.834	1217.99	87.834	0	0.0721139	sas_voromqa	1217.99	2844.86
4x34-2-4x34_B-1-4x34_D-1__receptor.pdb	4x34-2-4x34_B-1-4x34_D-1__ligand.sdf	955	77	677.524	121.008	121.008	677.524	121.008	0	0.178603	sas_voromqa	677.524	2086.55
4x5w-1-4x5w_A-1-4x5w_C-1__receptor.pdb	4x5w-1-4x5w_A-1-4x5w_C-1__ligand.sdf	1490	120	1677.03	42.7466	42.7466	1677.03	42.7466	0	0.0254895	sas_voromqa	1677.03	3750.28
4x5w-1-4x5w_B-1-4x5w_C-1__receptor.pdb	4x5w-1-4x5w_B-1-4x5w_C-1__ligand.sdf	1536	120	1709.98	128.578	128.578	1709.98	128.578	0	0.0751927	sas_voromqa	1709.98	3806.18
4x6z-1-4x6z_E-1-4x6z_e-1__receptor.pdb	4x6z-1-4x6z_E-1-4x6z_e-1__ligand.sdf	1861	27	500.179	-35.8801	-35.8801	500.179	-35.8801	0	-0.0717345	sas_voromqa	500.179	958.311
4x6z-1-4x6z_F-1-4x6z_e-1__receptor.pdb	4x6z-1-4x6z_F-1-4x6z_e-1__ligand.sdf	1784	27	333.661	-11.163	-11.163	333.661	-11.163	0	-0.0334561	sas_voromqa	333.661	797.886
4x9r-1-4x9r_A-1-4x9r_B-1__receptor.pdb	4x9r-1-4x9r_A-1-4x9r_B-1__ligand.sdf	1758	67	501.083	28.932	28.1803	500.509	28.523	0	0.0577389	sas_voromqa	501.083	1730.86
4xai-1-4xai_B-1-4xai_Q-1__receptor.pdb	4xai-1-4xai_B-1-4xai_Q-1__ligand.sdf	4432	140	1277.56	-65.1602	-65.1602	1277.56	-65.1602	0	-0.0510036	sas_voromqa	1277.56	3773.01
4xal-1-4xal_A-1-4xal_B-1__receptor.pdb	4xal-1-4xal_A-1-4xal_B-1__ligand.sdf	704	39	397.843	25.4721	25.4721	397.843	25.4721	0	0.0640255	sas_voromqa	397.843	1085.03
4xcf-1-4xcf_H-1-4xcf_P-1__receptor.pdb	4xcf-1-4xcf_H-1-4xcf_P-1__ligand.sdf	1607	148	1283.39	139.459	139.459	1283.39	139.459	0	0.108665	sas_voromqa	1283.39	3810.68
4xcf-1-4xcf_L-1-4xcf_P-1__receptor.pdb	4xcf-1-4xcf_L-1-4xcf_P-1__ligand.sdf	1638	148	1677.51	312.859	312.859	1677.51	312.859	0	0.186502	sas_voromqa	1677.51	4133.24
4xef-1-4xef_A-1-4xef_B-1__receptor.pdb	4xef-1-4xef_A-1-4xef_B-1__ligand.sdf	1028	112	970.428	-97.3609	-97.3609	970.428	-97.3609	0	-0.100328	sas_voromqa	970.428	2919.51
4xek-1-4xek_A-1-4xek_C-1__receptor.pdb	4xek-1-4xek_A-1-4xek_C-1__ligand.sdf	1034	106	867.953	40.5921	40.5921	867.953	40.5921	0	0.0467676	sas_voromqa	867.953	2778.74
4xes-1-4xes_A-1-4xes_B-1__receptor.pdb	4xes-1-4xes_A-1-4xes_B-1__ligand.sdf	3714	58	188.797	-17.5087	-17.5087	188.797	-17.5087	0	-0.0927382	sas_voromqa	188.797	1338.62
4xgz-10-4xgz_S-1-4xgz_s-1__receptor.pdb	4xgz-10-4xgz_S-1-4xgz_s-1__ligand.sdf	1612	99	793.072	-55.0451	-55.0451	793.072	-55.0451	0	-0.0694074	sas_voromqa	793.072	2630.65
4xh2-1-4xh2_A-1-4xh2_a-1__receptor.pdb	4xh2-1-4xh2_A-1-4xh2_a-1__ligand.sdf	1640	113	1049.53	-33.0782	-33.0782	1049.53	-33.0782	0	-0.0315172	sas_voromqa	1049.53	3029.91
4xh2-1-4xh2_B-1-4xh2_a-1__receptor.pdb	4xh2-1-4xh2_B-1-4xh2_a-1__ligand.sdf	1608	113	1322.8	-69.5191	-69.5191	1322.8	-69.5191	0	-0.0525545	sas_voromqa	1322.8	3254.99
4xh2-5-4xh2_L-1-4xh2_h-1__receptor.pdb	4xh2-5-4xh2_L-1-4xh2_h-1__ligand.sdf	1588	82	1085.87	6.45883	6.45883	1085.87	6.45883	0	0.00594807	sas_voromqa	1085.87	2509.32
4xhv-1-4xhv_A-1-4xhv_B-1__receptor.pdb	4xhv-1-4xhv_A-1-4xhv_B-1__ligand.sdf	679	91	971.734	49.4208	23.3024	951.795	35.2098	0	0.0508584	sas_voromqa	971.734	2470.57
4xi7-1-4xi7_A-1-4xi7_C-1__receptor.pdb	4xi7-1-4xi7_A-1-4xi7_C-1__ligand.sdf	2831	49	615.566	36.7001	36.7001	615.566	36.7001	0	0.0596201	sas_voromqa	615.566	1459.26
4xmh-1-4xmh_A-1-4xmh_B-1__receptor.pdb	4xmh-1-4xmh_A-1-4xmh_B-1__ligand.sdf	1469	13	135.484	-40.703	-40.703	135.484	-40.703	0	-0.300427	sas_voromqa	135.484	374.562
4xnh-1-4xnh_B-1-4xnh_F-1__receptor.pdb	4xnh-1-4xnh_B-1-4xnh_F-1__ligand.sdf	1611	51	485.626	34.3957	34.3957	485.626	34.3957	0	0.0708276	sas_voromqa	485.626	1380.7
4xod-1-4xod_A-1-4xod_B-1__receptor.pdb	4xod-1-4xod_A-1-4xod_B-1__ligand.sdf	2050	89	550.823	12.9014	12.9014	550.823	12.9014	0	0.023422	sas_voromqa	550.823	2151.91
4xoj-1-4xoj_A-1-4xoj_B-1__receptor.pdb	4xoj-1-4xoj_A-1-4xoj_B-1__ligand.sdf	1623	95	661.906	74.2593	74.2593	661.906	74.2593	0	0.11219	sas_voromqa	661.906	2353.83
4xpn-1-4xpn_A-1-4xpn_B-1__receptor.pdb	4xpn-1-4xpn_A-1-4xpn_B-1__ligand.sdf	2348	133	1449.67	67.508	67.508	1449.67	67.508	0	0.0465678	sas_voromqa	1449.67	3790.5
4xss-1-4xss_B-1-4xss_F-1__receptor.pdb	4xss-1-4xss_B-1-4xss_F-1__ligand.sdf	368	104	920.414	41.9614	41.9614	920.414	41.9614	0	0.0455897	sas_voromqa	920.414	2729.15
4xst-2-4xst_E-1-4xst_F-6__receptor.pdb	4xst-2-4xst_E-1-4xst_F-6__ligand.sdf	2292	139	1672.46	72.2841	72.2841	1672.46	72.2841	0	0.0432202	sas_voromqa	1672.46	3968.63
4xvj-1-4xvj_H-1-4xvj_A-1__receptor.pdb	4xvj-1-4xvj_H-1-4xvj_A-1__ligand.sdf	1027	110	937.1	-76.234	-76.234	937.1	-76.234	0	-0.081351	sas_voromqa	937.1	2798.97
4xvj-1-4xvj_L-1-4xvj_A-1__receptor.pdb	4xvj-1-4xvj_L-1-4xvj_A-1__ligand.sdf	827	110	1584.55	13.6796	13.6796	1584.55	13.6796	0	0.00863311	sas_voromqa	1584.55	3389.51
4xvu-1-4xvu_B-1-4xvu_a-1__receptor.pdb	4xvu-1-4xvu_B-1-4xvu_a-1__ligand.sdf	2404	125	1381.92	114.797	114.797	1381.92	114.797	0	0.0830707	sas_voromqa	1381.92	3598.22
4xvu-1-4xvu_H-1-4xvu_g-1__receptor.pdb	4xvu-1-4xvu_H-1-4xvu_g-1__ligand.sdf	2451	60	703.534	76.4291	76.4291	703.534	76.4291	0	0.108636	sas_voromqa	703.534	1762.99
4xwo-2-4xwo_H-1-4xwo_g-1__receptor.pdb	4xwo-2-4xwo_H-1-4xwo_g-1__ligand.sdf	2371	70	970.866	85.6471	85.6471	970.866	85.6471	0	0.0882172	sas_voromqa	970.866	2118.33
4xwo-4-4xwo_T-1-4xwo_s-1__receptor.pdb	4xwo-4-4xwo_T-1-4xwo_s-1__ligand.sdf	2402	105	1313.15	107.24	107.24	1313.15	107.24	0	0.0816662	sas_voromqa	1313.15	3067.4
4xxd-1-4xxd_B-1-4xxd_C-1__receptor.pdb	4xxd-1-4xxd_B-1-4xxd_C-1__ligand.sdf	1525	85	910.686	108.611	108.611	910.686	108.611	0	0.119263	sas_voromqa	910.686	2440.67
4xyi-1-4xyi_A-1-4xyi_B-1__receptor.pdb	4xyi-1-4xyi_A-1-4xyi_B-1__ligand.sdf	2977	102	869.097	-78.0761	-78.0761	869.097	-78.0761	0	-0.0898359	sas_voromqa	869.097	2737.23
4xyn-1-4xyn_A-1-4xyn_P-1__receptor.pdb	4xyn-1-4xyn_A-1-4xyn_P-1__ligand.sdf	729	76	829.71	3.48865	3.48865	829.71	3.48865	0	0.00420466	sas_voromqa	829.71	2150.23
4y19-1-4y19_E-1-4y19_C-1__receptor.pdb	4y19-1-4y19_E-1-4y19_C-1__ligand.sdf	1922	94	1649.44	-27.6654	-27.6654	1649.44	-27.6654	0	-0.0167726	sas_voromqa	1649.44	3249.48
4y3o-1-4y3o_A-1-4y3o_C-1__receptor.pdb	4y3o-1-4y3o_A-1-4y3o_C-1__ligand.sdf	3656	77	475.102	0.647281	0.647281	475.102	0.647281	0	0.0013624	sas_voromqa	475.102	1853.83
4y70-1-4y70_H-1-4y70_e-1__receptor.pdb	4y70-1-4y70_H-1-4y70_e-1__ligand.sdf	1684	27	202.653	13.5359	13.5359	202.653	13.5359	0	0.0667935	sas_voromqa	202.653	708.551
4y70-1-4y70_I-1-4y70_e-1__receptor.pdb	4y70-1-4y70_I-1-4y70_e-1__ligand.sdf	1581	27	516.732	39.5726	39.5726	516.732	39.5726	0	0.0765824	sas_voromqa	516.732	983.73
4y80-1-4y80_V-1-4y80_h-1__receptor.pdb	4y80-1-4y80_V-1-4y80_h-1__ligand.sdf	1684	28	542.113	39.872	39.872	542.113	39.872	0	0.0735492	sas_voromqa	542.113	1044.91
4y8l-1-4y8l_N-1-4y8l_d-1__receptor.pdb	4y8l-1-4y8l_N-1-4y8l_d-1__ligand.sdf	1512	36	309.423	32.9996	4.216	287.449	17.3384	0	0.106649	sas_voromqa	309.423	961.923
4y9w-1-4y9w_A-1-4y9w_B-1__receptor.pdb	4y9w-1-4y9w_A-1-4y9w_B-1__ligand.sdf	2441	48	243.659	-1.31463	-1.31463	243.659	-1.31463	0	-0.00539537	sas_voromqa	243.659	1188.52
4ycw-1-4ycw_A-1-4ycw_C-1__receptor.pdb	4ycw-1-4ycw_A-1-4ycw_C-1__ligand.sdf	3998	78	1032.3	111.3	111.3	1032.3	111.3	0	0.107817	sas_voromqa	1032.3	2404.53
4ycw-1-4ycw_A-1-4ycw_D-1__receptor.pdb	4ycw-1-4ycw_A-1-4ycw_D-1__ligand.sdf	3998	78	934.979	127.523	127.523	934.979	127.523	0	0.136391	sas_voromqa	934.979	2307.09
4ydv-1-4ydv_H-1-4ydv_P-1__receptor.pdb	4ydv-1-4ydv_H-1-4ydv_P-1__ligand.sdf	1675	83	851.083	113.014	113.014	851.083	113.014	0	0.132788	sas_voromqa	851.083	2264.66
4ydv-1-4ydv_L-1-4ydv_P-1__receptor.pdb	4ydv-1-4ydv_L-1-4ydv_P-1__ligand.sdf	1599	83	1251.44	196.142	196.142	1251.44	196.142	0	0.156733	sas_voromqa	1251.44	2629.15
4yec-1-4yec_A-1-4yec_C-1__receptor.pdb	4yec-1-4yec_A-1-4yec_C-1__ligand.sdf	977	35	564.851	39.0588	39.0588	564.851	39.0588	0	0.0691489	sas_voromqa	564.851	1201.48
4yec-1-4yec_B-1-4yec_C-1__receptor.pdb	4yec-1-4yec_B-1-4yec_C-1__ligand.sdf	1850	35	399.892	34.1995	34.1995	399.892	34.1995	0	0.0855218	sas_voromqa	399.892	1031.14
4yfb-1-4yfb_A-1-4yfb_B-1__receptor.pdb	4yfb-1-4yfb_A-1-4yfb_B-1__ligand.sdf	1295	110	1760.01	5.94322	5.94322	1760.01	5.94322	0	0.00337681	sas_voromqa	1760.01	3573.12
4yfb-1-4yfb_A-1-4yfb_E-1__receptor.pdb	4yfb-1-4yfb_A-1-4yfb_E-1__ligand.sdf	1295	106	1719.98	68.3378	68.3378	1719.98	68.3378	0	0.0397317	sas_voromqa	1719.98	3458.9
4yfb-1-4yfb_C-1-4yfb_B-1__receptor.pdb	4yfb-1-4yfb_C-1-4yfb_B-1__ligand.sdf	4353	110	1264.69	-66.4482	-66.4482	1264.69	-66.4482	0	-0.0525411	sas_voromqa	1264.69	3157.34
4yfb-1-4yfb_C-1-4yfb_E-1__receptor.pdb	4yfb-1-4yfb_C-1-4yfb_E-1__ligand.sdf	4353	106	1722.32	57.1438	57.1438	1722.32	57.1438	0	0.0331784	sas_voromqa	1722.32	3446.01
4yhp-1-4yhp_D-1-4yhp_Q-1__receptor.pdb	4yhp-1-4yhp_D-1-4yhp_Q-1__ligand.sdf	1620	89	1508.01	-47.0394	-47.0394	1508.01	-47.0394	0	-0.031193	sas_voromqa	1508.01	2952.94
4yhz-1-4yhz_H-1-4yhz_P-1__receptor.pdb	4yhz-1-4yhz_H-1-4yhz_P-1__ligand.sdf	1670	76	1258.75	-32.5989	-32.5989	1258.75	-32.5989	0	-0.0258978	sas_voromqa	1258.75	2523.97
4yhz-1-4yhz_H-1-4yhz_P-2__receptor.pdb	4yhz-1-4yhz_H-1-4yhz_P-2__ligand.sdf	1670	76	1388.77	-42.5946	-42.5946	1388.77	-42.5946	0	-0.0306707	sas_voromqa	1388.77	2597.99
4yhz-1-4yhz_L-1-4yhz_P-1__receptor.pdb	4yhz-1-4yhz_L-1-4yhz_P-1__ligand.sdf	1605	76	1361.53	-47.588	-47.588	1361.53	-47.588	0	-0.0349519	sas_voromqa	1361.53	2592.06
4yhz-1-4yhz_L-1-4yhz_P-2__receptor.pdb	4yhz-1-4yhz_L-1-4yhz_P-2__ligand.sdf	1605	76	951.368	10.5142	10.5142	951.368	10.5142	0	0.0110517	sas_voromqa	951.368	2272.84
4yj4-1-4yj4_A-1-4yj4_B-1__receptor.pdb	4yj4-1-4yj4_A-1-4yj4_B-1__ligand.sdf	1187	178	1284.55	78.0386	-47.9782	1188.34	9.47275	0	0.0607517	sas_voromqa	1284.55	4274.51
4yl6-1-4yl6_A-1-4yl6_B-1__receptor.pdb	4yl6-1-4yl6_A-1-4yl6_B-1__ligand.sdf	719	139	999.846	-15.0229	-15.0229	999.846	-15.0229	0	-0.0150252	sas_voromqa	999.846	3458.83
4ynl-1-4ynl_A-1-4ynl_C-1__receptor.pdb	4ynl-1-4ynl_A-1-4ynl_C-1__ligand.sdf	654	45	548.79	-76.5993	-76.5993	548.79	-76.5993	0	-0.139579	sas_voromqa	548.79	1282.06
4ynl-1-4ynl_A-1-4ynl_D-1__receptor.pdb	4ynl-1-4ynl_A-1-4ynl_D-1__ligand.sdf	654	45	606.102	-30.6058	-30.6058	606.102	-30.6058	0	-0.0504961	sas_voromqa	606.102	1360.93
4yo0-1-4yo0_A-1-4yo0_E-1__receptor.pdb	4yo0-1-4yo0_A-1-4yo0_E-1__ligand.sdf	1570	79	718.375	31.4718	31.4718	718.375	31.4718	0	0.0438097	sas_voromqa	718.375	2097.23
4yo0-1-4yo0_B-1-4yo0_E-1__receptor.pdb	4yo0-1-4yo0_B-1-4yo0_E-1__ligand.sdf	1605	79	1100.4	-1.62565	-1.62565	1100.4	-1.62565	0	-0.00147733	sas_voromqa	1100.4	2423.17
4yr6-1-4yr6_A-1-4yr6_C-1__receptor.pdb	4yr6-1-4yr6_A-1-4yr6_C-1__ligand.sdf	1616	81	966.477	34.6285	34.6285	966.477	34.6285	0	0.0358296	sas_voromqa	966.477	2355.5
4yr6-1-4yr6_B-1-4yr6_C-1__receptor.pdb	4yr6-1-4yr6_B-1-4yr6_C-1__ligand.sdf	1641	81	1015.29	54.9046	54.9046	1015.29	54.9046	0	0.0540778	sas_voromqa	1015.29	2384.19
4ysi-1-4ysi_A-1-4ysi_B-1__receptor.pdb	4ysi-1-4ysi_A-1-4ysi_B-1__ligand.sdf	1146	47	467.829	7.63246	7.63246	467.829	7.63246	0	0.0163146	sas_voromqa	467.829	1228.4
4yv8-1-4yv8_A-1-4yv8_B-1__receptor.pdb	4yv8-1-4yv8_A-1-4yv8_B-1__ligand.sdf	1636	35	357.289	-66.1623	-66.1623	357.289	-66.1623	0	-0.185179	sas_voromqa	357.289	990.851
4yv9-1-4yv9_A-1-4yv9_E-1__receptor.pdb	4yv9-1-4yv9_A-1-4yv9_E-1__ligand.sdf	2154	85	421.582	35.5672	35.5672	421.582	35.5672	0	0.084366	sas_voromqa	421.582	2163.69
4yv9-1-4yv9_B-1-4yv9_E-1__receptor.pdb	4yv9-1-4yv9_B-1-4yv9_E-1__ligand.sdf	2228	85	990.243	83.7438	83.7438	990.243	83.7438	0	0.0845689	sas_voromqa	990.243	2609.7
4yxb-1-4yxb_A-1-4yxb_C-1__receptor.pdb	4yxb-1-4yxb_A-1-4yxb_C-1__ligand.sdf	1157	44	500.156	21.0495	21.0495	500.156	21.0495	0	0.0420859	sas_voromqa	500.156	1270.95
4yy6-1-4yy6_A-1-4yy6_Z-1__receptor.pdb	4yy6-1-4yy6_A-1-4yy6_Z-1__ligand.sdf	831	71	939.765	17.3082	17.3082	939.765	17.3082	0	0.0184176	sas_voromqa	939.765	2199.95
4yym-1-4yym_A-1-4yym_Z-1__receptor.pdb	4yym-1-4yym_A-1-4yym_Z-1__ligand.sdf	1077	52	789.875	66.3165	66.3165	789.875	66.3165	0	0.0839582	sas_voromqa	789.875	1715.99
4yyn-1-4yyn_B-1-4yyn_Z-1__receptor.pdb	4yyn-1-4yyn_B-1-4yyn_Z-1__ligand.sdf	1044	77	1082.6	-4.75121	-4.75121	1082.6	-4.75121	0	-0.0043887	sas_voromqa	1082.6	2415.45
4yzh-1-4yzh_A-1-4yzh_B-1__receptor.pdb	4yzh-1-4yzh_A-1-4yzh_B-1__ligand.sdf	2292	79	755.243	-10.4111	-11.8062	754.179	-11.1702	0	-0.0137851	sas_voromqa	755.243	2186.07
4z0r-2-4z0r_B-1-4z0r_D-1__receptor.pdb	4z0r-2-4z0r_B-1-4z0r_D-1__ligand.sdf	466	80	964.329	61.055	-96.2383	844.25	-24.5283	0	0.0633135	sas_voromqa	964.329	2412.06
4z0u-1-4z0u_A-1-4z0u_D-1__receptor.pdb	4z0u-1-4z0u_A-1-4z0u_D-1__ligand.sdf	1238	35	212.226	-33.9454	-33.9454	212.226	-33.9454	0	-0.159949	sas_voromqa	212.226	820.771
4z0x-1-4z0x_A-1-4z0x_C-1__receptor.pdb	4z0x-1-4z0x_A-1-4z0x_C-1__ligand.sdf	784	101	1204.77	191.255	191.255	1204.77	191.255	0	0.158748	sas_voromqa	1204.77	2918.72
4z0x-1-4z0x_B-1-4z0x_C-1__receptor.pdb	4z0x-1-4z0x_B-1-4z0x_C-1__ligand.sdf	917	101	1117.75	120.336	120.336	1117.75	120.336	0	0.107659	sas_voromqa	1117.75	2818.34
4z0z-1-4z0z_A-2-4z0z_E-2__receptor.pdb	4z0z-1-4z0z_A-2-4z0z_E-2__ligand.sdf	2775	77	941.324	164.092	164.092	941.324	164.092	0	0.17432	sas_voromqa	941.324	2210.38
4z0z-1-4z0z_A-2-4z0z_H-1__receptor.pdb	4z0z-1-4z0z_A-2-4z0z_H-1__ligand.sdf	2775	64	724.744	88.748	88.748	724.744	88.748	0	0.122454	sas_voromqa	724.744	1836.31
4z10-1-4z10_C-1-4z10_G-1__receptor.pdb	4z10-1-4z10_C-1-4z10_G-1__ligand.sdf	2755	89	938.765	118.73	118.73	938.765	118.73	0	0.126475	sas_voromqa	938.765	2465.76
4z2o-1-4z2o_A-1-4z2o_P-1__receptor.pdb	4z2o-1-4z2o_A-1-4z2o_P-1__ligand.sdf	956	79	783.148	-12.9126	-12.9126	783.148	-12.9126	0	-0.0164881	sas_voromqa	783.148	2190.85
4z5w-1-4z5w_A-1-4z5w_Q-1__receptor.pdb	4z5w-1-4z5w_A-1-4z5w_Q-1__ligand.sdf	4586	57	151.136	-50.9802	-55.3695	147.785	-53.3684	0	-0.337313	sas_voromqa	151.136	1135.91
4z63-1-4z63_A-1-4z63_P-1__receptor.pdb	4z63-1-4z63_A-1-4z63_P-1__ligand.sdf	4748	57	143.559	-44.0116	-48.9646	139.778	-46.7065	0	-0.306575	sas_voromqa	143.559	1160.91
4z7v-1-4z7v_G-1-4z7v_J-1__receptor.pdb	4z7v-1-4z7v_G-1-4z7v_J-1__ligand.sdf	1524	95	1694.6	55.0406	55.0406	1694.6	55.0406	0	0.03248	sas_voromqa	1694.6	3141.87
4z7w-1-4z7w_G-1-4z7w_J-1__receptor.pdb	4z7w-1-4z7w_G-1-4z7w_J-1__ligand.sdf	1419	111	2030.43	60.0444	60.0444	2030.43	60.0444	0	0.0295723	sas_voromqa	2030.43	3725.53
4z7w-1-4z7w_H-1-4z7w_J-1__receptor.pdb	4z7w-1-4z7w_H-1-4z7w_J-1__ligand.sdf	1847	111	1840.42	84.3254	84.3254	1840.42	84.3254	0	0.0458186	sas_voromqa	1840.42	3581.68
4z88-10-4z88_J-1-4z88_V-1__receptor.pdb	4z88-10-4z88_J-1-4z88_V-1__ligand.sdf	550	63	811.677	-101.632	-101.632	811.677	-101.632	0	-0.125212	sas_voromqa	811.677	1911.88
4z8a-1-4z8a_A-1-4z8a_B-1__receptor.pdb	4z8a-1-4z8a_A-1-4z8a_B-1__ligand.sdf	587	117	1457.51	39.4565	39.4565	1457.51	39.4565	0	0.0270712	sas_voromqa	1457.51	3414.42
4z96-1-4z96_A-1-4z96_C-1__receptor.pdb	4z96-1-4z96_A-1-4z96_C-1__ligand.sdf	4041	43	422.34	-3.86665	-3.86665	422.34	-3.86665	0	-0.0091553	sas_voromqa	422.34	1210.96
4z9v-1-4z9v_A-1-4z9v_E-1__receptor.pdb	4z9v-1-4z9v_A-1-4z9v_E-1__ligand.sdf	1233	170	2153.38	-95.7014	-95.7014	2153.38	-95.7014	0	-0.0444424	sas_voromqa	2153.38	5068.29
4z9v-1-4z9v_A-1-4z9v_F-1__receptor.pdb	4z9v-1-4z9v_A-1-4z9v_F-1__ligand.sdf	1233	164	1977.99	-97.3631	-129.643	1953.35	-114.927	0	-0.0492233	sas_voromqa	1977.99	4869
4z9v-1-4z9v_A-1-4z9v_G-1__receptor.pdb	4z9v-1-4z9v_A-1-4z9v_G-1__ligand.sdf	1233	171	2112	-38.4731	-38.4731	2112	-38.4731	0	-0.0182164	sas_voromqa	2112	5023.19
4z9v-1-4z9v_A-1-4z9v_H-1__receptor.pdb	4z9v-1-4z9v_A-1-4z9v_H-1__ligand.sdf	1233	172	1579.39	-45.638	-126.199	1517.89	-89.4715	0	-0.028896	sas_voromqa	1579.39	4679.27
4zfz-1-4zfz_A-1-4zfz_C-1__receptor.pdb	4zfz-1-4zfz_A-1-4zfz_C-1__ligand.sdf	2234	43	192.445	2.30174	2.30174	192.445	2.30174	0	0.0119605	sas_voromqa	192.445	1073.35
4zhb-1-4zhb_A-1-4zhb_B-1__receptor.pdb	4zhb-1-4zhb_A-1-4zhb_B-1__ligand.sdf	837	35	435.742	-3.2287	-3.2287	435.742	-3.2287	0	-0.00740966	sas_voromqa	435.742	1046.42
4zif-1-4zif_A-1-4zif_B-1__receptor.pdb	4zif-1-4zif_A-1-4zif_B-1__ligand.sdf	1114	133	907.226	-51.3787	-51.3787	907.226	-51.3787	0	-0.0566327	sas_voromqa	907.226	3194.8
4zkn-1-4zkn_U-1-4zkn_P-1__receptor.pdb	4zkn-1-4zkn_U-1-4zkn_P-1__ligand.sdf	1935	93	707.42	-40.9423	-40.9423	707.42	-40.9423	0	-0.0578755	sas_voromqa	707.42	2345.82
4zko-1-4zko_U-1-4zko_P-1__receptor.pdb	4zko-1-4zko_U-1-4zko_P-1__ligand.sdf	1951	16	102.237	8.08137	8.08137	102.237	8.08137	0	0.0790455	sas_voromqa	102.237	398.995
4zko-1-4zko_U-1-4zko_Q-1__receptor.pdb	4zko-1-4zko_U-1-4zko_Q-1__ligand.sdf	1951	12	190.356	16.3917	16.3917	190.356	16.3917	0	0.0861108	sas_voromqa	190.356	413.992
4znx-1-4znx_A-1-4znx_E-1__receptor.pdb	4znx-1-4znx_A-1-4znx_E-1__ligand.sdf	453	78	969.05	-0.651274	-0.651274	969.05	-0.651274	0	-0.000672075	sas_voromqa	969.05	2264.43
4znx-1-4znx_A-1-4znx_F-1__receptor.pdb	4znx-1-4znx_A-1-4znx_F-1__ligand.sdf	453	78	1133.54	-23.4866	-23.4866	1133.54	-23.4866	0	-0.0207197	sas_voromqa	1133.54	2421.87
4zox-1-4zox_A-1-4zox_B-1__receptor.pdb	4zox-1-4zox_A-1-4zox_B-1__ligand.sdf	2889	126	947.08	21.9074	21.9074	947.08	21.9074	0	0.0231315	sas_voromqa	947.08	3186.65
4zoz-1-4zoz_A-1-4zoz_Y-1__receptor.pdb	4zoz-1-4zoz_A-1-4zoz_Y-1__ligand.sdf	2907	106	789.32	64.8111	64.8111	789.32	64.8111	0	0.08211	sas_voromqa	789.32	2714.45
4zri-2-4zri_B-1-4zri_D-1__receptor.pdb	4zri-2-4zri_B-1-4zri_D-1__ligand.sdf	2278	151	1425.72	86.3428	86.3428	1425.72	86.3428	0	0.0605608	sas_voromqa	1425.72	4038.43
4zro-1-4zro_A-1-4zro_E-1__receptor.pdb	4zro-1-4zro_A-1-4zro_E-1__ligand.sdf	2294	44	271.144	18.2755	18.2755	271.144	18.2755	0	0.0674015	sas_voromqa	271.144	1107.48
4zrt-1-4zrt_A-1-4zrt_B-1__receptor.pdb	4zrt-1-4zrt_A-1-4zrt_B-1__ligand.sdf	2396	52	528.38	-32.1891	-32.1891	528.38	-32.1891	0	-0.0609204	sas_voromqa	528.38	1376.02
4ztd-1-4ztd_C-1-4ztd_F-1__receptor.pdb	4ztd-1-4ztd_C-1-4ztd_F-1__ligand.sdf	1938	23	236.98	11.9006	11.9006	236.98	11.9006	0	0.0502177	sas_voromqa	236.98	674.867
4zto-1-4zto_H-1-4zto_P-1__receptor.pdb	4zto-1-4zto_H-1-4zto_P-1__ligand.sdf	1622	80	1249.79	104.728	104.728	1249.79	104.728	0	0.0837965	sas_voromqa	1249.79	2609.4
4zto-1-4zto_L-1-4zto_P-1__receptor.pdb	4zto-1-4zto_L-1-4zto_P-1__ligand.sdf	1616	80	1246.18	123.068	123.068	1246.18	123.068	0	0.0987562	sas_voromqa	1246.18	2586.7
4zu6-1-4zu6_X-1-4zu6_B-1__receptor.pdb	4zu6-1-4zu6_X-1-4zu6_B-1__ligand.sdf	2228	29	131.313	-7.39255	-7.39255	131.313	-7.39255	0	-0.0562972	sas_voromqa	131.313	712.965
4zuu-1-4zuu_A-1-4zuu_C-1__receptor.pdb	4zuu-1-4zuu_A-1-4zuu_C-1__ligand.sdf	2225	70	404.532	23.3757	23.3757	404.532	23.3757	0	0.0577846	sas_voromqa	404.532	1656.27
4zzj-1-4zzj_A-1-4zzj_B-1__receptor.pdb	4zzj-1-4zzj_A-1-4zzj_B-1__ligand.sdf	2743	69	687.191	74.6216	74.6216	687.191	74.6216	0	0.108589	sas_voromqa	687.191	1943.95
5a29-1-5a29_A-1-5a29_B-1__receptor.pdb	5a29-1-5a29_A-1-5a29_B-1__ligand.sdf	4397	149	974.888	29.5382	29.5382	974.888	29.5382	0	0.0302991	sas_voromqa	974.888	3588.74
5aa2-1-5aa2_A-1-5aa2_E-1__receptor.pdb	5aa2-1-5aa2_A-1-5aa2_E-1__ligand.sdf	3359	42	50.2816	6.8704	6.8704	50.2816	6.8704	0	0.136638	sas_voromqa	50.2816	705.459
5ab0-1-5ab0_A-1-5ab0_E-1__receptor.pdb	5ab0-1-5ab0_A-1-5ab0_E-1__ligand.sdf	7398	93	283.738	32.9992	32.9992	283.738	32.9992	0	0.116302	sas_voromqa	283.738	2019.23
5ab2-1-5ab2_A-1-5ab2_C-1__receptor.pdb	5ab2-1-5ab2_A-1-5ab2_C-1__ligand.sdf	7294	42	166.745	35.7072	35.7072	166.745	35.7072	0	0.214143	sas_voromqa	166.745	974.017
5aei-1-5aei_A-1-5aei_D-1__receptor.pdb	5aei-1-5aei_A-1-5aei_D-1__ligand.sdf	2081	101	832.19	-78.4133	-78.4133	832.19	-78.4133	0	-0.0942252	sas_voromqa	832.19	2660.58
5aer-1-5aer_A-1-5aer_B-1__receptor.pdb	5aer-1-5aer_A-1-5aer_B-1__ligand.sdf	1476	122	785.187	-78.7678	-78.7678	785.187	-78.7678	0	-0.100317	sas_voromqa	785.187	2962.37
5aer-1-5aer_A-1-5aer_C-1__receptor.pdb	5aer-1-5aer_A-1-5aer_C-1__ligand.sdf	1476	122	1014.21	-22.4593	-22.4593	1014.21	-22.4593	0	-0.0221446	sas_voromqa	1014.21	3184.46
5afp-1-5afp_B-1-5afp_C-1__receptor.pdb	5afp-1-5afp_B-1-5afp_C-1__ligand.sdf	1402	86	376.728	-22.5126	-22.5126	376.728	-22.5126	0	-0.0597582	sas_voromqa	376.728	1955.31
5afw-1-5afw_A-1-5afw_B-1__receptor.pdb	5afw-1-5afw_A-1-5afw_B-1__ligand.sdf	1353	62	673.205	-40.0985	-40.0985	673.205	-40.0985	0	-0.0595636	sas_voromqa	673.205	1780
5afy-1-5afy_H-1-5afy_I-1__receptor.pdb	5afy-1-5afy_H-1-5afy_I-1__ligand.sdf	1997	72	828.37	41.2115	41.2115	828.37	41.2115	0	0.0497501	sas_voromqa	828.37	2164.94
5agv-2-5agv_B-2-5agv_D-2__receptor.pdb	5agv-2-5agv_B-2-5agv_D-2__ligand.sdf	2872	85	596.682	45.058	45.058	596.682	45.058	0	0.0755143	sas_voromqa	596.682	2160.54
5ah2-1-5ah2_C-1-5ah2_G-1__receptor.pdb	5ah2-1-5ah2_C-1-5ah2_G-1__ligand.sdf	2757	79	649.561	51.5752	51.5752	649.561	51.5752	0	0.0794001	sas_voromqa	649.561	2077.36
5ajo-1-5ajo_A-1-5ajo_B-1__receptor.pdb	5ajo-1-5ajo_A-1-5ajo_B-1__ligand.sdf	3967	101	736.59	37.5108	37.5108	736.59	37.5108	0	0.0509249	sas_voromqa	736.59	2573.06
5amb-1-5amb_A-1-5amb_P-1__receptor.pdb	5amb-1-5amb_A-1-5amb_P-1__ligand.sdf	4952	14	64.7011	-3.4593	-3.4593	64.7011	-3.4593	0	-0.0534659	sas_voromqa	64.7011	337.389
5aph-1-5aph_A-1-5aph_C-1__receptor.pdb	5aph-1-5aph_A-1-5aph_C-1__ligand.sdf	2055	104	1079.56	-26.1775	-26.1775	1079.56	-26.1775	0	-0.0242483	sas_voromqa	1079.56	2927.18
5apk-1-5apk_A-1-5apk_D-1__receptor.pdb	5apk-1-5apk_A-1-5apk_D-1__ligand.sdf	1874	115	959.854	32.4435	32.4435	959.854	32.4435	0	0.0338005	sas_voromqa	959.854	2986.31
5aul-1-5aul_A-1-5aul_B-1__receptor.pdb	5aul-1-5aul_A-1-5aul_B-1__ligand.sdf	852	55	490.453	-41.2986	-41.4874	490.309	-41.4014	0	-0.084205	sas_voromqa	490.453	1445.17
5aum-1-5aum_H-1-5aum_C-1__receptor.pdb	5aum-1-5aum_H-1-5aum_C-1__ligand.sdf	1566	94	855.252	-45.3238	-45.3238	855.252	-45.3238	0	-0.0529947	sas_voromqa	855.252	2461.64
5aum-1-5aum_L-1-5aum_C-1__receptor.pdb	5aum-1-5aum_L-1-5aum_C-1__ligand.sdf	1641	94	1133.13	13.8799	13.8799	1133.13	13.8799	0	0.0122492	sas_voromqa	1133.13	2758.32
5awu-1-5awu_A-1-5awu_B-1__receptor.pdb	5awu-1-5awu_A-1-5awu_B-1__ligand.sdf	2049	88	745.749	87.1739	87.1739	745.749	87.1739	0	0.116894	sas_voromqa	745.749	2242.74
5awv-1-5awv_A-1-5awv_K-1__receptor.pdb	5awv-1-5awv_A-1-5awv_K-1__ligand.sdf	3856	133	773.879	76.3557	65.1793	765.347	70.2746	0	0.0986662	sas_voromqa	773.879	3012.97
5awv-1-5awv_A-1-5awv_O-1__receptor.pdb	5awv-1-5awv_A-1-5awv_O-1__ligand.sdf	3856	146	1503.04	59.4733	20.49	1473.28	38.2624	0	0.0395687	sas_voromqa	1503.04	3815.02
5awv-1-5awv_B-1-5awv_I-1__receptor.pdb	5awv-1-5awv_B-1-5awv_I-1__ligand.sdf	3856	110	1072.97	215.844	139.077	1014.37	174.075	0	0.201165	sas_voromqa	1072.97	2810.91
5awv-1-5awv_B-1-5awv_P-1__receptor.pdb	5awv-1-5awv_B-1-5awv_P-1__ligand.sdf	3856	133	1502.8	177.878	127.064	1464.01	150.23	0	0.118364	sas_voromqa	1502.8	3573.32
5awv-1-5awv_C-1-5awv_J-1__receptor.pdb	5awv-1-5awv_C-1-5awv_J-1__ligand.sdf	3856	110	1141.49	286.012	168.143	1051.51	221.88	0	0.25056	sas_voromqa	1141.49	2874.08
5az8-1-5az8_A-1-5az8_B-1__receptor.pdb	5az8-1-5az8_A-1-5az8_B-1__ligand.sdf	3372	101	761.337	2.02479	2.02479	761.337	2.02479	0	0.00265952	sas_voromqa	761.337	2643.89
5azf-1-5azf_A-1-5azf_C-1__receptor.pdb	5azf-1-5azf_A-1-5azf_C-1__ligand.sdf	1009	41	258.498	-30.8383	-30.8383	258.498	-30.8383	0	-0.119298	sas_voromqa	258.498	952.916
5b4w-1-5b4w_A-1-5b4w_G-1__receptor.pdb	5b4w-1-5b4w_A-1-5b4w_G-1__ligand.sdf	3298	144	1169.39	145.381	145.381	1169.39	145.381	0	0.124322	sas_voromqa	1169.39	3702.64
5b5u-1-5b5u_A-1-5b5u_C-1__receptor.pdb	5b5u-1-5b5u_A-1-5b5u_C-1__ligand.sdf	1340	30	394.061	6.64794	6.64794	394.061	6.64794	0	0.0168703	sas_voromqa	394.061	943.465
5b5u-1-5b5u_A-1-5b5u_E-1__receptor.pdb	5b5u-1-5b5u_A-1-5b5u_E-1__ligand.sdf	1340	30	468.325	6.8698	6.8698	468.325	6.8698	0	0.0146689	sas_voromqa	468.325	1009.69
5b6c-1-5b6c_A-1-5b6c_B-1__receptor.pdb	5b6c-1-5b6c_A-1-5b6c_B-1__ligand.sdf	1380	86	816.897	-63.9114	-63.9114	816.897	-63.9114	0	-0.0782368	sas_voromqa	816.897	2296.32
5b74-1-5b74_B-1-5b74_D-1__receptor.pdb	5b74-1-5b74_B-1-5b74_D-1__ligand.sdf	972	30	499.616	13.2092	13.2092	499.616	13.2092	0	0.0264387	sas_voromqa	499.616	1017.27
5bn6-1-5bn6_E-1-5bn6_A-1__receptor.pdb	5bn6-1-5bn6_E-1-5bn6_A-1__ligand.sdf	1035	118	1470.18	95.1574	95.1574	1470.18	95.1574	0	0.064725	sas_voromqa	1470.18	3460.08
5bn6-1-5bn6_E-1-5bn6_B-1__receptor.pdb	5bn6-1-5bn6_E-1-5bn6_B-1__ligand.sdf	1035	128	1821.48	137.183	137.183	1821.48	137.183	0	0.075314	sas_voromqa	1821.48	3934.24
5bn6-1-5bn6_E-1-5bn6_D-1__receptor.pdb	5bn6-1-5bn6_E-1-5bn6_D-1__ligand.sdf	1035	118	1768.55	154.257	154.257	1768.55	154.257	0	0.0872223	sas_voromqa	1768.55	3721.29
5bpu-1-5bpu_A-1-5bpu_H-1__receptor.pdb	5bpu-1-5bpu_A-1-5bpu_H-1__ligand.sdf	866	59	785.137	-89.0217	-89.0217	785.137	-89.0217	0	-0.113384	sas_voromqa	785.137	1768.04
5bpu-2-5bpu_D-1-5bpu_H-1__receptor.pdb	5bpu-2-5bpu_D-1-5bpu_H-1__ligand.sdf	804	59	829.379	-61.5471	-61.5471	829.379	-61.5471	0	-0.0742087	sas_voromqa	829.379	1828.1
5brm-1-5brm_D-1-5brm_J-1__receptor.pdb	5brm-1-5brm_D-1-5brm_J-1__ligand.sdf	1218	118	1240.09	-10.6344	-12.5602	1238.62	-11.6823	0	-0.00857551	sas_voromqa	1240.09	3340.25
5brm-1-5brm_D-1-5brm_O-1__receptor.pdb	5brm-1-5brm_D-1-5brm_O-1__ligand.sdf	1218	67	797.597	30.7925	30.7925	797.597	30.7925	0	0.0386066	sas_voromqa	797.597	1990.27
5bs0-1-5bs0_D-1-5bs0_C-1__receptor.pdb	5bs0-1-5bs0_D-1-5bs0_C-1__ligand.sdf	1506	72	1224.46	25.9123	25.9123	1224.46	25.9123	0	0.0211622	sas_voromqa	1224.46	2382.49
5bs0-1-5bs0_E-1-5bs0_C-1__receptor.pdb	5bs0-1-5bs0_E-1-5bs0_C-1__ligand.sdf	1914	72	1147.55	-4.31217	-4.31217	1147.55	-4.31217	0	-0.00375772	sas_voromqa	1147.55	2339.46
5bs2-1-5bs2_B-1-5bs2_R-1__receptor.pdb	5bs2-1-5bs2_B-1-5bs2_R-1__ligand.sdf	880	52	641.93	124.866	124.866	641.93	124.866	0	0.194517	sas_voromqa	641.93	1551.27
5bw8-1-5bw8_B-1-5bw8_Z-1__receptor.pdb	5bw8-1-5bw8_B-1-5bw8_Z-1__ligand.sdf	2412	65	848.877	68.6818	68.6818	848.877	68.6818	0	0.080909	sas_voromqa	848.877	1980.32
5bxo-1-5bxo_A-1-5bxo_C-1__receptor.pdb	5bxo-1-5bxo_A-1-5bxo_C-1__ligand.sdf	1223	74	750.803	-97.7418	-97.7418	750.803	-97.7418	0	-0.130183	sas_voromqa	750.803	1946.49
5c0c-1-5c0c_I-1-5c0c_C-1__receptor.pdb	5c0c-1-5c0c_I-1-5c0c_C-1__ligand.sdf	1570	85	1294.57	59.5771	59.5771	1294.57	59.5771	0	0.0460208	sas_voromqa	1294.57	2680.48
5c0c-1-5c0c_J-1-5c0c_C-1__receptor.pdb	5c0c-1-5c0c_J-1-5c0c_C-1__ligand.sdf	1982	85	1320.4	45.7435	45.7435	1320.4	45.7435	0	0.0346437	sas_voromqa	1320.4	2710.24
5c13-1-5c13_A-1-5c13_F-1__receptor.pdb	5c13-1-5c13_A-1-5c13_F-1__ligand.sdf	476	51	760.086	-31.8324	-31.8324	760.086	-31.8324	0	-0.04188	sas_voromqa	760.086	1645.09
5c26-1-5c26_A-1-5c26_B-1__receptor.pdb	5c26-1-5c26_A-1-5c26_B-1__ligand.sdf	2205	55	564.605	-90.8379	-92.8629	563.059	-91.9397	0	-0.160888	sas_voromqa	564.605	1507.14
5c3l-1-5c3l_C-1-5c3l_H-1__receptor.pdb	5c3l-1-5c3l_C-1-5c3l_H-1__ligand.sdf	1027	70	972.2	69.0948	69.0948	972.2	69.0948	0	0.0710706	sas_voromqa	972.2	2137.74
5c56-1-5c56_A-1-5c56_B-1__receptor.pdb	5c56-1-5c56_A-1-5c56_B-1__ligand.sdf	4336	104	1183.89	-59.6668	-59.6668	1183.89	-59.6668	0	-0.0503989	sas_voromqa	1183.89	3006.86
5c5e-1-5c5e_A-1-5c5e_H-1__receptor.pdb	5c5e-1-5c5e_A-1-5c5e_H-1__ligand.sdf	2288	156	1554.11	-121.902	-121.902	1554.11	-121.902	0	-0.0784385	sas_voromqa	1554.11	4313.47
5c5e-1-5c5e_B-1-5c5e_H-1__receptor.pdb	5c5e-1-5c5e_B-1-5c5e_H-1__ligand.sdf	2288	156	1679.06	-154.054	-154.054	1679.06	-154.054	0	-0.0917501	sas_voromqa	1679.06	4391.94
5c6d-1-5c6d_A-1-5c6d_C-1__receptor.pdb	5c6d-1-5c6d_A-1-5c6d_C-1__ligand.sdf	2445	101	1330.26	7.50792	7.50792	1330.26	7.50792	0	0.00564395	sas_voromqa	1330.26	3019.48
5cfa-1-5cfa_A-1-5cfa_C-1__receptor.pdb	5cfa-1-5cfa_A-1-5cfa_C-1__ligand.sdf	2538	78	419.558	74.4895	74.4895	419.558	74.4895	0	0.177543	sas_voromqa	419.558	1807.14
5cgh-1-5cgh_L-1-5cgh_e-1__receptor.pdb	5cgh-1-5cgh_L-1-5cgh_e-1__ligand.sdf	1757	43	739.701	243.24	153.404	671.119	194.36	0	0.328836	sas_voromqa	739.701	1499.96
5cgn-1-5cgn_E-1-5cgn_D-1__receptor.pdb	5cgn-1-5cgn_E-1-5cgn_D-1__ligand.sdf	159	158	1990.78	302.675	302.675	1990.78	302.675	0	0.152038	sas_voromqa	1990.78	4647.23
5cgn-2-5cgn_E-3-5cgn_B-1__receptor.pdb	5cgn-2-5cgn_E-3-5cgn_B-1__ligand.sdf	159	158	2067	355.566	227.446	1969.2	285.856	0	0.17202	sas_voromqa	2067	4728.42
5cgn-2-5cgn_G-2-5cgn_A-1__receptor.pdb	5cgn-2-5cgn_G-2-5cgn_A-1__ligand.sdf	159	157	1947.54	267.799	131.448	1843.45	193.611	0	0.137506	sas_voromqa	1947.54	4607.28
5cgn-2-5cgn_G-2-5cgn_B-1__receptor.pdb	5cgn-2-5cgn_G-2-5cgn_B-1__ligand.sdf	159	158	2006.49	333.355	165.729	1878.52	242.15	0	0.166138	sas_voromqa	2006.49	4677.78
5cgn-2-5cgn_G-2-5cgn_D-1__receptor.pdb	5cgn-2-5cgn_G-2-5cgn_D-1__ligand.sdf	159	158	1864.96	259.651	259.651	1864.96	259.651	0	0.139226	sas_voromqa	1864.96	4547.72
5cgo-2-5cgo_A-1-5cgo_C-1__receptor.pdb	5cgo-2-5cgo_A-1-5cgo_C-1__ligand.sdf	167	175	2013.85	159.474	159.474	2013.85	159.474	0	0.0791886	sas_voromqa	2013.85	5063.76
5cgo-2-5cgo_B-2-5cgo_C-1__receptor.pdb	5cgo-2-5cgo_B-2-5cgo_C-1__ligand.sdf	161	175	2227.39	196.146	196.146	2227.39	196.146	0	0.0880609	sas_voromqa	2227.39	5209.47
5ciu-1-5ciu_A-1-5ciu_D-1__receptor.pdb	5ciu-1-5ciu_A-1-5ciu_D-1__ligand.sdf	1022	50	614.131	25.8056	25.8056	614.131	25.8056	0	0.0420197	sas_voromqa	614.131	1507.1
5co5-1-5co5_A-1-5co5_C-1__receptor.pdb	5co5-1-5co5_A-1-5co5_C-1__ligand.sdf	1653	109	896.595	64.7839	64.7839	896.595	64.7839	0	0.0722555	sas_voromqa	896.595	2722.98
5co5-1-5co5_A-1-5co5_F-1__receptor.pdb	5co5-1-5co5_A-1-5co5_F-1__ligand.sdf	1653	109	947.411	61.3223	61.3223	947.411	61.3223	0	0.0647262	sas_voromqa	947.411	2768.62
5cp0-1-5cp0_A-1-5cp0_C-1__receptor.pdb	5cp0-1-5cp0_A-1-5cp0_C-1__ligand.sdf	1303	20	89.6344	-19.3348	-19.3348	89.6344	-19.3348	0	-0.215707	sas_voromqa	89.6344	485.925
5cq2-1-5cq2_A-1-5cq2_B-1__receptor.pdb	5cq2-1-5cq2_A-1-5cq2_B-1__ligand.sdf	604	94	1166.54	148.6	27.2347	1073.89	82.5649	0	0.127385	sas_voromqa	1166.54	2749.06
5cq2-1-5cq2_A-1-5cq2_B-2__receptor.pdb	5cq2-1-5cq2_A-1-5cq2_B-2__ligand.sdf	604	94	1488.18	197.513	76.1486	1395.53	131.479	0	0.132721	sas_voromqa	1488.18	3040.01
5cq2-1-5cq2_A-1-5cq2_C-1__receptor.pdb	5cq2-1-5cq2_A-1-5cq2_C-1__ligand.sdf	604	90	959.496	119.252	-2.7456	866.362	52.8731	0	0.124286	sas_voromqa	959.496	2510.25
5cq9-1-5cq9_A-1-5cq9_C-1__receptor.pdb	5cq9-1-5cq9_A-1-5cq9_C-1__ligand.sdf	2243	45	663.911	53.3646	53.3646	663.911	53.3646	0	0.0803791	sas_voromqa	663.911	1438.37
5cq9-2-5cq9_B-1-5cq9_D-1__receptor.pdb	5cq9-2-5cq9_B-1-5cq9_D-1__ligand.sdf	2234	55	640.836	46.988	46.988	640.836	46.988	0	0.073323	sas_voromqa	640.836	1573.83
5cqx-1-5cqx_A-1-5cqx_C-1__receptor.pdb	5cqx-1-5cqx_A-1-5cqx_C-1__ligand.sdf	801	130	1301.68	32.289	32.289	1301.68	32.289	0	0.0248056	sas_voromqa	1301.68	3494.99
5cqx-1-5cqx_B-1-5cqx_C-1__receptor.pdb	5cqx-1-5cqx_B-1-5cqx_C-1__ligand.sdf	876	130	1650.4	10.1935	10.1935	1650.4	10.1935	0	0.00617638	sas_voromqa	1650.4	3788.72
5crw-1-5crw_A-1-5crw_B-1__receptor.pdb	5crw-1-5crw_A-1-5crw_B-1__ligand.sdf	1879	81	836.521	-12.2832	-12.2832	836.521	-12.2832	0	-0.0146837	sas_voromqa	836.521	2208.97
5cs2-1-5cs2_A-1-5cs2_B-1__receptor.pdb	5cs2-1-5cs2_A-1-5cs2_B-1__ligand.sdf	1228	75	803.853	162.151	162.151	803.853	162.151	0	0.201717	sas_voromqa	803.853	2159
5cs2-1-5cs2_A-1-5cs2_B-2__receptor.pdb	5cs2-1-5cs2_A-1-5cs2_B-2__ligand.sdf	1228	75	922.479	180.61	180.61	922.479	180.61	0	0.195788	sas_voromqa	922.479	2261.08
5csn-1-5csn_A-1-5csn_C-1__receptor.pdb	5csn-1-5csn_A-1-5csn_C-1__ligand.sdf	710	137	1986.64	195.284	195.284	1986.64	195.284	0	0.0982986	sas_voromqa	1986.64	4287.97
5csz-1-5csz_H-1-5csz_D-1__receptor.pdb	5csz-1-5csz_H-1-5csz_D-1__ligand.sdf	1595	98	990.671	-127.439	-130.653	988.217	-129.188	0	-0.128639	sas_voromqa	990.671	2605.97
5csz-1-5csz_L-1-5csz_D-1__receptor.pdb	5csz-1-5csz_L-1-5csz_D-1__ligand.sdf	1626	98	1384.82	-95.8781	-99.7264	1381.88	-97.972	0	-0.0692351	sas_voromqa	1384.82	2954.28
5ctt-1-5ctt_A-1-5ctt_B-1__receptor.pdb	5ctt-1-5ctt_A-1-5ctt_B-1__ligand.sdf	3244	142	1232.2	-89.1825	-89.1825	1232.2	-89.1825	0	-0.0723766	sas_voromqa	1232.2	3717.91
5ctv-1-5ctv_A-1-5ctv_C-1__receptor.pdb	5ctv-1-5ctv_A-1-5ctv_C-1__ligand.sdf	1383	75	566.386	14.6393	14.6393	566.386	14.6393	0	0.0258469	sas_voromqa	566.386	1836.57
5cvd-1-5cvd_A-1-5cvd_D-1__receptor.pdb	5cvd-1-5cvd_A-1-5cvd_D-1__ligand.sdf	1840	52	452.526	-61.3935	-61.3935	452.526	-61.3935	0	-0.135668	sas_voromqa	452.526	1367.05
5cxv-1-5cxv_A-1-5cxv_C-1__receptor.pdb	5cxv-1-5cxv_A-1-5cxv_C-1__ligand.sdf	3439	61	593.027	-82.8427	-82.8427	593.027	-82.8427	0	-0.139695	sas_voromqa	593.027	1652.09
5d2a-1-5d2a_A-1-5d2a_C-1__receptor.pdb	5d2a-1-5d2a_A-1-5d2a_C-1__ligand.sdf	817	63	1136.05	222.764	222.764	1136.05	222.764	0	0.196086	sas_voromqa	1136.05	2112.67
5d2n-1-5d2n_C-1-5d2n_G-1__receptor.pdb	5d2n-1-5d2n_C-1-5d2n_G-1__ligand.sdf	1554	65	1126.9	6.92388	6.92388	1126.9	6.92388	0	0.00614418	sas_voromqa	1126.9	2219.79
5d2n-1-5d2n_E-1-5d2n_I-1__receptor.pdb	5d2n-1-5d2n_E-1-5d2n_I-1__ligand.sdf	1942	65	1112.72	11.3023	11.3023	1112.72	11.3023	0	0.0101574	sas_voromqa	1112.72	2191.48
5d3e-3-5d3e_J-1-5d3e_K-1__receptor.pdb	5d3e-3-5d3e_J-1-5d3e_K-1__ligand.sdf	1814	44	831.626	-51.9948	-57.7545	827.229	-55.1286	0	-0.0625219	sas_voromqa	831.626	1561.44
5d3f-1-5d3f_B-1-5d3f_C-1__receptor.pdb	5d3f-1-5d3f_B-1-5d3f_C-1__ligand.sdf	1756	143	1914.67	5.93021	1.47408	1911.26	3.50563	0	0.00309725	sas_voromqa	1914.67	4430.51
5d62-1-5d62_A-1-5d62_L-1__receptor.pdb	5d62-1-5d62_A-1-5d62_L-1__ligand.sdf	2278	31	366.393	63.2538	63.2538	366.393	63.2538	0	0.172639	sas_voromqa	366.393	884.629
5d8h-1-5d8h_C-1-5d8h_D-1__receptor.pdb	5d8h-1-5d8h_C-1-5d8h_D-1__ligand.sdf	1157	114	1447.07	185.493	185.493	1447.07	185.493	0	0.128185	sas_voromqa	1447.07	3274.09
5d94-1-5d94_A-1-5d94_B-1__receptor.pdb	5d94-1-5d94_A-1-5d94_B-1__ligand.sdf	989	96	812.933	-19.9402	-19.9402	812.933	-19.9402	0	-0.0245287	sas_voromqa	812.933	2462.12
5d9g-1-5d9g_A-1-5d9g_C-1__receptor.pdb	5d9g-1-5d9g_A-1-5d9g_C-1__ligand.sdf	1866	41	329.466	31.2364	31.2364	329.466	31.2364	0	0.0948092	sas_voromqa	329.466	1030.87
5dah-1-5dah_A-1-5dah_D-1__receptor.pdb	5dah-1-5dah_A-1-5dah_D-1__ligand.sdf	1330	62	469.128	6.56259	6.56259	469.128	6.56259	0	0.0139889	sas_voromqa	469.128	1610.84
5dai-1-5dai_A-1-5dai_B-1__receptor.pdb	5dai-1-5dai_A-1-5dai_B-1__ligand.sdf	1965	89	598.544	-31.5843	-33.5753	597.024	-32.6676	0	-0.0527686	sas_voromqa	598.544	2194.46
5dbe-1-5dbe_X-1-5dbe_A-1__receptor.pdb	5dbe-1-5dbe_X-1-5dbe_A-1__ligand.sdf	2226	35	209.252	-28.8352	-28.8352	209.252	-28.8352	0	-0.137801	sas_voromqa	209.252	815.073
5dbr-1-5dbr_A-1-5dbr_C-1__receptor.pdb	5dbr-1-5dbr_A-1-5dbr_C-1__ligand.sdf	1081	115	1173.79	144.442	144.442	1173.79	144.442	0	0.123056	sas_voromqa	1173.79	3176.46
5dc8-1-5dc8_A-1-5dc8_C-1__receptor.pdb	5dc8-1-5dc8_A-1-5dc8_C-1__ligand.sdf	2808	67	667.573	63.5224	63.5224	667.573	63.5224	0	0.0951542	sas_voromqa	667.573	1835.73
5dd0-1-5dd0_H-1-5dd0_P-1__receptor.pdb	5dd0-1-5dd0_H-1-5dd0_P-1__ligand.sdf	1665	101	843.905	65.926	65.926	843.905	65.926	0	0.0781202	sas_voromqa	843.905	2600.5
5ddz-1-5ddz_A-1-5ddz_B-1__receptor.pdb	5ddz-1-5ddz_A-1-5ddz_B-1__ligand.sdf	2025	46	355.748	28.6281	28.6281	355.748	28.6281	0	0.080473	sas_voromqa	355.748	1165.81
5de2-1-5de2_A-1-5de2_C-1__receptor.pdb	5de2-1-5de2_A-1-5de2_C-1__ligand.sdf	2126	135	1328.17	22.0311	22.0311	1328.17	22.0311	0	0.0165876	sas_voromqa	1328.17	3729.27
5de2-2-5de2_B-1-5de2_D-1__receptor.pdb	5de2-2-5de2_B-1-5de2_D-1__ligand.sdf	2093	76	740.62	-49.9004	-49.9004	740.62	-49.9004	0	-0.0673765	sas_voromqa	740.62	2103.63
5df6-1-5df6_A-1-5df6_B-1__receptor.pdb	5df6-1-5df6_A-1-5df6_B-1__ligand.sdf	1620	55	474.286	-4.3522	-83.042	414.214	-47.1674	0	-0.00917632	sas_voromqa	474.286	1482.35
5df6-1-5df6_A-1-5df6_C-1__receptor.pdb	5df6-1-5df6_A-1-5df6_C-1__ligand.sdf	1620	101	1182.52	85.6943	85.6943	1182.52	85.6943	0	0.0724675	sas_voromqa	1182.52	2907.36
5diy-1-5diy_A-1-5diy_P-1__receptor.pdb	5diy-1-5diy_A-1-5diy_P-1__ligand.sdf	3818	52	399.01	67.1606	67.1606	399.01	67.1606	0	0.168318	sas_voromqa	399.01	1249.67
5dkp-1-5dkp_A-1-5dkp_O-1__receptor.pdb	5dkp-1-5dkp_A-1-5dkp_O-1__ligand.sdf	1473	52	475.614	93.3556	93.3556	475.614	93.3556	0	0.196284	sas_voromqa	475.614	1359.69
5dkp-1-5dkp_A-1-5dkp_P-1__receptor.pdb	5dkp-1-5dkp_A-1-5dkp_P-1__ligand.sdf	1473	52	641.579	98.9534	98.9534	641.579	98.9534	0	0.154234	sas_voromqa	641.579	1511.06
5dlm-1-5dlm_H-1-5dlm_X-1__receptor.pdb	5dlm-1-5dlm_H-1-5dlm_X-1__ligand.sdf	1614	68	587.911	-1.94788	-1.94788	587.911	-1.94788	0	-0.00331322	sas_voromqa	587.911	1787.75
5dmg-1-5dmg_H-1-5dmg_P-1__receptor.pdb	5dmg-1-5dmg_H-1-5dmg_P-1__ligand.sdf	1490	90	1062.15	4.74632	4.58481	1062.02	4.65844	0	0.0044686	sas_voromqa	1062.15	2627.87
5dmg-1-5dmg_L-1-5dmg_P-1__receptor.pdb	5dmg-1-5dmg_L-1-5dmg_P-1__ligand.sdf	1631	90	1165.52	-21.446	-21.4464	1165.52	-21.4462	0	-0.0184004	sas_voromqa	1165.52	2687.19
5dpw-1-5dpw_A-1-5dpw_B-1__receptor.pdb	5dpw-1-5dpw_A-1-5dpw_B-1__ligand.sdf	950	83	799.34	3.08706	3.08706	799.34	3.08706	0	0.00386201	sas_voromqa	799.34	2218.23
5drv-1-5drv_A-1-5drv_B-1__receptor.pdb	5drv-1-5drv_A-1-5drv_B-1__ligand.sdf	1063	67	542.298	-97.498	-97.498	542.298	-97.498	0	-0.179787	sas_voromqa	542.298	1753.85
5dsc-1-5dsc_A-1-5dsc_Q-1__receptor.pdb	5dsc-1-5dsc_A-1-5dsc_Q-1__ligand.sdf	1580	33	418.073	31.4712	31.4712	418.073	31.4712	0	0.0752768	sas_voromqa	418.073	991.648
5dsc-1-5dsc_B-1-5dsc_Q-1__receptor.pdb	5dsc-1-5dsc_B-1-5dsc_Q-1__ligand.sdf	1587	33	383.221	18.9631	18.9631	383.221	18.9631	0	0.0494835	sas_voromqa	383.221	928.887
5dtf-1-5dtf_H-1-5dtf_P-1__receptor.pdb	5dtf-1-5dtf_H-1-5dtf_P-1__ligand.sdf	1546	28	417.818	29.2555	29.2555	417.818	29.2555	0	0.0700197	sas_voromqa	417.818	909.834
5dtf-1-5dtf_L-1-5dtf_P-1__receptor.pdb	5dtf-1-5dtf_L-1-5dtf_P-1__ligand.sdf	1567	28	451.222	30.2828	30.2828	451.222	30.2828	0	0.0671129	sas_voromqa	451.222	930.787
5dws-1-5dws_A-1-5dws_B-1__receptor.pdb	5dws-1-5dws_A-1-5dws_B-1__ligand.sdf	292	74	758.253	33.8329	33.8329	758.253	33.8329	0	0.0446195	sas_voromqa	758.253	2036.04
5dxe-1-5dxe_A-1-5dxe_C-1__receptor.pdb	5dxe-1-5dxe_A-1-5dxe_C-1__ligand.sdf	1817	101	975.117	-49.6023	-49.6023	975.117	-49.6023	0	-0.050868	sas_voromqa	975.117	2708.39
5dzd-1-5dzd_A-1-5dzd_C-1__receptor.pdb	5dzd-1-5dzd_A-1-5dzd_C-1__ligand.sdf	302	96	1248.32	230.909	14.862	1083.38	113.358	0	0.184976	sas_voromqa	1248.32	2936.98
5e2w-1-5e2w_H-1-5e2w_P-1__receptor.pdb	5e2w-1-5e2w_H-1-5e2w_P-1__ligand.sdf	1579	64	855.606	-136.935	-150.442	845.294	-144.284	0	-0.160044	sas_voromqa	855.606	1878.07
5e2w-1-5e2w_L-1-5e2w_P-1__receptor.pdb	5e2w-1-5e2w_L-1-5e2w_P-1__ligand.sdf	1664	64	967.744	-152.727	-164.288	958.918	-159.017	0	-0.157818	sas_voromqa	967.744	1959.84
5e33-1-5e33_A-1-5e33_B-1__receptor.pdb	5e33-1-5e33_A-1-5e33_B-1__ligand.sdf	5750	40	149.617	31.3304	31.3304	149.617	31.3304	0	0.209404	sas_voromqa	149.617	974.26
5e4w-1-5e4w_D-1-5e4w_F-1__receptor.pdb	5e4w-1-5e4w_D-1-5e4w_F-1__ligand.sdf	847	73	682.931	-3.11374	-3.11374	682.931	-3.11374	0	-0.00455938	sas_voromqa	682.931	2007.42
5e50-1-5e50_A-1-5e50_D-1__receptor.pdb	5e50-1-5e50_A-1-5e50_D-1__ligand.sdf	845	71	870.577	-109.313	-239.024	771.554	-179.889	0	-0.125564	sas_voromqa	870.577	2013.28
5e5a-1-5e5a_H-1-5e5a_K-1__receptor.pdb	5e5a-1-5e5a_H-1-5e5a_K-1__ligand.sdf	731	104	1248.89	-1.4766	-1.4766	1248.89	-1.4766	0	-0.00118233	sas_voromqa	1248.89	3021.51
5e6o-1-5e6o_A-1-5e6o_H-1__receptor.pdb	5e6o-1-5e6o_A-1-5e6o_H-1__ligand.sdf	967	41	253.688	-59.7501	-59.7501	253.688	-59.7501	0	-0.235526	sas_voromqa	253.688	979.232
5e9d-1-5e9d_D-1-5e9d_C-1__receptor.pdb	5e9d-1-5e9d_D-1-5e9d_C-1__ligand.sdf	849	68	1176.38	31.7115	31.7115	1176.38	31.7115	0	0.0269569	sas_voromqa	1176.38	2332.18
5e9d-1-5e9d_E-1-5e9d_C-1__receptor.pdb	5e9d-1-5e9d_E-1-5e9d_C-1__ligand.sdf	885	68	1242.83	36.0408	36.0408	1242.83	36.0408	0	0.028999	sas_voromqa	1242.83	2366.77
5ea0-1-5ea0_H-1-5ea0_P-1__receptor.pdb	5ea0-1-5ea0_H-1-5ea0_P-1__ligand.sdf	1592	79	846.087	-31.9147	-31.9147	846.087	-31.9147	0	-0.0377204	sas_voromqa	846.087	2183.9
5eay-1-5eay_A-1-5eay_F-1__receptor.pdb	5eay-1-5eay_A-1-5eay_F-1__ligand.sdf	885	108	1598.61	42.6268	42.6268	1598.61	42.6268	0	0.0266649	sas_voromqa	1598.61	3466.97
5ec9-1-5ec9_A-1-5ec9_B-1__receptor.pdb	5ec9-1-5ec9_A-1-5ec9_B-1__ligand.sdf	1660	98	885.453	-62.1747	-62.1747	885.453	-62.1747	0	-0.070218	sas_voromqa	885.453	2601.24
5ecg-1-5ecg_C-1-5ecg_F-1__receptor.pdb	5ecg-1-5ecg_C-1-5ecg_F-1__ligand.sdf	1726	41	305.804	-43.6788	-45.4204	304.474	-44.6264	0	-0.142833	sas_voromqa	305.804	986.013
5eeq-1-5eeq_A-1-5eeq_L-1__receptor.pdb	5eeq-1-5eeq_A-1-5eeq_L-1__ligand.sdf	822	96	762.388	84.262	84.262	762.388	84.262	0	0.110524	sas_voromqa	762.388	2356.97
5efi-1-5efi_A-1-5efi_C-1__receptor.pdb	5efi-1-5efi_A-1-5efi_C-1__ligand.sdf	2054	150	819.114	106.555	106.555	819.114	106.555	0	0.130086	sas_voromqa	819.114	3726.91
5efj-1-5efj_D-1-5efj_F-1__receptor.pdb	5efj-1-5efj_D-1-5efj_F-1__ligand.sdf	2777	32	230.742	24.5206	24.5206	230.742	24.5206	0	0.106268	sas_voromqa	230.742	748.601
5eft-1-5eft_B-1-5eft_A-1__receptor.pdb	5eft-1-5eft_B-1-5eft_A-1__ligand.sdf	2077	121	1278.85	-74.434	-74.434	1278.85	-74.434	0	-0.0582039	sas_voromqa	1278.85	3388.87
5eft-1-5eft_D-1-5eft_A-1__receptor.pdb	5eft-1-5eft_D-1-5eft_A-1__ligand.sdf	2077	121	1885.17	16.2701	16.2701	1885.17	16.2701	0	0.00863057	sas_voromqa	1885.17	3885.09
5eft-1-5eft_D-1-5eft_G-1__receptor.pdb	5eft-1-5eft_D-1-5eft_G-1__ligand.sdf	2077	121	1884.6	-5.15219	-5.15219	1884.6	-5.15219	0	-0.00273384	sas_voromqa	1884.6	3878.71
5ei3-1-5ei3_A-1-5ei3_B-1__receptor.pdb	5ei3-1-5ei3_A-1-5ei3_B-1__ligand.sdf	1572	131	1273.12	60.3118	60.3118	1273.12	60.3118	0	0.0473732	sas_voromqa	1273.12	3555.27
5eib-1-5eib_C-1-5eib_F-1__receptor.pdb	5eib-1-5eib_C-1-5eib_F-1__ligand.sdf	3364	123	1900.3	36.3629	36.3629	1900.3	36.3629	0	0.0191353	sas_voromqa	1900.3	3919.97
5eib-1-5eib_D-1-5eib_F-1__receptor.pdb	5eib-1-5eib_D-1-5eib_F-1__ligand.sdf	3370	123	1263.96	59.3035	59.3035	1263.96	59.3035	0	0.0469188	sas_voromqa	1263.96	3442.89
5emb-1-5emb_A-1-5emb_B-1__receptor.pdb	5emb-1-5emb_A-1-5emb_B-1__ligand.sdf	716	65	661.712	0.47841	-3.05184	659.017	-1.4424	0	0.000722988	sas_voromqa	661.712	1742.53
5en7-1-5en7_A-1-5en7_B-1__receptor.pdb	5en7-1-5en7_A-1-5en7_B-1__ligand.sdf	1418	140	1269.07	-70.0168	-70.0168	1269.07	-70.0168	0	-0.0551717	sas_voromqa	1269.07	3727.73
5eoc-1-5eoc_H-1-5eoc_P-1__receptor.pdb	5eoc-1-5eoc_H-1-5eoc_P-1__ligand.sdf	1597	102	1192.53	126.622	126.622	1192.53	126.622	0	0.106179	sas_voromqa	1192.53	2975.19
5eoc-1-5eoc_L-1-5eoc_P-1__receptor.pdb	5eoc-1-5eoc_L-1-5eoc_P-1__ligand.sdf	1662	102	1041.99	153.843	153.843	1041.99	153.843	0	0.147643	sas_voromqa	1041.99	2837.76
5eok-1-5eok_A-1-5eok_K-1__receptor.pdb	5eok-1-5eok_A-1-5eok_K-1__ligand.sdf	4625	78	842.32	27.7719	27.7719	842.32	27.7719	0	0.0329707	sas_voromqa	842.32	2168.29
5eoq-1-5eoq_H-1-5eoq_A-1__receptor.pdb	5eoq-1-5eoq_H-1-5eoq_A-1__ligand.sdf	1639	66	903.27	-88.967	-88.967	903.27	-88.967	0	-0.0984944	sas_voromqa	903.27	2017.55
5eor-1-5eor_H-1-5eor_A-1__receptor.pdb	5eor-1-5eor_H-1-5eor_A-1__ligand.sdf	1606	78	1049.32	-81.0085	-81.0085	1049.32	-81.0085	0	-0.0772009	sas_voromqa	1049.32	2352.22
5epl-1-5epl_A-1-5epl_C-1__receptor.pdb	5epl-1-5epl_A-1-5epl_C-1__ligand.sdf	452	57	496.44	121.072	121.072	496.44	121.072	0	0.24388	sas_voromqa	496.44	1517.31
5epp-1-5epp_A-1-5epp_B-1__receptor.pdb	5epp-1-5epp_A-1-5epp_B-1__ligand.sdf	1354	135	1068.37	-96.4683	-96.4683	1068.37	-96.4683	0	-0.0902948	sas_voromqa	1068.37	3392.92
5eq0-1-5eq0_A-1-5eq0_B-1__receptor.pdb	5eq0-1-5eq0_A-1-5eq0_B-1__ligand.sdf	468	58	443.56	141.827	91.8115	405.378	114.613	0	0.319747	sas_voromqa	443.56	1516.96
5erw-1-5erw_A-1-5erw_C-1__receptor.pdb	5erw-1-5erw_A-1-5erw_C-1__ligand.sdf	1590	76	969.845	89.2306	89.2306	969.845	89.2306	0	0.092005	sas_voromqa	969.845	2293.81
5erw-1-5erw_B-1-5erw_C-1__receptor.pdb	5erw-1-5erw_B-1-5erw_C-1__ligand.sdf	1634	76	1061.4	152.549	152.549	1061.4	152.549	0	0.143724	sas_voromqa	1061.4	2396.31
5eta-1-5eta_B-1-5eta_D-1__receptor.pdb	5eta-1-5eta_B-1-5eta_D-1__ligand.sdf	2705	127	1132.88	65.3982	65.3982	1132.88	65.3982	0	0.0577274	sas_voromqa	1132.88	3475.77
5eu6-1-5eu6_D-1-5eu6_C-1__receptor.pdb	5eu6-1-5eu6_D-1-5eu6_C-1__ligand.sdf	1559	69	1117.98	62.7322	62.7322	1117.98	62.7322	0	0.0561121	sas_voromqa	1117.98	2225.92
5eu6-1-5eu6_E-1-5eu6_C-1__receptor.pdb	5eu6-1-5eu6_E-1-5eu6_C-1__ligand.sdf	1917	69	1091.51	66.3263	66.3263	1091.51	66.3263	0	0.0607656	sas_voromqa	1091.51	2200.84
5euo-1-5euo_E-1-5euo_J-1__receptor.pdb	5euo-1-5euo_E-1-5euo_J-1__ligand.sdf	1454	69	1184.85	134.327	134.327	1184.85	134.327	0	0.11337	sas_voromqa	1184.85	2325.58
5ev0-1-5ev0_A-1-5ev0_C-1__receptor.pdb	5ev0-1-5ev0_A-1-5ev0_C-1__ligand.sdf	976	63	627.115	58.568	58.568	627.115	58.568	0	0.0933928	sas_voromqa	627.115	1657.38
5exk-1-5exk_A-1-5exk_B-1__receptor.pdb	5exk-1-5exk_A-1-5exk_B-1__ligand.sdf	2356	66	569.219	-19.8268	-19.8268	569.219	-19.8268	0	-0.0348316	sas_voromqa	569.219	1778.91
5f0p-1-5f0p_B-1-5f0p_D-1__receptor.pdb	5f0p-1-5f0p_B-1-5f0p_D-1__ligand.sdf	2354	130	1521.97	67.0942	66.8933	1521.82	66.9849	0	0.0440838	sas_voromqa	1521.97	3749.39
5f0p-1-5f0p_C-1-5f0p_D-1__receptor.pdb	5f0p-1-5f0p_C-1-5f0p_D-1__ligand.sdf	1204	130	2127.82	172.301	61.2622	2043.05	111.885	0	0.0809754	sas_voromqa	2127.82	4254.51
5f1n-1-5f1n_A-1-5f1n_C-1__receptor.pdb	5f1n-1-5f1n_A-1-5f1n_C-1__ligand.sdf	2228	96	353.803	-90.3374	-90.3374	353.803	-90.3374	0	-0.255332	sas_voromqa	353.803	2075.54
5f2u-1-5f2u_A-1-5f2u_C-1__receptor.pdb	5f2u-1-5f2u_A-1-5f2u_C-1__ligand.sdf	1217	50	130.495	0.510802	0.510802	130.495	0.510802	0	0.00391434	sas_voromqa	130.495	1124.25
5f67-1-5f67_A-1-5f67_C-1__receptor.pdb	5f67-1-5f67_A-1-5f67_C-1__ligand.sdf	736	130	1202.62	34.0837	34.0837	1202.62	34.0837	0	0.0283412	sas_voromqa	1202.62	3417.73
5f6l-1-5f6l_A-1-5f6l_J-1__receptor.pdb	5f6l-1-5f6l_A-1-5f6l_J-1__ligand.sdf	1228	166	1781.67	-134.667	-134.667	1781.67	-134.667	0	-0.0755847	sas_voromqa	1781.67	4560.83
5f6l-1-5f6l_B-1-5f6l_J-1__receptor.pdb	5f6l-1-5f6l_B-1-5f6l_J-1__ligand.sdf	1410	166	2157.27	-65.1233	-65.1233	2157.27	-65.1233	0	-0.0301878	sas_voromqa	2157.27	4868.91
5f8z-1-5f8z_A-1-5f8z_B-1__receptor.pdb	5f8z-1-5f8z_A-1-5f8z_B-1__ligand.sdf	1891	84	442.03	101.855	101.855	442.03	101.855	0	0.230426	sas_voromqa	442.03	1992.96
5fa5-1-5fa5_A-1-5fa5_C-1__receptor.pdb	5fa5-1-5fa5_A-1-5fa5_C-1__ligand.sdf	5061	11	26.8157	-0.83845	-0.83845	26.8157	-0.83845	0	-0.0312671	sas_voromqa	26.8157	267.774
5fb1-1-5fb1_A-1-5fb1_C-1__receptor.pdb	5fb1-1-5fb1_A-1-5fb1_C-1__ligand.sdf	1444	64	645.346	-41.74	-41.74	645.346	-41.74	0	-0.0646785	sas_voromqa	645.346	1730.12
5fby-1-5fby_A-1-5fby_B-1__receptor.pdb	5fby-1-5fby_A-1-5fby_B-1__ligand.sdf	3849	88	607.42	18.9909	18.9909	607.42	18.9909	0	0.0312649	sas_voromqa	607.42	2231.34
5fcd-1-5fcd_A-1-5fcd_D-1__receptor.pdb	5fcd-1-5fcd_A-1-5fcd_D-1__ligand.sdf	1807	28	420.578	33.4199	33.4199	420.578	33.4199	0	0.0794618	sas_voromqa	420.578	944.414
5fcf-1-5fcf_A-1-5fcf_C-1__receptor.pdb	5fcf-1-5fcf_A-1-5fcf_C-1__ligand.sdf	2989	13	201.176	-20.3444	-20.3444	201.176	-20.3444	0	-0.101127	sas_voromqa	201.176	396.727
5ffv-1-5ffv_A-1-5ffv_C-1__receptor.pdb	5ffv-1-5ffv_A-1-5ffv_C-1__ligand.sdf	926	56	693.665	23.0403	23.0403	693.665	23.0403	0	0.0332153	sas_voromqa	693.665	1650.35
5fgb-1-5fgb_C-1-5fgb_F-1__receptor.pdb	5fgb-1-5fgb_C-1-5fgb_F-1__ligand.sdf	1611	42	426.33	4.29778	4.29778	426.33	4.29778	0	0.0100809	sas_voromqa	426.33	1125.04
5fgp-1-5fgp_A-1-5fgp_B-1__receptor.pdb	5fgp-1-5fgp_A-1-5fgp_B-1__ligand.sdf	1134	150	1503.65	-199.825	-229.266	1481.18	-215.844	0	-0.132893	sas_voromqa	1503.65	3738.54
5fjz-1-5fjz_A-1-5fjz_P-1__receptor.pdb	5fjz-1-5fjz_A-1-5fjz_P-1__ligand.sdf	2037	60	507.55	-68.17	-68.17	507.55	-68.17	0	-0.134312	sas_voromqa	507.55	1521.25
5fjz-1-5fjz_A-1-5fjz_R-1__receptor.pdb	5fjz-1-5fjz_A-1-5fjz_R-1__ligand.sdf	2037	60	873.282	108.308	108.308	873.282	108.308	0	0.124024	sas_voromqa	873.282	1830.45
5fml-1-5fml_B-1-5fml_A-1__receptor.pdb	5fml-1-5fml_B-1-5fml_A-1__ligand.sdf	1591	150	1243.86	-20.6928	-20.6928	1243.86	-20.6928	0	-0.016636	sas_voromqa	1243.86	3905.19
5fot-1-5fot_A-1-5fot_C-1__receptor.pdb	5fot-1-5fot_A-1-5fot_C-1__ligand.sdf	1754	38	358.249	22.0276	22.0276	358.249	22.0276	0	0.0614868	sas_voromqa	358.249	999.678
5fp2-1-5fp2_A-1-5fp2_X-1__receptor.pdb	5fp2-1-5fp2_A-1-5fp2_X-1__ligand.sdf	3908	33	446.531	41.1695	41.1695	446.531	41.1695	0	0.0921985	sas_voromqa	446.531	1087.53
5fpi-1-5fpi_A-1-5fpi_B-1__receptor.pdb	5fpi-1-5fpi_A-1-5fpi_B-1__ligand.sdf	2078	52	577.06	44.4915	44.4915	577.06	44.4915	0	0.0771003	sas_voromqa	577.06	1519.83
5fpx-1-5fpx_A-1-5fpx_E-1__receptor.pdb	5fpx-1-5fpx_A-1-5fpx_E-1__ligand.sdf	833	56	351.559	36.5696	36.5696	351.559	36.5696	0	0.104021	sas_voromqa	351.559	1329.87
5fq8-1-5fq8_A-1-5fq8_P-1__receptor.pdb	5fq8-1-5fq8_A-1-5fq8_P-1__ligand.sdf	3744	40	678.584	21.5371	21.5371	678.584	21.5371	0	0.0317383	sas_voromqa	678.584	1324.71
5fq8-1-5fq8_B-1-5fq8_P-1__receptor.pdb	5fq8-1-5fq8_B-1-5fq8_P-1__ligand.sdf	7373	40	440.922	6.20249	6.20249	440.922	6.20249	0	0.0140671	sas_voromqa	440.922	1128.48
5frp-1-5frp_A-1-5frp_C-1__receptor.pdb	5frp-1-5frp_A-1-5frp_C-1__ligand.sdf	5494	129	1390.59	-105.687	-105.687	1390.59	-105.687	0	-0.0760016	sas_voromqa	1390.59	3684.08
5frq-1-5frq_A-1-5frq_G-1__receptor.pdb	5frq-1-5frq_A-1-5frq_G-1__ligand.sdf	2837	55	470.817	52.424	52.424	470.817	52.424	0	0.111347	sas_voromqa	470.817	1456.34
5ft1-1-5ft1_A-1-5ft1_C-1__receptor.pdb	5ft1-1-5ft1_A-1-5ft1_C-1__ligand.sdf	1891	61	754.268	-3.95153	-3.95153	754.268	-3.95153	0	-0.00523889	sas_voromqa	754.268	1868.1
5fv6-1-5fv6_B-1-5fv6_C-1__receptor.pdb	5fv6-1-5fv6_B-1-5fv6_C-1__ligand.sdf	1394	53	817.812	-19.6099	-19.6099	817.812	-19.6099	0	-0.0239785	sas_voromqa	817.812	1695.99
5fwe-1-5fwe_B-1-5fwe_D-1__receptor.pdb	5fwe-1-5fwe_B-1-5fwe_D-1__ligand.sdf	2800	23	136.866	3.40104	3.40104	136.866	3.40104	0	0.0248494	sas_voromqa	136.866	597.159
5ggi-2-5ggi_B-1-5ggi_F-1__receptor.pdb	5ggi-2-5ggi_B-1-5ggi_F-1__ligand.sdf	4410	69	791.028	67.966	67.966	791.028	67.966	0	0.0859211	sas_voromqa	791.028	1967.81
5ggi-2-5ggi_B-1-5ggi_G-1__receptor.pdb	5ggi-2-5ggi_B-1-5ggi_G-1__ligand.sdf	4410	42	355.806	36.7305	36.7305	355.806	36.7305	0	0.103232	sas_voromqa	355.806	1113.37
5ggp-1-5ggp_A-1-5ggp_C-1__receptor.pdb	5ggp-1-5ggp_A-1-5ggp_C-1__ligand.sdf	1133	60	710.972	38.2849	38.2849	710.972	38.2849	0	0.0538487	sas_voromqa	710.972	1687.23
5gh9-1-5gh9_A-1-5gh9_B-1__receptor.pdb	5gh9-1-5gh9_A-1-5gh9_B-1__ligand.sdf	953	61	676.499	-35.2979	-35.2979	676.499	-35.2979	0	-0.0521773	sas_voromqa	676.499	1767.93
5gis-1-5gis_H-1-5gis_C-1__receptor.pdb	5gis-1-5gis_H-1-5gis_C-1__ligand.sdf	1584	69	728.92	54.3337	54.3337	728.92	54.3337	0	0.07454	sas_voromqa	728.92	1869.27
5gis-1-5gis_L-1-5gis_C-1__receptor.pdb	5gis-1-5gis_L-1-5gis_C-1__ligand.sdf	1644	69	847.724	45.8414	45.8414	847.724	45.8414	0	0.0540759	sas_voromqa	847.724	1976.23
5gjh-1-5gjh_A-1-5gjh_B-1__receptor.pdb	5gjh-1-5gjh_A-1-5gjh_B-1__ligand.sdf	816	69	619.433	-1.26586	-1.26586	619.433	-1.26586	0	-0.00204358	sas_voromqa	619.433	1771.34
5gji-1-5gji_A-1-5gji_B-1__receptor.pdb	5gji-1-5gji_A-1-5gji_B-1__ligand.sdf	873	75	703.346	-43.8435	-44.294	703.002	-44.0886	0	-0.0623356	sas_voromqa	703.346	2016.54
5gjy-1-5gjy_A-1-5gjy_C-1__receptor.pdb	5gjy-1-5gjy_A-1-5gjy_C-1__ligand.sdf	2162	59	315.526	21.6225	21.6225	315.526	21.6225	0	0.0685284	sas_voromqa	315.526	1557.22
5gmi-1-5gmi_A-1-5gmi_C-1__receptor.pdb	5gmi-1-5gmi_A-1-5gmi_C-1__ligand.sdf	1713	39	260.144	32.1123	32.1123	260.144	32.1123	0	0.12344	sas_voromqa	260.144	967.202
5gnd-1-5gnd_A-1-5gnd_U-1__receptor.pdb	5gnd-1-5gnd_A-1-5gnd_U-1__ligand.sdf	2031	30	214.585	22.9631	22.9631	214.585	22.9631	0	0.107012	sas_voromqa	214.585	718.975
5gp7-1-5gp7_A-1-5gp7_B-1__receptor.pdb	5gp7-1-5gp7_A-1-5gp7_B-1__ligand.sdf	1212	70	702.295	-34.7082	-34.7082	702.295	-34.7082	0	-0.0494211	sas_voromqa	702.295	1897.46
5gr8-1-5gr8_A-1-5gr8_J-1__receptor.pdb	5gr8-1-5gr8_A-1-5gr8_J-1__ligand.sdf	5404	133	1408.25	24.1395	24.1395	1408.25	24.1395	0	0.0171415	sas_voromqa	1408.25	3724.31
5gsb-1-5gsb_A-1-5gsb_C-1__receptor.pdb	5gsb-1-5gsb_A-1-5gsb_C-1__ligand.sdf	2263	78	196.511	11.8175	11.8175	196.511	11.8175	0	0.0601366	sas_voromqa	196.511	1603.06
5gtc-1-5gtc_G-1-5gtc_K-1__receptor.pdb	5gtc-1-5gtc_G-1-5gtc_K-1__ligand.sdf	824	81	852.033	-48.6114	-48.6114	852.033	-48.6114	0	-0.0570534	sas_voromqa	852.033	2262.99
5gtc-1-5gtc_H-1-5gtc_K-1__receptor.pdb	5gtc-1-5gtc_H-1-5gtc_K-1__ligand.sdf	719	81	897.131	-79.392	-79.392	897.131	-79.392	0	-0.0884954	sas_voromqa	897.131	2336.79
5gwy-1-5gwy_A-1-5gwy_E-1__receptor.pdb	5gwy-1-5gwy_A-1-5gwy_E-1__ligand.sdf	2263	49	304.396	69.9575	69.9575	304.396	69.9575	0	0.229824	sas_voromqa	304.396	1200.22
5h0u-1-5h0u_A-1-5h0u_B-1__receptor.pdb	5h0u-1-5h0u_A-1-5h0u_B-1__ligand.sdf	1370	61	399.841	4.5566	4.5566	399.841	4.5566	0	0.011396	sas_voromqa	399.841	1393.84
5h2x-1-5h2x_A-1-5h2x_B-1__receptor.pdb	5h2x-1-5h2x_A-1-5h2x_B-1__ligand.sdf	3241	171	1527.02	-14.3265	-14.3265	1527.02	-14.3265	0	-0.009382	sas_voromqa	1527.02	4573.08
5h43-1-5h43_A-1-5h43_B-1__receptor.pdb	5h43-1-5h43_A-1-5h43_B-1__ligand.sdf	3251	92	776.243	-70.0733	-70.0733	776.243	-70.0733	0	-0.0902724	sas_voromqa	776.243	2453.97
5h5q-1-5h5q_A-1-5h5q_B-1__receptor.pdb	5h5q-1-5h5q_A-1-5h5q_B-1__ligand.sdf	1332	121	1258.5	-34.5855	-34.5855	1258.5	-34.5855	0	-0.0274815	sas_voromqa	1258.5	3291.47
5h5s-1-5h5s_A-1-5h5s_B-1__receptor.pdb	5h5s-1-5h5s_A-1-5h5s_B-1__ligand.sdf	1324	109	1003.1	72.7511	72.7511	1003.1	72.7511	0	0.0725263	sas_voromqa	1003.1	2867.07
5h5z-1-5h5z_A-1-5h5z_C-1__receptor.pdb	5h5z-1-5h5z_A-1-5h5z_C-1__ligand.sdf	2214	74	421.283	175.552	175.552	421.283	175.552	0	0.416708	sas_voromqa	421.283	1861.87
5h6q-1-5h6q_A-1-5h6q_C-1__receptor.pdb	5h6q-1-5h6q_A-1-5h6q_C-1__ligand.sdf	5156	108	450.872	42.0564	42.0564	450.872	42.0564	0	0.0932779	sas_voromqa	450.872	2573.77
5h7h-1-5h7h_A-1-5h7h_B-1__receptor.pdb	5h7h-1-5h7h_A-1-5h7h_B-1__ligand.sdf	1042	43	499.629	54.3007	54.3007	499.629	54.3007	0	0.108682	sas_voromqa	499.629	1215.78
5h7h-1-5h7h_A-1-5h7h_C-1__receptor.pdb	5h7h-1-5h7h_A-1-5h7h_C-1__ligand.sdf	1042	43	653.299	-33.1215	-33.1215	653.299	-33.1215	0	-0.0506988	sas_voromqa	653.299	1362.21
5h94-1-5h94_A-1-5h94_C-1__receptor.pdb	5h94-1-5h94_A-1-5h94_C-1__ligand.sdf	2238	72	318.388	60.9016	60.9016	318.388	60.9016	0	0.191281	sas_voromqa	318.388	1655.89
5h9d-1-5h9d_A-1-5h9d_K-1__receptor.pdb	5h9d-1-5h9d_A-1-5h9d_K-1__ligand.sdf	2528	153	1694.81	-122.138	-130.166	1688.68	-126.506	0	-0.0720659	sas_voromqa	1694.81	4255.77
5haw-1-5haw_B-1-5haw_K-1__receptor.pdb	5haw-1-5haw_B-1-5haw_K-1__ligand.sdf	1551	67	549.082	-85.7512	-85.7512	549.082	-85.7512	0	-0.156172	sas_voromqa	549.082	1765.38
5hax-1-5hax_A-1-5hax_B-1__receptor.pdb	5hax-1-5hax_A-1-5hax_B-1__ligand.sdf	5462	111	1175.66	-52.511	-52.511	1175.66	-52.511	0	-0.0446651	sas_voromqa	1175.66	3216.95
5hb3-1-5hb3_A-1-5hb3_B-1__receptor.pdb	5hb3-1-5hb3_A-1-5hb3_B-1__ligand.sdf	5581	137	1122.37	2.33269	2.33269	1122.37	2.33269	0	0.00207836	sas_voromqa	1122.37	3528.81
5hda-1-5hda_A-1-5hda_B-1__receptor.pdb	5hda-1-5hda_A-1-5hda_B-1__ligand.sdf	990	58	734.846	2.91063	2.91063	734.846	2.91063	0	0.00396087	sas_voromqa	734.846	1742.91
5hdt-1-5hdt_A-1-5hdt_E-1__receptor.pdb	5hdt-1-5hdt_A-1-5hdt_E-1__ligand.sdf	8462	45	420.784	16.5485	16.5485	420.784	16.5485	0	0.0393278	sas_voromqa	420.784	1237.89
5hey-1-5hey_A-1-5hey_B-1__receptor.pdb	5hey-1-5hey_A-1-5hey_B-1__ligand.sdf	893	68	723.711	33.9632	33.9632	723.711	33.9632	0	0.0469292	sas_voromqa	723.711	1857.74
5hh7-1-5hh7_A-1-5hh7_P-1__receptor.pdb	5hh7-1-5hh7_A-1-5hh7_P-1__ligand.sdf	1606	69	461.623	23.7854	23.7854	461.623	23.7854	0	0.0515256	sas_voromqa	461.623	1757.24
5hhv-1-5hhv_A-1-5hhv_I-1__receptor.pdb	5hhv-1-5hhv_A-1-5hhv_I-1__ligand.sdf	729	120	1437.51	132.029	132.029	1437.51	132.029	0	0.0918456	sas_voromqa	1437.51	3455.6
5hhv-1-5hhv_A-1-5hhv_I-2__receptor.pdb	5hhv-1-5hhv_A-1-5hhv_I-2__ligand.sdf	729	120	1471.68	73.4797	73.4797	1471.68	73.4797	0	0.0499291	sas_voromqa	1471.68	3466.92
5hhv-1-5hhv_B-1-5hhv_I-1__receptor.pdb	5hhv-1-5hhv_B-1-5hhv_I-1__ligand.sdf	79	120	1355.22	104.912	104.912	1355.22	104.912	0	0.0774133	sas_voromqa	1355.22	3366.47
5hi4-1-5hi4_A-1-5hi4_I-1__receptor.pdb	5hi4-1-5hi4_A-1-5hi4_I-1__ligand.sdf	718	120	1503.25	149.762	149.762	1503.25	149.762	0	0.0996255	sas_voromqa	1503.25	3528.64
5hi4-1-5hi4_B-1-5hi4_I-1__receptor.pdb	5hi4-1-5hi4_B-1-5hi4_I-1__ligand.sdf	731	120	1441.1	85.9392	85.9392	1441.1	85.9392	0	0.0596344	sas_voromqa	1441.1	3438.68
5hi5-1-5hi5_A-1-5hi5_I-1__receptor.pdb	5hi5-1-5hi5_A-1-5hi5_I-1__ligand.sdf	755	120	1108.76	55.0726	55.0726	1108.76	55.0726	0	0.0496704	sas_voromqa	1108.76	3223.17
5hit-1-5hit_A-1-5hit_B-1__receptor.pdb	5hit-1-5hit_A-1-5hit_B-1__ligand.sdf	1102	143	1510.84	-19.4228	-19.4228	1510.84	-19.4228	0	-0.0128556	sas_voromqa	1510.84	4064.12
5hjs-1-5hjs_A-1-5hjs_C-1__receptor.pdb	5hjs-1-5hjs_A-1-5hjs_C-1__ligand.sdf	1844	136	1073.38	-154.294	-156.591	1071.62	-155.543	0	-0.143746	sas_voromqa	1073.38	3472.28
5hkh-1-5hkh_A-1-5hkh_B-1__receptor.pdb	5hkh-1-5hkh_A-1-5hkh_B-1__ligand.sdf	643	75	819.544	-1.6594	-1.6594	819.544	-1.6594	0	-0.00202478	sas_voromqa	819.544	2073.88
5hkh-1-5hkh_C-1-5hkh_B-1__receptor.pdb	5hkh-1-5hkh_C-1-5hkh_B-1__ligand.sdf	599	75	1073.34	-3.23671	-3.23671	1073.34	-3.23671	0	-0.00301555	sas_voromqa	1073.34	2296.54
5hm1-1-5hm1_A-1-5hm1_D-1__receptor.pdb	5hm1-1-5hm1_A-1-5hm1_D-1__ligand.sdf	900	129	1123.23	17.433	17.433	1123.23	17.433	0	0.0155204	sas_voromqa	1123.23	3406.61
5hma-1-5hma_A-1-5hma_C-1__receptor.pdb	5hma-1-5hma_A-1-5hma_C-1__ligand.sdf	1387	25	268.14	5.67673	5.67673	268.14	5.67673	0	0.0211708	sas_voromqa	268.14	772.682
5hq8-1-5hq8_A-1-5hq8_I-1__receptor.pdb	5hq8-1-5hq8_A-1-5hq8_I-1__ligand.sdf	3345	77	538.596	64.8166	64.8166	538.596	64.8166	0	0.120344	sas_voromqa	538.596	2014.36
5hsz-1-5hsz_A-1-5hsz_K-1__receptor.pdb	5hsz-1-5hsz_A-1-5hsz_K-1__ligand.sdf	1541	89	952.202	-25.7212	-25.7212	952.202	-25.7212	0	-0.0270123	sas_voromqa	952.202	2525.91
5ht2-1-5ht2_A-1-5ht2_C-1__receptor.pdb	5ht2-1-5ht2_A-1-5ht2_C-1__ligand.sdf	2019	188	2215.04	-297.921	-349.787	2175.45	-326.141	0	-0.134499	sas_voromqa	2215.04	4967.77
5ht2-1-5ht2_A-1-5ht2_D-1__receptor.pdb	5ht2-1-5ht2_A-1-5ht2_D-1__ligand.sdf	2019	188	1789.89	-212.436	-251.355	1760.18	-233.612	0	-0.118687	sas_voromqa	1789.89	4604.35
5htc-1-5htc_A-1-5htc_C-1__receptor.pdb	5htc-1-5htc_A-1-5htc_C-1__ligand.sdf	2627	91	488.933	-4.24082	-4.24082	488.933	-4.24082	0	-0.00867362	sas_voromqa	488.933	2154.43
5hu3-1-5hu3_A-1-5hu3_B-1__receptor.pdb	5hu3-1-5hu3_A-1-5hu3_B-1__ligand.sdf	2136	121	1188.51	-113.001	-113.004	1188.51	-113.003	0	-0.0950779	sas_voromqa	1188.51	3235.69
5huw-1-5huw_C-1-5huw_A-1__receptor.pdb	5huw-1-5huw_C-1-5huw_A-1__ligand.sdf	3226	76	707.974	-19.3378	-19.3378	707.974	-19.3378	0	-0.0273143	sas_voromqa	707.974	2040.09
5huw-1-5huw_C-1-5huw_B-1__receptor.pdb	5huw-1-5huw_C-1-5huw_B-1__ligand.sdf	3226	48	412.352	20.4887	20.4887	412.352	20.4887	0	0.0496874	sas_voromqa	412.352	1325.93
5hyn-1-5hyn_A-1-5hyn_D-1__receptor.pdb	5hyn-1-5hyn_A-1-5hyn_D-1__ligand.sdf	4673	63	598.508	10.0877	10.0877	598.508	10.0877	0	0.0168547	sas_voromqa	598.508	1787.35
5hyn-1-5hyn_A-1-5hyn_E-1__receptor.pdb	5hyn-1-5hyn_A-1-5hyn_E-1__ligand.sdf	4673	96	1445.86	13.63	13.63	1445.86	13.63	0	0.00942692	sas_voromqa	1445.86	3154.52
5hz0-1-5hz0_B-1-5hz0_A-1__receptor.pdb	5hz0-1-5hz0_B-1-5hz0_A-1__ligand.sdf	4770	128	1044.07	29.071	28.0573	1043.3	28.5195	0	0.0278439	sas_voromqa	1044.07	3183.62
5i1n-1-5i1n_A-1-5i1n_H-1__receptor.pdb	5i1n-1-5i1n_A-1-5i1n_H-1__ligand.sdf	280	285	2287.05	56.6572	56.6572	2287.05	56.6572	0	0.024773	sas_voromqa	2287.05	7231.53
5i1n-1-5i1n_B-1-5i1n_G-1__receptor.pdb	5i1n-1-5i1n_B-1-5i1n_G-1__ligand.sdf	280	289	2417.24	110.519	110.519	2417.24	110.519	0	0.0457212	sas_voromqa	2417.24	7400.47
5i1n-1-5i1n_B-1-5i1n_H-1__receptor.pdb	5i1n-1-5i1n_B-1-5i1n_H-1__ligand.sdf	280	285	2386.27	70.515	70.515	2386.27	70.515	0	0.0295503	sas_voromqa	2386.27	7308.11
5i1n-1-5i1n_C-1-5i1n_G-1__receptor.pdb	5i1n-1-5i1n_C-1-5i1n_G-1__ligand.sdf	280	289	2491.78	83.1114	83.1114	2491.78	83.1114	0	0.0333542	sas_voromqa	2491.78	7468.82
5i1n-1-5i1n_D-1-5i1n_G-1__receptor.pdb	5i1n-1-5i1n_D-1-5i1n_G-1__ligand.sdf	280	289	2569.36	111.263	111.263	2569.36	111.263	0	0.0433038	sas_voromqa	2569.36	7543.01
5i1n-1-5i1n_D-1-5i1n_H-1__receptor.pdb	5i1n-1-5i1n_D-1-5i1n_H-1__ligand.sdf	280	285	2494.4	110.41	110.41	2494.4	110.41	0	0.0442631	sas_voromqa	2494.4	7418.51
5i1o-1-5i1o_B-1-5i1o_E-1__receptor.pdb	5i1o-1-5i1o_B-1-5i1o_E-1__ligand.sdf	280	289	2603.31	22.7942	22.7942	2603.31	22.7942	0	0.00875585	sas_voromqa	2603.31	7539.08
5i1p-1-5i1p_A-1-5i1p_E-1__receptor.pdb	5i1p-1-5i1p_A-1-5i1p_E-1__ligand.sdf	268	289	2464.53	53.5747	53.5747	2464.53	53.5747	0	0.0217383	sas_voromqa	2464.53	7482.52
5i1p-1-5i1p_A-1-5i1p_F-1__receptor.pdb	5i1p-1-5i1p_A-1-5i1p_F-1__ligand.sdf	268	289	2384.24	28.1188	28.1188	2384.24	28.1188	0	0.0117936	sas_voromqa	2384.24	7387.36
5i1p-1-5i1p_A-1-5i1p_H-1__receptor.pdb	5i1p-1-5i1p_A-1-5i1p_H-1__ligand.sdf	268	281	2474.67	115.456	115.456	2474.67	115.456	0	0.0466551	sas_voromqa	2474.67	7321.92
5i1p-1-5i1p_B-1-5i1p_E-1__receptor.pdb	5i1p-1-5i1p_B-1-5i1p_E-1__ligand.sdf	277	289	2562.98	72.2133	72.2133	2562.98	72.2133	0	0.0281755	sas_voromqa	2562.98	7555.41
5i1p-1-5i1p_B-1-5i1p_F-1__receptor.pdb	5i1p-1-5i1p_B-1-5i1p_F-1__ligand.sdf	277	289	2665.27	57.5417	57.5417	2665.27	57.5417	0	0.0215894	sas_voromqa	2665.27	7655.72
5i1s-1-5i1s_A-1-5i1s_C-1__receptor.pdb	5i1s-1-5i1s_A-1-5i1s_C-1__ligand.sdf	280	289	2511.32	70.2005	70.2005	2511.32	70.2005	0	0.0279536	sas_voromqa	2511.32	7513.33
5i5a-3-5i5a_A-1-5i5a_B-3__receptor.pdb	5i5a-3-5i5a_A-1-5i5a_B-3__ligand.sdf	277	287	2401.62	55.7804	55.7804	2401.62	55.7804	0	0.0232262	sas_voromqa	2401.62	7334.44
5i5a-3-5i5a_A-1-5i5a_B-4__receptor.pdb	5i5a-3-5i5a_A-1-5i5a_B-4__ligand.sdf	277	287	2603.68	31.074	31.074	2603.68	31.074	0	0.0119346	sas_voromqa	2603.68	7523.94
5i5b-1-5i5b_A-1-5i5b_B-1__receptor.pdb	5i5b-1-5i5b_A-1-5i5b_B-1__ligand.sdf	271	290	2638.12	63.9109	15.6558	2601.28	37.6554	0	0.0242259	sas_voromqa	2638.12	7716.98
5i7z-1-5i7z_A-1-5i7z_B-1__receptor.pdb	5i7z-1-5i7z_A-1-5i7z_B-1__ligand.sdf	720	60	563.901	-63.5876	-63.5876	563.901	-63.5876	0	-0.112764	sas_voromqa	563.901	1585.75
5i8m-1-5i8m_C-1-5i8m_E-1__receptor.pdb	5i8m-1-5i8m_C-1-5i8m_E-1__ligand.sdf	827	78	1054.47	104.489	104.489	1054.47	104.489	0	0.0990915	sas_voromqa	1054.47	2351.9
5icv-1-5icv_A-1-5icv_C-1__receptor.pdb	5icv-1-5icv_A-1-5icv_C-1__ligand.sdf	1424	80	434.303	-5.44879	-6.32066	433.638	-5.92317	0	-0.0125461	sas_voromqa	434.303	1866.35
5ig7-1-5ig7_A-1-5ig7_C-1__receptor.pdb	5ig7-1-5ig7_A-1-5ig7_C-1__ligand.sdf	1593	74	918.992	25.7604	25.7604	918.992	25.7604	0	0.0280311	sas_voromqa	918.992	2152.26
5ig7-1-5ig7_B-1-5ig7_C-1__receptor.pdb	5ig7-1-5ig7_B-1-5ig7_C-1__ligand.sdf	1593	74	910.839	106.751	106.751	910.839	106.751	0	0.117201	sas_voromqa	910.839	2106.09
5ig9-1-5ig9_A-1-5ig9_I-1__receptor.pdb	5ig9-1-5ig9_A-1-5ig9_I-1__ligand.sdf	2559	96	847.654	27.8922	27.8922	847.654	27.8922	0	0.0329052	sas_voromqa	847.654	2609.77
5ig9-1-5ig9_A-1-5ig9_J-1__receptor.pdb	5ig9-1-5ig9_A-1-5ig9_J-1__ligand.sdf	2559	96	1360.11	182.383	182.383	1360.11	182.383	0	0.134094	sas_voromqa	1360.11	2989.36
5ii0-1-5ii0_A-1-5ii0_D-1__receptor.pdb	5ii0-1-5ii0_A-1-5ii0_D-1__ligand.sdf	831	88	855.528	70.1129	-6.1867	797.28	28.5983	0	0.0819528	sas_voromqa	855.528	2348.42
5ijk-1-5ijk_A-1-5ijk_X-1__receptor.pdb	5ijk-1-5ijk_A-1-5ijk_X-1__ligand.sdf	1594	67	988.982	124.274	124.274	988.982	124.274	0	0.125659	sas_voromqa	988.982	2073.41
5iq9-1-5iq9_A-1-5iq9_C-1__receptor.pdb	5iq9-1-5iq9_A-1-5iq9_C-1__ligand.sdf	1739	175	1569.21	204.666	204.666	1569.21	204.666	0	0.130426	sas_voromqa	1569.21	4614.19
5iql-1-5iql_A-1-5iql_B-1__receptor.pdb	5iql-1-5iql_A-1-5iql_B-1__ligand.sdf	1096	59	691.373	-51.1142	-51.1142	691.373	-51.1142	0	-0.0739314	sas_voromqa	691.373	1705.88
5iqn-1-5iqn_A-1-5iqn_B-1__receptor.pdb	5iqn-1-5iqn_A-1-5iqn_B-1__ligand.sdf	959	90	559.474	-118.592	-118.592	559.474	-118.592	0	-0.211971	sas_voromqa	559.474	2138.09
5isz-1-5isz_D-1-5isz_C-1__receptor.pdb	5isz-1-5isz_D-1-5isz_C-1__ligand.sdf	1557	69	1161.61	120.146	120.146	1161.61	120.146	0	0.103431	sas_voromqa	1161.61	2326.87
5iue-1-5iue_A-1-5iue_K-1__receptor.pdb	5iue-1-5iue_A-1-5iue_K-1__ligand.sdf	2241	65	339.309	-35.5744	-35.5744	339.309	-35.5744	0	-0.104844	sas_voromqa	339.309	1528.85
5ivn-1-5ivn_A-1-5ivn_B-1__receptor.pdb	5ivn-1-5ivn_A-1-5ivn_B-1__ligand.sdf	938	104	818.999	-61.0624	-61.0624	818.999	-61.0624	0	-0.0745574	sas_voromqa	818.999	2593.73
5ivx-1-5ivx_E-1-5ivx_P-1__receptor.pdb	5ivx-1-5ivx_E-1-5ivx_P-1__ligand.sdf	1514	76	1240.96	-18.3386	-18.3386	1240.96	-18.3386	0	-0.0147778	sas_voromqa	1240.96	2483.22
5ivx-1-5ivx_F-1-5ivx_P-1__receptor.pdb	5ivx-1-5ivx_F-1-5ivx_P-1__ligand.sdf	1888	76	1183.14	-4.71468	-4.71468	1183.14	-4.71468	0	-0.00398489	sas_voromqa	1183.14	2428.71
5ix1-1-5ix1_A-1-5ix1_P-1__receptor.pdb	5ix1-1-5ix1_A-1-5ix1_P-1__ligand.sdf	3355	76	731.983	-30.4752	-30.4752	731.983	-30.4752	0	-0.0416338	sas_voromqa	731.983	2077.84
5ixq-1-5ixq_A-1-5ixq_B-1__receptor.pdb	5ixq-1-5ixq_A-1-5ixq_B-1__ligand.sdf	4518	97	901.274	-7.15196	-7.15196	901.274	-7.15196	0	-0.00793539	sas_voromqa	901.274	2581.59
5iz2-1-5iz2_B-1-5iz2_Z-1__receptor.pdb	5iz2-1-5iz2_B-1-5iz2_Z-1__ligand.sdf	932	22	303.426	39.6353	39.6353	303.426	39.6353	0	0.130626	sas_voromqa	303.426	667.243
5iza-1-5iza_A-1-5iza_B-1__receptor.pdb	5iza-1-5iza_A-1-5iza_B-1__ligand.sdf	2641	53	417.162	42.6643	42.6643	417.162	42.6643	0	0.102273	sas_voromqa	417.162	1342.23
5izj-1-5izj_A-1-5izj_G-1__receptor.pdb	5izj-1-5izj_A-1-5izj_G-1__ligand.sdf	2719	49	386.909	-55.0317	-55.0317	386.909	-55.0317	0	-0.142234	sas_voromqa	386.909	1275.3
5izu-1-5izu_A-1-5izu_B-1__receptor.pdb	5izu-1-5izu_A-1-5izu_B-1__ligand.sdf	941	121	1607.06	36.2199	36.2199	1607.06	36.2199	0	0.022538	sas_voromqa	1607.06	3599.8
5izu-1-5izu_A-1-5izu_D-1__receptor.pdb	5izu-1-5izu_A-1-5izu_D-1__ligand.sdf	941	121	1715.26	-106.158	-106.158	1715.26	-106.158	0	-0.0618903	sas_voromqa	1715.26	3698.37
5j3q-1-5j3q_A-1-5j3q_B-1__receptor.pdb	5j3q-1-5j3q_A-1-5j3q_B-1__ligand.sdf	1042	103	908.952	57.8322	57.8322	908.952	57.8322	0	0.0636251	sas_voromqa	908.952	2710.35
5j6h-1-5j6h_A-1-5j6h_F-1__receptor.pdb	5j6h-1-5j6h_A-1-5j6h_F-1__ligand.sdf	2187	57	192.872	-12.4571	-12.4571	192.872	-12.4571	0	-0.0645874	sas_voromqa	192.872	1239.87
5j7o-1-5j7o_A-1-5j7o_G-1__receptor.pdb	5j7o-1-5j7o_A-1-5j7o_G-1__ligand.sdf	4799	105	1188.92	103.508	103.508	1188.92	103.508	0	0.0870605	sas_voromqa	1188.92	3012.18
5j7o-1-5j7o_A-1-5j7o_H-1__receptor.pdb	5j7o-1-5j7o_A-1-5j7o_H-1__ligand.sdf	4799	105	1631.32	136.89	136.89	1631.32	136.89	0	0.0839136	sas_voromqa	1631.32	3346.78
5j7o-1-5j7o_A-1-5j7o_I-1__receptor.pdb	5j7o-1-5j7o_A-1-5j7o_I-1__ligand.sdf	4799	105	1651.07	145.844	145.844	1651.07	145.844	0	0.088333	sas_voromqa	1651.07	3363.31
5j9k-1-5j9k_A-1-5j9k_C-1__receptor.pdb	5j9k-1-5j9k_A-1-5j9k_C-1__ligand.sdf	1707	76	1036.76	28.6801	28.6801	1036.76	28.6801	0	0.0276632	sas_voromqa	1036.76	2358.16
5j9k-1-5j9k_A-1-5j9k_C-2__receptor.pdb	5j9k-1-5j9k_A-1-5j9k_C-2__ligand.sdf	1707	76	1215.44	92.2419	92.2419	1215.44	92.2419	0	0.0758918	sas_voromqa	1215.44	2490.17
5ja5-1-5ja5_A-1-5ja5_B-1__receptor.pdb	5ja5-1-5ja5_A-1-5ja5_B-1__ligand.sdf	1675	57	589.077	26.6976	26.6976	589.077	26.6976	0	0.0453211	sas_voromqa	589.077	1582.48
5jbq-1-5jbq_A-1-5jbq_B-1__receptor.pdb	5jbq-1-5jbq_A-1-5jbq_B-1__ligand.sdf	3027	90	669.448	165.881	165.881	669.448	165.881	0	0.247788	sas_voromqa	669.448	2178.87
5jbt-1-5jbt_A-1-5jbt_X-1__receptor.pdb	5jbt-1-5jbt_A-1-5jbt_X-1__ligand.sdf	1701	100	1442.88	88.0985	88.0985	1442.88	88.0985	0	0.0610574	sas_voromqa	1442.88	3099.92
5jbt-1-5jbt_Y-1-5jbt_X-1__receptor.pdb	5jbt-1-5jbt_Y-1-5jbt_X-1__ligand.sdf	295	100	1144.29	-79.4464	-79.4464	1144.29	-79.4464	0	-0.0694286	sas_voromqa	1144.29	2879.62
5jej-1-5jej_A-1-5jej_E-1__receptor.pdb	5jej-1-5jej_A-1-5jej_E-1__ligand.sdf	1838	36	548.565	73.8744	73.8744	548.565	73.8744	0	0.134668	sas_voromqa	548.565	1115.19
5jej-1-5jej_B-1-5jej_E-1__receptor.pdb	5jej-1-5jej_B-1-5jej_E-1__ligand.sdf	1829	36	448.989	-42.2074	-42.2074	448.989	-42.2074	0	-0.0940054	sas_voromqa	448.989	1033.06
5jel-1-5jel_A-1-5jel_B-1__receptor.pdb	5jel-1-5jel_A-1-5jel_B-1__ligand.sdf	1838	109	1121.71	-131.491	-140.637	1114.73	-136.467	0	-0.117224	sas_voromqa	1121.71	2958.51
5jf0-1-5jf0_A-1-5jf0_D-1__receptor.pdb	5jf0-1-5jf0_A-1-5jf0_D-1__ligand.sdf	1560	25	176.504	-67.9418	-67.9418	176.504	-67.9418	0	-0.384931	sas_voromqa	176.504	662.678
5jfi-1-5jfi_A-1-5jfi_C-1__receptor.pdb	5jfi-1-5jfi_A-1-5jfi_C-1__ligand.sdf	4463	89	730.216	31.408	31.408	730.216	31.408	0	0.0430119	sas_voromqa	730.216	2266.99
5jft-1-5jft_A-1-5jft_F-1__receptor.pdb	5jft-1-5jft_A-1-5jft_F-1__ligand.sdf	1859	36	198.187	-19.6754	-19.6754	198.187	-19.6754	0	-0.0992769	sas_voromqa	198.187	824.805
5jhd-1-5jhd_D-1-5jhd_C-1__receptor.pdb	5jhd-1-5jhd_D-1-5jhd_C-1__ligand.sdf	1584	69	1139.5	126.544	126.544	1139.5	126.544	0	0.111052	sas_voromqa	1139.5	2285.13
5jiu-1-5jiu_A-1-5jiu_C-1__receptor.pdb	5jiu-1-5jiu_A-1-5jiu_C-1__ligand.sdf	1647	44	376.143	-19.1044	-19.1044	376.143	-19.1044	0	-0.0507903	sas_voromqa	376.143	1110.66
5jiy-1-5jiy_A-1-5jiy_F-1__receptor.pdb	5jiy-1-5jiy_A-1-5jiy_F-1__ligand.sdf	2202	62	329.946	11.508	11.508	329.946	11.508	0	0.0348784	sas_voromqa	329.946	1483.12
5jja-1-5jja_A-1-5jja_C-1__receptor.pdb	5jja-1-5jja_A-1-5jja_C-1__ligand.sdf	2775	65	693.17	-42.6398	-42.6398	693.17	-42.6398	0	-0.0615142	sas_voromqa	693.17	1871.18
5jjm-1-5jjm_A-1-5jjm_M-1__receptor.pdb	5jjm-1-5jjm_A-1-5jjm_M-1__ligand.sdf	2061	24	283.182	-14.1761	-14.1761	283.182	-14.1761	0	-0.05006	sas_voromqa	283.182	716.486
5jjz-1-5jjz_A-1-5jjz_B-1__receptor.pdb	5jjz-1-5jjz_A-1-5jjz_B-1__ligand.sdf	492	24	318.393	19.1073	19.1073	318.393	19.1073	0	0.0600117	sas_voromqa	318.393	768.404
5jlb-1-5jlb_A-1-5jlb_B-1__receptor.pdb	5jlb-1-5jlb_A-1-5jlb_B-1__ligand.sdf	1993	109	820.093	-71.696	-71.696	820.093	-71.696	0	-0.0874242	sas_voromqa	820.093	2758.31
5jp2-1-5jp2_A-1-5jp2_E-1__receptor.pdb	5jp2-1-5jp2_A-1-5jp2_E-1__ligand.sdf	2086	142	1195.47	53.3017	53.3017	1195.47	53.3017	0	0.0445864	sas_voromqa	1195.47	3583.25
5jpf-1-5jpf_A-1-5jpf_M-1__receptor.pdb	5jpf-1-5jpf_A-1-5jpf_M-1__ligand.sdf	2314	71	623.804	7.45769	7.45769	623.804	7.45769	0	0.0119552	sas_voromqa	623.804	1877.73
5jr2-1-5jr2_A-1-5jr2_E-1__receptor.pdb	5jr2-1-5jr2_A-1-5jr2_E-1__ligand.sdf	1438	98	625.456	21.2844	21.2844	625.456	21.2844	0	0.0340302	sas_voromqa	625.456	2311.85
5jr6-1-5jr6_A-1-5jr6_F-1__receptor.pdb	5jr6-1-5jr6_A-1-5jr6_F-1__ligand.sdf	4841	33	174.3	25.0284	25.0284	174.3	25.0284	0	0.143594	sas_voromqa	174.3	781.927
5jub-1-5jub_B-1-5jub_D-1__receptor.pdb	5jub-1-5jub_B-1-5jub_D-1__ligand.sdf	2447	62	110.099	22.8753	22.8753	110.099	22.8753	0	0.20777	sas_voromqa	110.099	1283.15
5jy0-1-5jy0_A-1-5jy0_B-1__receptor.pdb	5jy0-1-5jy0_A-1-5jy0_B-1__ligand.sdf	5399	23	107.232	8.5581	8.5581	107.232	8.5581	0	0.0798092	sas_voromqa	107.232	539.07
5k99-1-5k99_A-1-5k99_C-1__receptor.pdb	5k99-1-5k99_A-1-5k99_C-1__ligand.sdf	2608	66	537.428	-7.16387	-7.16387	537.428	-7.16387	0	-0.0133299	sas_voromqa	537.428	1653.17
5kds-1-5kds_A-1-5kds_G-1__receptor.pdb	5kds-1-5kds_A-1-5kds_G-1__ligand.sdf	4094	75	657.906	16.8152	16.8152	657.906	16.8152	0	0.0255587	sas_voromqa	657.906	1905.19
5kez-1-5kez_A-1-5kez_B-1__receptor.pdb	5kez-1-5kez_A-1-5kez_B-1__ligand.sdf	3938	89	428.228	64.0443	64.0443	428.228	64.0443	0	0.149557	sas_voromqa	428.228	1968.4
5kjh-1-5kjh_B-1-5kjh_D-1__receptor.pdb	5kjh-1-5kjh_B-1-5kjh_D-1__ligand.sdf	6498	60	1016.01	19.0273	19.0273	1016.01	19.0273	0	0.0187275	sas_voromqa	1016.01	2047.47
5kmx-1-5kmx_A-1-5kmx_U-1__receptor.pdb	5kmx-1-5kmx_A-1-5kmx_U-1__ligand.sdf	1630	64	950.366	64.9046	64.9046	950.366	64.9046	0	0.0682943	sas_voromqa	950.366	2092.22
5koa-1-5koa_B-1-5koa_D-1__receptor.pdb	5koa-1-5koa_B-1-5koa_D-1__ligand.sdf	1980	104	996.33	-19.2384	-19.2384	996.33	-19.2384	0	-0.0193093	sas_voromqa	996.33	2790.95
5ks9-1-5ks9_G-1-5ks9_J-1__receptor.pdb	5ks9-1-5ks9_G-1-5ks9_J-1__ligand.sdf	1466	112	1933.01	85.9578	85.9578	1933.01	85.9578	0	0.0444684	sas_voromqa	1933.01	3678.75
5ksa-1-5ksa_C-1-5ksa_J-1__receptor.pdb	5ksa-1-5ksa_C-1-5ksa_J-1__ligand.sdf	1526	90	1470.84	-16.3386	-16.3386	1470.84	-16.3386	0	-0.0111083	sas_voromqa	1470.84	2870.77
5ksa-1-5ksa_D-1-5ksa_J-1__receptor.pdb	5ksa-1-5ksa_D-1-5ksa_J-1__ligand.sdf	1926	90	1459.61	21.437	21.437	1459.61	21.437	0	0.0146868	sas_voromqa	1459.61	2896.37
5ksb-1-5ksb_G-1-5ksb_J-1__receptor.pdb	5ksb-1-5ksb_G-1-5ksb_J-1__ligand.sdf	1533	85	1421.61	-0.787721	-0.787721	1421.61	-0.787721	0	-0.000554105	sas_voromqa	1421.61	2769.88
5kvm-1-5kvm_A-1-5kvm_B-1__receptor.pdb	5kvm-1-5kvm_A-1-5kvm_B-1__ligand.sdf	2767	71	307.817	40.7418	40.7418	307.817	40.7418	0	0.132357	sas_voromqa	307.817	1648.32
5kyn-2-5kyn_B-1-5kyn_C-1__receptor.pdb	5kyn-2-5kyn_B-1-5kyn_C-1__ligand.sdf	5633	21	250.766	26.4829	26.4829	250.766	26.4829	0	0.105608	sas_voromqa	250.766	614.354
5kzt-1-5kzt_A-1-5kzt_C-1__receptor.pdb	5kzt-1-5kzt_A-1-5kzt_C-1__ligand.sdf	4075	42	52.5412	-2.95142	-2.95142	52.5412	-2.95142	0	-0.0561734	sas_voromqa	52.5412	827.176
5l0y-2-5l0y_B-1-5l0y_M-1__receptor.pdb	5l0y-2-5l0y_B-1-5l0y_M-1__ligand.sdf	1201	41	435.522	-114.509	-114.509	435.522	-114.509	0	-0.262924	sas_voromqa	435.522	1152.21
5l20-1-5l20_A-1-5l20_C-1__receptor.pdb	5l20-1-5l20_A-1-5l20_C-1__ligand.sdf	913	36	625.083	40.0353	40.0353	625.083	40.0353	0	0.064048	sas_voromqa	625.083	1285.89
5l83-1-5l83_B-1-5l83_C-1__receptor.pdb	5l83-1-5l83_B-1-5l83_C-1__ligand.sdf	913	47	337.625	-80.3113	-80.3113	337.625	-80.3113	0	-0.237871	sas_voromqa	337.625	1139.67
5l8e-1-5l8e_A-1-5l8e_C-1__receptor.pdb	5l8e-1-5l8e_A-1-5l8e_C-1__ligand.sdf	4073	23	320.891	20.1014	20.1014	320.891	20.1014	0	0.0626425	sas_voromqa	320.891	737.8
5lak-1-5lak_A-1-5lak_I-1__receptor.pdb	5lak-1-5lak_A-1-5lak_I-1__ligand.sdf	2322	49	229.159	84.3284	84.3284	229.159	84.3284	0	0.367991	sas_voromqa	229.159	1086.83
5las-1-5las_A-1-5las_D-1__receptor.pdb	5las-1-5las_A-1-5las_D-1__ligand.sdf	1634	131	2056.64	213.218	213.218	2056.64	213.218	0	0.103673	sas_voromqa	2056.64	4260.38
5lb7-1-5lb7_A-1-5lb7_C-1__receptor.pdb	5lb7-1-5lb7_A-1-5lb7_C-1__ligand.sdf	1297	25	383.717	74.8259	74.8259	383.717	74.8259	0	0.195003	sas_voromqa	383.717	838.693
5leo-1-5leo_A-1-5leo_H-1__receptor.pdb	5leo-1-5leo_A-1-5leo_H-1__ligand.sdf	737	21	151.162	-29.3611	-29.3611	151.162	-29.3611	0	-0.194236	sas_voromqa	151.162	503.762
5ley-1-5ley_K-1-5ley_c-1__receptor.pdb	5ley-1-5ley_K-1-5ley_c-1__ligand.sdf	1545	37	332.323	53.6131	53.6131	332.323	53.6131	0	0.161328	sas_voromqa	332.323	976.375
5ley-1-5ley_L-1-5ley_c-1__receptor.pdb	5ley-1-5ley_L-1-5ley_c-1__ligand.sdf	1630	37	650.19	145.575	145.575	650.19	145.575	0	0.223896	sas_voromqa	650.19	1275.46
5lez-1-5lez_H-1-5lez_d-1__receptor.pdb	5lez-1-5lez_H-1-5lez_d-1__ligand.sdf	1651	41	758.14	141.109	141.109	758.14	141.109	0	0.186125	sas_voromqa	758.14	1462.37
5lez-1-5lez_N-1-5lez_d-1__receptor.pdb	5lez-1-5lez_N-1-5lez_d-1__ligand.sdf	1514	41	331.842	38.2379	38.2379	331.842	38.2379	0	0.115229	sas_voromqa	331.842	1062.19
5lf0-1-5lf0_H-1-5lf0_c-1__receptor.pdb	5lf0-1-5lf0_H-1-5lf0_c-1__ligand.sdf	1651	40	338.162	41.4323	6.5033	311.497	22.4274	0	0.122522	sas_voromqa	338.162	1099.1
5lf0-1-5lf0_I-1-5lf0_c-1__receptor.pdb	5lf0-1-5lf0_I-1-5lf0_c-1__ligand.sdf	1591	40	646.964	91.6973	-11.3502	568.297	35.6291	0	0.141735	sas_voromqa	646.964	1385.41
5lgr-1-5lgr_A-1-5lgr_F-1__receptor.pdb	5lgr-1-5lgr_A-1-5lgr_F-1__ligand.sdf	2762	119	1887.25	137.757	137.757	1887.25	137.757	0	0.0729935	sas_voromqa	1887.25	3837.47
5lmg-1-5lmg_A-1-5lmg_D-1__receptor.pdb	5lmg-1-5lmg_A-1-5lmg_D-1__ligand.sdf	2583	101	897.28	-36.508	-36.508	897.28	-36.508	0	-0.0406874	sas_voromqa	897.28	2664.59
5lrg-1-5lrg_A-1-5lrg_F-1__receptor.pdb	5lrg-1-5lrg_A-1-5lrg_F-1__ligand.sdf	2436	60	430.134	147.47	147.47	430.134	147.47	0	0.342847	sas_voromqa	430.134	1476.47
5lsp-1-5lsp_A-1-5lsp_X-1__receptor.pdb	5lsp-1-5lsp_A-1-5lsp_X-1__ligand.sdf	1705	59	749.295	-37.8249	-37.8249	749.295	-37.8249	0	-0.0504807	sas_voromqa	749.295	1776.28
5lug-1-5lug_A-1-5lug_F-1__receptor.pdb	5lug-1-5lug_A-1-5lug_F-1__ligand.sdf	1665	69	744.291	11.9509	11.9509	744.291	11.9509	0	0.0160568	sas_voromqa	744.291	1993.23
5lum-1-5lum_A-1-5lum_F-1__receptor.pdb	5lum-1-5lum_A-1-5lum_F-1__ligand.sdf	608	67	724.79	9.56987	9.56987	724.79	9.56987	0	0.0132036	sas_voromqa	724.79	1898.51
5luz-1-5luz_A-1-5luz_C-1__receptor.pdb	5luz-1-5luz_A-1-5luz_C-1__ligand.sdf	5339	36	230.386	-7.66359	-7.66359	230.386	-7.66359	0	-0.0332641	sas_voromqa	230.386	991.701
5lx2-1-5lx2_A-1-5lx2_B-1__receptor.pdb	5lx2-1-5lx2_A-1-5lx2_B-1__ligand.sdf	1853	44	290.425	4.62315	2.60742	288.886	3.52639	0	0.0159186	sas_voromqa	290.425	1099.58
5lxi-1-5lxi_B-1-5lxi_C-1__receptor.pdb	5lxi-1-5lxi_B-1-5lxi_C-1__ligand.sdf	957	86	1498.18	-102.923	-107.715	1494.53	-105.53	0	-0.0686987	sas_voromqa	1498.18	2886.24
5ly2-1-5ly2_B-1-5ly2_E-1__receptor.pdb	5ly2-1-5ly2_B-1-5ly2_E-1__ligand.sdf	2759	136	1553.63	208.627	208.627	1553.63	208.627	0	0.134284	sas_voromqa	1553.63	3776.82
5ly3-1-5ly3_A-1-5ly3_B-1__receptor.pdb	5ly3-1-5ly3_A-1-5ly3_B-1__ligand.sdf	3374	129	1174.99	-82.5509	-82.5509	1174.99	-82.5509	0	-0.0702567	sas_voromqa	1174.99	3476.05
5lyn-1-5lyn_A-1-5lyn_D-1__receptor.pdb	5lyn-1-5lyn_A-1-5lyn_D-1__ligand.sdf	1037	56	496.682	-26.6732	-99.4709	441.107	-66.2825	0	-0.0537028	sas_voromqa	496.682	1488.96
5m02-1-5m02_G-1-5m02_P-1__receptor.pdb	5m02-1-5m02_G-1-5m02_P-1__ligand.sdf	1467	72	1244.45	136.203	136.203	1244.45	136.203	0	0.109448	sas_voromqa	1244.45	2421.42
5m02-1-5m02_H-1-5m02_P-1__receptor.pdb	5m02-1-5m02_H-1-5m02_P-1__ligand.sdf	1872	72	1180.8	123.811	123.811	1180.8	123.811	0	0.104853	sas_voromqa	1180.8	2339.59
5m0i-1-5m0i_C-1-5m0i_I-1__receptor.pdb	5m0i-1-5m0i_C-1-5m0i_I-1__ligand.sdf	1935	46	346.961	21.0317	21.0317	346.961	21.0317	0	0.0606169	sas_voromqa	346.961	1164.86
5m3h-1-5m3h_A-1-5m3h_X-1__receptor.pdb	5m3h-1-5m3h_A-1-5m3h_X-1__ligand.sdf	5692	49	513.232	27.9099	26.0874	511.841	26.9183	0	0.0543807	sas_voromqa	513.232	1340.9
5m3h-1-5m3h_A-1-5m3h_Y-1__receptor.pdb	5m3h-1-5m3h_A-1-5m3h_Y-1__ligand.sdf	5692	80	611.939	61.9739	60.886	611.109	61.382	0	0.101275	sas_voromqa	611.939	1993.45
5m5g-1-5m5g_A-1-5m5g_D-1__receptor.pdb	5m5g-1-5m5g_A-1-5m5g_D-1__ligand.sdf	3782	60	648.981	2.90654	2.90654	648.981	2.90654	0	0.00447862	sas_voromqa	648.981	1717.29
5m5g-2-5m5g_B-1-5m5g_E-1__receptor.pdb	5m5g-2-5m5g_B-1-5m5g_E-1__ligand.sdf	6426	63	510.965	64.7793	64.7793	510.965	64.7793	0	0.126778	sas_voromqa	510.965	1706.14
5m5t-1-5m5t_A-1-5m5t_E-1__receptor.pdb	5m5t-1-5m5t_A-1-5m5t_E-1__ligand.sdf	2811	56	477.241	-62.4235	-62.4235	477.241	-62.4235	0	-0.130801	sas_voromqa	477.241	1465.08
5m5t-1-5m5t_A-1-5m5t_G-1__receptor.pdb	5m5t-1-5m5t_A-1-5m5t_G-1__ligand.sdf	2811	69	791.752	-87.0628	-87.0628	791.752	-87.0628	0	-0.109962	sas_voromqa	791.752	1994.14
5m5t-1-5m5t_A-1-5m5t_I-1__receptor.pdb	5m5t-1-5m5t_A-1-5m5t_I-1__ligand.sdf	2811	41	480.931	-13.0297	-13.0297	480.931	-13.0297	0	-0.0270927	sas_voromqa	480.931	1244.09
5m9e-1-5m9e_A-1-5m9e_E-1__receptor.pdb	5m9e-1-5m9e_A-1-5m9e_E-1__ligand.sdf	572	149	2110.47	8.48049	8.48049	2110.47	8.48049	0	0.00401829	sas_voromqa	2110.47	4639.88
5m9e-1-5m9e_A-1-5m9e_H-1__receptor.pdb	5m9e-1-5m9e_A-1-5m9e_H-1__ligand.sdf	572	95	1380.93	129.544	129.544	1380.93	129.544	0	0.0938092	sas_voromqa	1380.93	3025.43
5m9n-1-5m9n_A-1-5m9n_C-1__receptor.pdb	5m9n-1-5m9n_A-1-5m9n_C-1__ligand.sdf	1562	34	519.467	10.2763	10.2763	519.467	10.2763	0	0.0197824	sas_voromqa	519.467	1096.23
5mco-1-5mco_A-1-5mco_B-1__receptor.pdb	5mco-1-5mco_A-1-5mco_B-1__ligand.sdf	3005	81	851.958	117.936	117.936	851.958	117.936	0	0.138429	sas_voromqa	851.958	2251.94
5me3-1-5me3_A-1-5me3_X-1__receptor.pdb	5me3-1-5me3_A-1-5me3_X-1__ligand.sdf	7931	85	1034.24	85.7035	85.7035	1034.24	85.7035	0	0.0828662	sas_voromqa	1034.24	2546.61
5me3-1-5me3_A-1-5me3_Z-1__receptor.pdb	5me3-1-5me3_A-1-5me3_Z-1__ligand.sdf	7931	55	773.526	62.2768	62.2768	773.526	62.2768	0	0.0805103	sas_voromqa	773.526	1733.91
5me3-2-5me3_B-1-5me3_W-1__receptor.pdb	5me3-2-5me3_B-1-5me3_W-1__ligand.sdf	7811	50	728.01	63.8333	63.8333	728.01	63.8333	0	0.0876819	sas_voromqa	728.01	1561.98
5mff-1-5mff_A-1-5mff_E-1__receptor.pdb	5mff-1-5mff_A-1-5mff_E-1__ligand.sdf	2075	114	1399.18	-223.941	-223.941	1399.18	-223.941	0	-0.160052	sas_voromqa	1399.18	3487.92
5mfg-1-5mfg_A-1-5mfg_E-1__receptor.pdb	5mfg-1-5mfg_A-1-5mfg_E-1__ligand.sdf	2092	111	1366.55	-268.803	-268.803	1366.55	-268.803	0	-0.196702	sas_voromqa	1366.55	3232.36
5mfg-1-5mfg_C-1-5mfg_E-1__receptor.pdb	5mfg-1-5mfg_C-1-5mfg_E-1__ligand.sdf	1993	111	1894.69	-436.402	-436.402	1894.69	-436.402	0	-0.230329	sas_voromqa	1894.69	3686.36
5mfg-1-5mfg_D-1-5mfg_E-1__receptor.pdb	5mfg-1-5mfg_D-1-5mfg_E-1__ligand.sdf	1761	111	1996.12	-428.246	-428.246	1996.12	-428.246	0	-0.214539	sas_voromqa	1996.12	3714.78
5mfi-1-5mfi_A-1-5mfi_C-1__receptor.pdb	5mfi-1-5mfi_A-1-5mfi_C-1__ligand.sdf	1790	80	847.26	-47.4567	-47.4567	847.26	-47.4567	0	-0.056012	sas_voromqa	847.26	2334.55
5mfi-1-5mfi_A-1-5mfi_D-1__receptor.pdb	5mfi-1-5mfi_A-1-5mfi_D-1__ligand.sdf	1790	60	1013.21	-112.405	-112.405	1013.21	-112.405	0	-0.110939	sas_voromqa	1013.21	2085.31
5mfi-1-5mfi_B-1-5mfi_D-1__receptor.pdb	5mfi-1-5mfi_B-1-5mfi_D-1__ligand.sdf	1796	60	715.891	7.15721	7.15721	715.891	7.15721	0	0.00999763	sas_voromqa	715.891	1811.14
5mfk-2-5mfk_B-1-5mfk_D-1__receptor.pdb	5mfk-2-5mfk_B-1-5mfk_D-1__ligand.sdf	1800	11	220.393	-7.60662	-7.60662	220.393	-7.60662	0	-0.0345139	sas_voromqa	220.393	414.897
5mgx-1-5mgx_F-1-5mgx_A-1__receptor.pdb	5mgx-1-5mgx_F-1-5mgx_A-1__ligand.sdf	1996	62	516.664	-103.587	-103.587	516.664	-103.587	0	-0.200492	sas_voromqa	516.664	1627.64
5mk2-2-5mk2_B-1-5mk2_C-1__receptor.pdb	5mk2-2-5mk2_B-1-5mk2_C-1__ligand.sdf	2857	90	726.288	-74.0158	-74.0158	726.288	-74.0158	0	-0.10191	sas_voromqa	726.288	2265.15
5mlu-1-5mlu_D-1-5mlu_M-1__receptor.pdb	5mlu-1-5mlu_D-1-5mlu_M-1__ligand.sdf	726	137	2003.28	77.4105	77.4105	2003.28	77.4105	0	0.0386419	sas_voromqa	2003.28	4257.1
5mn9-1-5mn9_B-1-5mn9_C-1__receptor.pdb	5mn9-1-5mn9_B-1-5mn9_C-1__ligand.sdf	593	157	1790.73	-98.0997	-98.0997	1790.73	-98.0997	0	-0.054782	sas_voromqa	1790.73	4420.79
5mo3-1-5mo3_H-1-5mo3_A-1__receptor.pdb	5mo3-1-5mo3_H-1-5mo3_A-1__ligand.sdf	1648	51	610.977	44.9144	44.9144	610.977	44.9144	0	0.0735124	sas_voromqa	610.977	1462.84
5mo3-1-5mo3_L-1-5mo3_A-1__receptor.pdb	5mo3-1-5mo3_L-1-5mo3_A-1__ligand.sdf	1697	51	681.283	38.8574	38.8574	681.283	38.8574	0	0.0570356	sas_voromqa	681.283	1528.3
5mtf-1-5mtf_A-1-5mtf_C-1__receptor.pdb	5mtf-1-5mtf_A-1-5mtf_C-1__ligand.sdf	1446	59	440.548	-64.5351	-64.5351	440.548	-64.5351	0	-0.146488	sas_voromqa	440.548	1472.64
5mtf-1-5mtf_A-1-5mtf_C-5__receptor.pdb	5mtf-1-5mtf_A-1-5mtf_C-5__ligand.sdf	1446	59	1051.33	-2.4398	-2.4398	1051.33	-2.4398	0	-0.00232068	sas_voromqa	1051.33	2011.72
5mtw-1-5mtw_A-1-5mtw_E-1__receptor.pdb	5mtw-1-5mtw_A-1-5mtw_E-1__ligand.sdf	1072	108	1516.15	22.7952	22.7952	1516.15	22.7952	0	0.0150349	sas_voromqa	1516.15	3283.16
5mtw-1-5mtw_A-1-5mtw_G-1__receptor.pdb	5mtw-1-5mtw_A-1-5mtw_G-1__ligand.sdf	1072	102	1430.3	86.2967	86.2967	1430.3	86.2967	0	0.0603347	sas_voromqa	1430.3	3106.49
5mtw-1-5mtw_B-1-5mtw_E-1__receptor.pdb	5mtw-1-5mtw_B-1-5mtw_E-1__ligand.sdf	1077	108	1819.2	109.545	109.545	1819.2	109.545	0	0.060216	sas_voromqa	1819.2	3564.85
5mtw-1-5mtw_D-1-5mtw_G-1__receptor.pdb	5mtw-1-5mtw_D-1-5mtw_G-1__ligand.sdf	1058	102	1610.01	159.563	159.563	1610.01	159.563	0	0.0991068	sas_voromqa	1610.01	3236.37
5mu0-1-5mu0_A-1-5mu0_Q-1__receptor.pdb	5mu0-1-5mu0_A-1-5mu0_Q-1__ligand.sdf	1618	74	939.396	53.469	53.469	939.396	53.469	0	0.0569185	sas_voromqa	939.396	2179.08
5mu0-1-5mu0_B-1-5mu0_Q-1__receptor.pdb	5mu0-1-5mu0_B-1-5mu0_Q-1__ligand.sdf	1660	74	823.859	25.4389	25.4389	823.859	25.4389	0	0.0308777	sas_voromqa	823.859	2116.63
5myk-1-5myk_A-1-5myk_C-1__receptor.pdb	5myk-1-5myk_A-1-5myk_C-1__ligand.sdf	1692	47	752.843	55.6075	55.6075	752.843	55.6075	0	0.0738633	sas_voromqa	752.843	1468.72
5myk-1-5myk_B-1-5myk_C-1__receptor.pdb	5myk-1-5myk_B-1-5myk_C-1__ligand.sdf	1642	47	351.039	37.0391	37.0391	351.039	37.0391	0	0.105513	sas_voromqa	351.039	1129.46
5myo-1-5myo_A-1-5myo_E-1__receptor.pdb	5myo-1-5myo_A-1-5myo_E-1__ligand.sdf	1697	86	1036.41	47.8283	47.8283	1036.41	47.8283	0	0.046148	sas_voromqa	1036.41	2466.4
5myo-1-5myo_B-1-5myo_E-1__receptor.pdb	5myo-1-5myo_B-1-5myo_E-1__ligand.sdf	1683	86	930.47	20.949	20.949	930.47	20.949	0	0.0225144	sas_voromqa	930.47	2360.84
5myx-1-5myx_A-1-5myx_E-1__receptor.pdb	5myx-1-5myx_A-1-5myx_E-1__ligand.sdf	1697	106	1177.47	125.974	125.974	1177.47	125.974	0	0.106987	sas_voromqa	1177.47	2935.58
5myx-1-5myx_B-1-5myx_E-1__receptor.pdb	5myx-1-5myx_B-1-5myx_E-1__ligand.sdf	1627	106	1195.55	48.9601	48.9601	1195.55	48.9601	0	0.0409519	sas_voromqa	1195.55	2933.94
5n10-1-5n10_A-1-5n10_C-1__receptor.pdb	5n10-1-5n10_A-1-5n10_C-1__ligand.sdf	1864	203	1480.14	104.752	103.63	1479.29	104.142	0	0.0707717	sas_voromqa	1480.14	4690.13
5n1w-1-5n1w_A-1-5n1w_D-1__receptor.pdb	5n1w-1-5n1w_A-1-5n1w_D-1__ligand.sdf	1351	94	617.183	10.495	4.52868	612.628	7.24874	0	0.0170047	sas_voromqa	617.183	2302.98
5n22-1-5n22_A-1-5n22_E-1__receptor.pdb	5n22-1-5n22_A-1-5n22_E-1__ligand.sdf	1343	127	839.933	24.799	18.7819	835.339	21.5251	0	0.029525	sas_voromqa	839.933	3026.36
5n22-2-5n22_B-1-5n22_J-1__receptor.pdb	5n22-2-5n22_B-1-5n22_J-1__ligand.sdf	1342	61	278.198	-36.0069	-42.1254	273.528	-39.336	0	-0.129429	sas_voromqa	278.198	1322.69
5n4b-1-5n4b_A-1-5n4b_D-1__receptor.pdb	5n4b-1-5n4b_A-1-5n4b_D-1__ligand.sdf	5728	130	746.689	-49.3644	-49.3644	746.689	-49.3644	0	-0.0661111	sas_voromqa	746.689	3168.37
5n74-1-5n74_A-1-5n74_I-1__receptor.pdb	5n74-1-5n74_A-1-5n74_I-1__ligand.sdf	455	55	908.9	15.2453	15.2453	908.9	15.2453	0	0.0167734	sas_voromqa	908.9	1822.83
5n74-1-5n74_A-1-5n74_J-1__receptor.pdb	5n74-1-5n74_A-1-5n74_J-1__ligand.sdf	455	104	1327.72	-38.5038	-38.5038	1327.72	-38.5038	0	-0.0289999	sas_voromqa	1327.72	3133.33
5n7d-1-5n7d_A-1-5n7d_C-1__receptor.pdb	5n7d-1-5n7d_A-1-5n7d_C-1__ligand.sdf	3341	29	252.937	9.45984	9.45984	252.937	9.45984	0	0.0374	sas_voromqa	252.937	771.752
5n7q-1-5n7q_A-1-5n7q_I-1__receptor.pdb	5n7q-1-5n7q_A-1-5n7q_I-1__ligand.sdf	2554	48	238.74	-36.9223	-36.9223	238.74	-36.9223	0	-0.154655	sas_voromqa	238.74	1198.85
5n8a-1-5n8a_A-1-5n8a_X-1__receptor.pdb	5n8a-1-5n8a_A-1-5n8a_X-1__ligand.sdf	929	70	579.79	-7.76469	-7.76469	579.79	-7.76469	0	-0.0133922	sas_voromqa	579.79	1817.88
5n8b-1-5n8b_A-1-5n8b_C-1__receptor.pdb	5n8b-1-5n8b_A-1-5n8b_C-1__ligand.sdf	903	96	1181.42	142.055	142.055	1181.42	142.055	0	0.120241	sas_voromqa	1181.42	2726.3
5n8b-1-5n8b_A-1-5n8b_E-1__receptor.pdb	5n8b-1-5n8b_A-1-5n8b_E-1__ligand.sdf	903	96	613.476	19.5886	19.5886	613.476	19.5886	0	0.0319305	sas_voromqa	613.476	2218.28
5n8e-1-5n8e_A-1-5n8e_H-1__receptor.pdb	5n8e-1-5n8e_A-1-5n8e_H-1__ligand.sdf	891	74	535.48	-16.0222	-16.0222	535.48	-16.0222	0	-0.0299212	sas_voromqa	535.48	1773.2
5n9c-1-5n9c_A-1-5n9c_M-1__receptor.pdb	5n9c-1-5n9c_A-1-5n9c_M-1__ligand.sdf	887	46	478.786	17.4312	-15.1664	453.9	-0.30516	0	0.0364071	sas_voromqa	478.786	1234.94
5n9p-1-5n9p_A-1-5n9p_C-1__receptor.pdb	5n9p-1-5n9p_A-1-5n9p_C-1__ligand.sdf	845	46	720.959	127.86	66.149	673.848	94.283	0	0.177347	sas_voromqa	720.959	1437.45
5naf-1-5naf_A-1-5naf_E-1__receptor.pdb	5naf-1-5naf_A-1-5naf_E-1__ligand.sdf	2654	81	661.546	28.1801	28.1801	661.546	28.1801	0	0.0425973	sas_voromqa	661.546	2151.96
5nbl-1-5nbl_D-1-5nbl_H-1__receptor.pdb	5nbl-1-5nbl_D-1-5nbl_H-1__ligand.sdf	2843	100	1168.64	103.976	103.976	1168.64	103.976	0	0.0889718	sas_voromqa	1168.64	2934.83
5ney-1-5ney_B-1-5ney_E-1__receptor.pdb	5ney-1-5ney_B-1-5ney_E-1__ligand.sdf	823	111	1106.35	215.394	215.394	1106.35	215.394	0	0.194689	sas_voromqa	1106.35	2960.49
5nf0-1-5nf0_B-1-5nf0_E-1__receptor.pdb	5nf0-1-5nf0_B-1-5nf0_E-1__ligand.sdf	823	122	1411.39	337.917	337.917	1411.39	337.917	0	0.239421	sas_voromqa	1411.39	3511.98
5nf0-1-5nf0_D-1-5nf0_G-1__receptor.pdb	5nf0-1-5nf0_D-1-5nf0_G-1__ligand.sdf	818	122	1440.97	318.21	318.21	1440.97	318.21	0	0.22083	sas_voromqa	1440.97	3549.44
5ni9-1-5ni9_A-1-5ni9_C-1__receptor.pdb	5ni9-1-5ni9_A-1-5ni9_C-1__ligand.sdf	1474	114	1461.75	12.014	12.014	1461.75	12.014	0	0.00821892	sas_voromqa	1461.75	3446.26
5ni9-1-5ni9_B-1-5ni9_C-1__receptor.pdb	5ni9-1-5ni9_B-1-5ni9_C-1__ligand.sdf	1594	114	1461.23	-41.0538	-41.0538	1461.23	-41.0538	0	-0.0280954	sas_voromqa	1461.23	3451.39
5nin-1-5nin_B-1-5nin_D-1__receptor.pdb	5nin-1-5nin_B-1-5nin_D-1__ligand.sdf	1108	95	524.888	-100.676	-107.992	519.303	-104.657	0	-0.191805	sas_voromqa	524.888	2315.5
5nj9-1-5nj9_A-1-5nj9_E-1__receptor.pdb	5nj9-1-5nj9_A-1-5nj9_E-1__ligand.sdf	3596	35	340.865	19.7265	19.7265	340.865	19.7265	0	0.0578719	sas_voromqa	340.865	960.944
5nja-1-5nja_B-1-5nja_E-1__receptor.pdb	5nja-1-5nja_B-1-5nja_E-1__ligand.sdf	3328	29	475.976	44.3655	44.3655	475.976	44.3655	0	0.0932095	sas_voromqa	475.976	953.465
5njc-1-5njc_A-1-5njc_E-1__receptor.pdb	5njc-1-5njc_A-1-5njc_E-1__ligand.sdf	3583	43	340.084	-9.22929	-9.22929	340.084	-9.22929	0	-0.0271383	sas_voromqa	340.084	1143.84
5njj-1-5njj_A-1-5njj_H-1__receptor.pdb	5njj-1-5njj_A-1-5njj_H-1__ligand.sdf	1132	60	550.794	36.0949	31.9183	547.606	33.8224	0	0.0655325	sas_voromqa	550.794	1615.73
5njx-1-5njx_A-1-5njx_B-1__receptor.pdb	5njx-1-5njx_A-1-5njx_B-1__ligand.sdf	3261	74	616.764	-121.068	-121.068	616.764	-121.068	0	-0.196296	sas_voromqa	616.764	1937.86
5nmg-1-5nmg_D-1-5nmg_C-1__receptor.pdb	5nmg-1-5nmg_D-1-5nmg_C-1__ligand.sdf	1560	73	1111.27	58.0572	58.0572	1111.27	58.0572	0	0.052244	sas_voromqa	1111.27	2344.1
5nmg-1-5nmg_E-1-5nmg_C-1__receptor.pdb	5nmg-1-5nmg_E-1-5nmg_C-1__ligand.sdf	1939	73	1153.87	44.4701	44.4701	1153.87	44.4701	0	0.03854	sas_voromqa	1153.87	2369.06
5nnf-1-5nnf_A-1-5nnf_B-1__receptor.pdb	5nnf-1-5nnf_A-1-5nnf_B-1__ligand.sdf	1047	72	609.535	110.032	110.032	609.535	110.032	0	0.180518	sas_voromqa	609.535	1907.01
5nnp-1-5nnp_B-1-5nnp_I-1__receptor.pdb	5nnp-1-5nnp_B-1-5nnp_I-1__ligand.sdf	1448	79	416.416	-73.4715	-75.5768	414.809	-74.617	0	-0.176438	sas_voromqa	416.416	1760.12
5nph-1-5nph_H-1-5nph_A-1__receptor.pdb	5nph-1-5nph_H-1-5nph_A-1__ligand.sdf	1622	72	850.84	-94.4561	-94.4561	850.84	-94.4561	0	-0.111015	sas_voromqa	850.84	2108.42
5nph-1-5nph_L-1-5nph_A-1__receptor.pdb	5nph-1-5nph_L-1-5nph_A-1__ligand.sdf	1667	72	848.771	-17.3101	-17.3101	848.771	-17.3101	0	-0.0203943	sas_voromqa	848.771	2104.06
5npj-1-5npj_A-1-5npj_D-1__receptor.pdb	5npj-1-5npj_A-1-5npj_D-1__ligand.sdf	1783	75	517.024	-49.5167	-49.5167	517.024	-49.5167	0	-0.0957725	sas_voromqa	517.024	1858.58
5nps-1-5nps_A-1-5nps_D-1__receptor.pdb	5nps-1-5nps_A-1-5nps_D-1__ligand.sdf	5475	78	477.99	31.1561	31.1561	477.99	31.1561	0	0.0651815	sas_voromqa	477.99	1858.86
5nq0-1-5nq0_A-1-5nq0_C-1__receptor.pdb	5nq0-1-5nq0_A-1-5nq0_C-1__ligand.sdf	2223	79	311.593	-46.3571	-46.3571	311.593	-46.3571	0	-0.148775	sas_voromqa	311.593	1677.76
5nq2-1-5nq2_A-1-5nq2_C-1__receptor.pdb	5nq2-1-5nq2_A-1-5nq2_C-1__ligand.sdf	2252	76	343.74	-20.6022	-20.6022	343.74	-20.6022	0	-0.0599354	sas_voromqa	343.74	1848.67
5nqv-1-5nqv_A-1-5nqv_E-1__receptor.pdb	5nqv-1-5nqv_A-1-5nqv_E-1__ligand.sdf	1518	78	662.909	-40.5218	-40.5218	662.909	-40.5218	0	-0.0611272	sas_voromqa	662.909	2128.5
5ntw-1-5ntw_A-1-5ntw_P-1__receptor.pdb	5ntw-1-5ntw_A-1-5ntw_P-1__ligand.sdf	2005	70	553.246	47.102	47.102	553.246	47.102	0	0.0851375	sas_voromqa	553.246	1836.34
5nui-1-5nui_B-1-5nui_M-1__receptor.pdb	5nui-1-5nui_B-1-5nui_M-1__ligand.sdf	1061	40	496.5	44.0622	44.0622	496.5	44.0622	0	0.0887456	sas_voromqa	496.5	1223.87
5nwj-1-5nwj_A-1-5nwj_P-1__receptor.pdb	5nwj-1-5nwj_A-1-5nwj_P-1__ligand.sdf	1910	70	503.471	26.6479	26.6479	503.471	26.6479	0	0.0529284	sas_voromqa	503.471	1753.33
5nx1-1-5nx1_D-1-5nx1_B-1__receptor.pdb	5nx1-1-5nx1_D-1-5nx1_B-1__ligand.sdf	326	95	982.982	-47.9815	-47.9815	982.982	-47.9815	0	-0.0488122	sas_voromqa	982.982	2574.13
5nx3-1-5nx3_D-1-5nx3_B-1__receptor.pdb	5nx3-1-5nx3_D-1-5nx3_B-1__ligand.sdf	330	95	1063.77	-73.7711	-73.7711	1063.77	-73.7711	0	-0.0693487	sas_voromqa	1063.77	2677.17
5nxq-1-5nxq_A-1-5nxq_D-1__receptor.pdb	5nxq-1-5nxq_A-1-5nxq_D-1__ligand.sdf	3408	134	1239.81	-108.132	-108.132	1239.81	-108.132	0	-0.0872166	sas_voromqa	1239.81	3611.6
5o3u-1-5o3u_A-1-5o3u_L-1__receptor.pdb	5o3u-1-5o3u_A-1-5o3u_L-1__ligand.sdf	5705	131	874.164	71.0464	71.0464	874.164	71.0464	0	0.0812735	sas_voromqa	874.164	3275.85
5o45-1-5o45_A-1-5o45_B-1__receptor.pdb	5o45-1-5o45_A-1-5o45_B-1__ligand.sdf	1026	129	1028.45	144.116	144.116	1028.45	144.116	0	0.140129	sas_voromqa	1028.45	3240.23
5oav-1-5oav_A-1-5oav_B-1__receptor.pdb	5oav-1-5oav_A-1-5oav_B-1__ligand.sdf	442	55	638.677	39.8185	39.8185	638.677	39.8185	0	0.0623453	sas_voromqa	638.677	1560.86
5obt-1-5obt_A-1-5obt_C-1__receptor.pdb	5obt-1-5obt_A-1-5obt_C-1__ligand.sdf	1750	36	278.176	47.7915	47.7915	278.176	47.7915	0	0.171803	sas_voromqa	278.176	896.04
5ock-1-5ock_H-1-5ock_A-1__receptor.pdb	5ock-1-5ock_H-1-5ock_A-1__ligand.sdf	1630	141	1712.22	72.1612	72.1612	1712.22	72.1612	0	0.0421448	sas_voromqa	1712.22	4143.49
5ock-1-5ock_L-1-5ock_A-1__receptor.pdb	5ock-1-5ock_L-1-5ock_A-1__ligand.sdf	1638	141	1853.12	126.66	126.66	1853.12	126.66	0	0.0683496	sas_voromqa	1853.12	4310.92
5ogl-1-5ogl_A-1-5ogl_B-1__receptor.pdb	5ogl-1-5ogl_A-1-5ogl_B-1__ligand.sdf	5816	59	264.055	41.0522	41.0522	264.055	41.0522	0	0.155468	sas_voromqa	264.055	1258.32
5oj5-1-5oj5_A-1-5oj5_B-1__receptor.pdb	5oj5-1-5oj5_A-1-5oj5_B-1__ligand.sdf	2424	48	643.331	25.8087	25.8087	643.331	25.8087	0	0.0401173	sas_voromqa	643.331	1473.67
5ojr-1-5ojr_A-1-5ojr_E-1__receptor.pdb	5ojr-1-5ojr_A-1-5ojr_E-1__ligand.sdf	2407	129	1200.05	-69.7479	-69.7479	1200.05	-69.7479	0	-0.0581208	sas_voromqa	1200.05	3404.73
5ok6-1-5ok6_A-1-5ok6_D-1__receptor.pdb	5ok6-1-5ok6_A-1-5ok6_D-1__ligand.sdf	1793	107	1162.17	-96.1839	-96.1839	1162.17	-96.1839	0	-0.0827623	sas_voromqa	1162.17	3029.26
5ol0-1-5ol0_A-1-5ol0_C-1__receptor.pdb	5ol0-1-5ol0_A-1-5ol0_C-1__ligand.sdf	2190	78	860.16	94.8486	94.8486	860.16	94.8486	0	0.110269	sas_voromqa	860.16	2289.01
5onj-1-5onj_A-1-5onj_D-1__receptor.pdb	5onj-1-5onj_A-1-5onj_D-1__ligand.sdf	1580	54	385.217	-68.9472	-68.9472	385.217	-68.9472	0	-0.178983	sas_voromqa	385.217	1275.75
5onq-1-5onq_A-1-5onq_B-1__receptor.pdb	5onq-1-5onq_A-1-5onq_B-1__ligand.sdf	2425	29	179.024	17.5017	17.5017	179.024	17.5017	0	0.0977618	sas_voromqa	179.024	720.063
5oob-1-5oob_A-1-5oob_Z-1__receptor.pdb	5oob-1-5oob_A-1-5oob_Z-1__ligand.sdf	6045	116	1542.47	43.7635	43.7635	1542.47	43.7635	0	0.0283724	sas_voromqa	1542.47	3541.54
5oob-1-5oob_B-1-5oob_Z-1__receptor.pdb	5oob-1-5oob_B-1-5oob_Z-1__ligand.sdf	1237	116	1546.01	64.8541	64.8541	1546.01	64.8541	0	0.0419493	sas_voromqa	1546.01	3556.53
5ou8-1-5ou8_A-1-5ou8_D-1__receptor.pdb	5ou8-1-5ou8_A-1-5ou8_D-1__ligand.sdf	1353	95	1461.83	96.8188	96.8188	1461.83	96.8188	0	0.0662312	sas_voromqa	1461.83	2882.63
5ou8-1-5ou8_A-1-5ou8_E-1__receptor.pdb	5ou8-1-5ou8_A-1-5ou8_E-1__ligand.sdf	1353	95	1437.18	88.438	88.438	1437.18	88.438	0	0.0615358	sas_voromqa	1437.18	2898.99
5ov3-1-5ov3_B-1-5ov3_C-1__receptor.pdb	5ov3-1-5ov3_B-1-5ov3_C-1__ligand.sdf	2462	45	561.835	0.561717	0.561717	561.835	0.561717	0	0.00099979	sas_voromqa	561.835	1324.42
5ovp-1-5ovp_A-1-5ovp_B-1__receptor.pdb	5ovp-1-5ovp_A-1-5ovp_B-1__ligand.sdf	734	49	442.871	15.0634	15.0634	442.871	15.0634	0	0.0340131	sas_voromqa	442.871	1323.22
5ovt-1-5ovt_A-1-5ovt_a-1__receptor.pdb	5ovt-1-5ovt_A-1-5ovt_a-1__ligand.sdf	1368	39	328.119	25.87	25.87	328.119	25.87	0	0.0788433	sas_voromqa	328.119	1083.95
5ovt-1-5ovt_A-1-5ovt_b-1__receptor.pdb	5ovt-1-5ovt_A-1-5ovt_b-1__ligand.sdf	1368	44	728.342	-32.571	-37.6242	724.484	-35.3205	0	-0.0447194	sas_voromqa	728.342	1531.6
5ovv-1-5ovv_A-1-5ovv_B-1__receptor.pdb	5ovv-1-5ovv_A-1-5ovv_B-1__ligand.sdf	766	54	609.628	81.3828	-145.559	436.379	-42.0962	0	0.133496	sas_voromqa	609.628	1540.51
5ow5-1-5ow5_A-1-5ow5_E-1__receptor.pdb	5ow5-1-5ow5_A-1-5ow5_E-1__ligand.sdf	1327	80	825.493	-5.38874	-5.38874	825.493	-5.38874	0	-0.00652791	sas_voromqa	825.493	2217.62
5ow5-1-5ow5_B-1-5ow5_E-1__receptor.pdb	5ow5-1-5ow5_B-1-5ow5_E-1__ligand.sdf	646	80	901.52	-22.4185	-22.4185	901.52	-22.4185	0	-0.0248674	sas_voromqa	901.52	2263
5ox2-1-5ox2_A-1-5ox2_P-1__receptor.pdb	5ox2-1-5ox2_A-1-5ox2_P-1__ligand.sdf	1872	70	724.612	-40.9348	-40.9348	724.612	-40.9348	0	-0.056492	sas_voromqa	724.612	1904.35
5oxn-1-5oxn_A-1-5oxn_B-1__receptor.pdb	5oxn-1-5oxn_A-1-5oxn_B-1__ligand.sdf	3580	17	69.1961	-8.74062	-8.74062	69.1961	-8.74062	0	-0.126317	sas_voromqa	69.1961	415.655
5oxw-1-5oxw_A-1-5oxw_H-1__receptor.pdb	5oxw-1-5oxw_A-1-5oxw_H-1__ligand.sdf	591	80	814.117	110.428	110.428	814.117	110.428	0	0.135641	sas_voromqa	814.117	2188.16
5qu2-2-5qu2_B-1-5qu2_E-1__receptor.pdb	5qu2-2-5qu2_B-1-5qu2_E-1__ligand.sdf	478	74	760.23	37.9548	37.9548	760.23	37.9548	0	0.0499254	sas_voromqa	760.23	1961.13
5r43-1-5r43_B-1-5r43_A-1__receptor.pdb	5r43-1-5r43_B-1-5r43_A-1__ligand.sdf	980	75	837.418	25.5583	25.5583	837.418	25.5583	0	0.0305204	sas_voromqa	837.418	2189.66
5r43-1-5r43_C-1-5r43_A-1__receptor.pdb	5r43-1-5r43_C-1-5r43_A-1__ligand.sdf	702	75	1150.39	26.9448	26.9448	1150.39	26.9448	0	0.0234223	sas_voromqa	1150.39	2450.58
5r43-1-5r43_C-1-5r43_D-1__receptor.pdb	5r43-1-5r43_C-1-5r43_D-1__ligand.sdf	702	41	313.697	89.2102	89.2102	313.697	89.2102	0	0.284383	sas_voromqa	313.697	965.437
5sup-1-5sup_A-1-5sup_H-1__receptor.pdb	5sup-1-5sup_A-1-5sup_H-1__ligand.sdf	3082	141	1334.06	-57.4256	-57.4256	1334.06	-57.4256	0	-0.0430457	sas_voromqa	1334.06	3726.49
5sve-1-5sve_A-1-5sve_C-1__receptor.pdb	5sve-1-5sve_A-1-5sve_C-1__ligand.sdf	2916	53	748.61	104.58	104.58	748.61	104.58	0	0.139699	sas_voromqa	748.61	1640.87
5svx-1-5svx_A-1-5svx_B-1__receptor.pdb	5svx-1-5svx_A-1-5svx_B-1__ligand.sdf	407	89	936.558	-15.2458	-15.2458	936.558	-15.2458	0	-0.0162785	sas_voromqa	936.558	2488.83
5svy-1-5svy_A-1-5svy_B-1__receptor.pdb	5svy-1-5svy_A-1-5svy_B-1__ligand.sdf	416	87	881.389	4.05883	4.05883	881.389	4.05883	0	0.00460504	sas_voromqa	881.389	2403.63
5swz-1-5swz_E-1-5swz_C-1__receptor.pdb	5swz-1-5swz_E-1-5swz_C-1__ligand.sdf	1940	68	1149.79	-20.2172	-20.2172	1149.79	-20.2172	0	-0.0175834	sas_voromqa	1149.79	2279.44
5szc-1-5szc_A-1-5szc_H-1__receptor.pdb	5szc-1-5szc_A-1-5szc_H-1__ligand.sdf	877	112	810.359	28.0522	28.0522	810.359	28.0522	0	0.034617	sas_voromqa	810.359	2806.87
5t1g-1-5t1g_A-1-5t1g_B-1__receptor.pdb	5t1g-1-5t1g_A-1-5t1g_B-1__ligand.sdf	449	38	542.576	36.7644	36.7644	542.576	36.7644	0	0.067759	sas_voromqa	542.576	1224.71
5t1i-1-5t1i_A-1-5t1i_C-1__receptor.pdb	5t1i-1-5t1i_A-1-5t1i_C-1__ligand.sdf	516	128	1709.18	-31.3956	-128.23	1635.25	-84.0835	0	-0.0183688	sas_voromqa	1709.18	3887.8
5t2s-1-5t2s_A-1-5t2s_B-1__receptor.pdb	5t2s-1-5t2s_A-1-5t2s_B-1__ligand.sdf	1954	60	813.683	-44.024	-49.3777	809.596	-46.9369	0	-0.0541046	sas_voromqa	813.683	1753.35
5t5j-1-5t5j_A-1-5t5j_a-1__receptor.pdb	5t5j-1-5t5j_A-1-5t5j_a-1__ligand.sdf	1811	45	528.175	30.94	30.94	528.175	30.94	0	0.0585791	sas_voromqa	528.175	1278.83
5t6j-1-5t6j_A-1-5t6j_C-1__receptor.pdb	5t6j-1-5t6j_A-1-5t6j_C-1__ligand.sdf	489	92	1112.67	93.5713	93.5713	1112.67	93.5713	0	0.0840962	sas_voromqa	1112.67	2699.76
5t6j-1-5t6j_B-1-5t6j_C-1__receptor.pdb	5t6j-1-5t6j_B-1-5t6j_C-1__ligand.sdf	705	92	909.26	61.0929	61.0929	909.26	61.0929	0	0.0671897	sas_voromqa	909.26	2558.03
5t78-1-5t78_A-1-5t78_F-1__receptor.pdb	5t78-1-5t78_A-1-5t78_F-1__ligand.sdf	1684	66	721.975	-16.3223	-16.3223	721.975	-16.3223	0	-0.0226078	sas_voromqa	721.975	1827.61
5t78-1-5t78_B-1-5t78_F-1__receptor.pdb	5t78-1-5t78_B-1-5t78_F-1__ligand.sdf	1592	66	735.657	-15.9611	-15.9611	735.657	-15.9611	0	-0.0216964	sas_voromqa	735.657	1850.47
5tbd-1-5tbd_E-1-5tbd_I-1__receptor.pdb	5tbd-1-5tbd_E-1-5tbd_I-1__ligand.sdf	854	58	693.225	48.3959	48.3959	693.225	48.3959	0	0.0698127	sas_voromqa	693.225	1659.14
5tbd-1-5tbd_F-1-5tbd_I-1__receptor.pdb	5tbd-1-5tbd_F-1-5tbd_I-1__ligand.sdf	848	58	717.884	-31.0546	-31.0546	717.884	-31.0546	0	-0.0432585	sas_voromqa	717.884	1707.17
5tda-1-5tda_A-1-5tda_B-1__receptor.pdb	5tda-1-5tda_A-1-5tda_B-1__ligand.sdf	544	40	481.007	27.6861	27.6861	481.007	27.6861	0	0.0575586	sas_voromqa	481.007	1163.48
5tdc-1-5tdc_A-1-5tdc_B-1__receptor.pdb	5tdc-1-5tdc_A-1-5tdc_B-1__ligand.sdf	538	31	341.964	113.93	113.93	341.964	113.93	0	0.333164	sas_voromqa	341.964	902.446
5tdr-1-5tdr_A-1-5tdr_B-1__receptor.pdb	5tdr-1-5tdr_A-1-5tdr_B-1__ligand.sdf	552	88	1225.88	-18.0058	-18.0058	1225.88	-18.0058	0	-0.0146881	sas_voromqa	1225.88	2745.75
5ted-1-5ted_A-1-5ted_H-1__receptor.pdb	5ted-1-5ted_A-1-5ted_H-1__ligand.sdf	1658	57	578.424	61.8451	61.8451	578.424	61.8451	0	0.10692	sas_voromqa	578.424	1542.41
5tez-1-5tez_I-1-5tez_C-1__receptor.pdb	5tez-1-5tez_I-1-5tez_C-1__ligand.sdf	1586	68	1086.81	121.747	121.747	1086.81	121.747	0	0.112022	sas_voromqa	1086.81	2213.32
5tez-1-5tez_J-1-5tez_C-1__receptor.pdb	5tez-1-5tez_J-1-5tez_C-1__ligand.sdf	1927	68	1110.62	140.343	140.343	1110.62	140.343	0	0.126365	sas_voromqa	1110.62	2231.97
5th2-1-5th2_A-1-5th2_E-1__receptor.pdb	5th2-1-5th2_A-1-5th2_E-1__ligand.sdf	1635	102	911.743	-71.5837	-71.5837	911.743	-71.5837	0	-0.078513	sas_voromqa	911.743	2690.1
5th2-1-5th2_B-1-5th2_E-1__receptor.pdb	5th2-1-5th2_B-1-5th2_E-1__ligand.sdf	1634	102	1016.21	-74.7008	-74.7008	1016.21	-74.7008	0	-0.0735092	sas_voromqa	1016.21	2797.05
5til-2-5til_K-1-5til_F-1__receptor.pdb	5til-2-5til_K-1-5til_F-1__ligand.sdf	938	73	1269.94	119.946	119.946	1269.94	119.946	0	0.0944501	sas_voromqa	1269.94	2439.85
5tkj-1-5tkj_A-1-5tkj_C-1__receptor.pdb	5tkj-1-5tkj_A-1-5tkj_C-1__ligand.sdf	1620	51	653.478	154.006	154.006	653.478	154.006	0	0.235671	sas_voromqa	653.478	1532.17
5tkk-1-5tkk_H-1-5tkk_A-1__receptor.pdb	5tkk-1-5tkk_H-1-5tkk_A-1__ligand.sdf	1650	51	566.152	55.3168	55.3168	566.152	55.3168	0	0.0977066	sas_voromqa	566.152	1449.15
5tkk-1-5tkk_L-1-5tkk_A-1__receptor.pdb	5tkk-1-5tkk_L-1-5tkk_A-1__ligand.sdf	1655	51	649.001	139.391	139.391	649.001	139.391	0	0.214778	sas_voromqa	649.001	1534.73
5tq1-1-5tq1_A-1-5tq1_B-1__receptor.pdb	5tq1-1-5tq1_A-1-5tq1_B-1__ligand.sdf	840	66	765.26	-35.7437	-35.8548	765.175	-35.8041	0	-0.0467079	sas_voromqa	765.26	1856.44
5tu5-3-5tu5_A-1-5tu5_B-1__receptor.pdb	5tu5-3-5tu5_A-1-5tu5_B-1__ligand.sdf	2468	36	304.098	103.819	103.819	304.098	103.819	0	0.3414	sas_voromqa	304.098	936.267
5tw1-1-5tw1_C-1-5tw1_G-1__receptor.pdb	5tw1-1-5tw1_C-1-5tw1_G-1__ligand.sdf	8250	85	1055.75	91.9721	91.9721	1055.75	91.9721	0	0.0871154	sas_voromqa	1055.75	2503.99
5twg-1-5twg_A-1-5twg_E-1__receptor.pdb	5twg-1-5twg_A-1-5twg_E-1__ligand.sdf	1532	40	417.6	-35.5393	-36.0621	417.2	-35.8238	0	-0.0851037	sas_voromqa	417.6	1155.85
5txe-1-5txe_A-1-5txe_C-1__receptor.pdb	5txe-1-5txe_A-1-5txe_C-1__ligand.sdf	5148	125	508.476	56.6695	56.6695	508.476	56.6695	0	0.11145	sas_voromqa	508.476	2899.31
5u1m-1-5u1m_A-1-5u1m_B-1__receptor.pdb	5u1m-1-5u1m_A-1-5u1m_B-1__ligand.sdf	828	77	709.06	61.0272	60.6389	708.764	60.8159	0	0.0860678	sas_voromqa	709.06	2000.76
5u2j-1-5u2j_B-1-5u2j_D-1__receptor.pdb	5u2j-1-5u2j_B-1-5u2j_D-1__ligand.sdf	845	120	1047.46	18.5734	18.5734	1047.46	18.5734	0	0.0177318	sas_voromqa	1047.46	3203.25
5u3o-1-5u3o_H-1-5u3o_A-1__receptor.pdb	5u3o-1-5u3o_H-1-5u3o_A-1__ligand.sdf	1782	157	1192.67	214.939	214.939	1192.67	214.939	0	0.180217	sas_voromqa	1192.67	3864.57
5u66-1-5u66_A-1-5u66_B-1__receptor.pdb	5u66-1-5u66_A-1-5u66_B-1__ligand.sdf	1659	143	1307.11	-22.1989	-22.1989	1307.11	-22.1989	0	-0.0169832	sas_voromqa	1307.11	3845.72
5u6a-1-5u6a_A-1-5u6a_D-1__receptor.pdb	5u6a-1-5u6a_A-1-5u6a_D-1__ligand.sdf	1653	129	1316.95	150.865	130.369	1301.3	139.713	0	0.114556	sas_voromqa	1316.95	3545.77
5u6a-1-5u6a_B-1-5u6a_D-1__receptor.pdb	5u6a-1-5u6a_B-1-5u6a_D-1__ligand.sdf	1669	129	1205.39	38.8572	33.6461	1201.41	36.0219	0	0.0322362	sas_voromqa	1205.39	3436.6
5u6k-1-5u6k_A-1-5u6k_L-1__receptor.pdb	5u6k-1-5u6k_A-1-5u6k_L-1__ligand.sdf	1455	49	510.893	83.4932	81.7454	509.559	82.5422	0	0.163426	sas_voromqa	510.893	1361.86
5ua5-1-5ua5_A-1-5ua5_B-1__receptor.pdb	5ua5-1-5ua5_A-1-5ua5_B-1__ligand.sdf	1184	147	1246.94	-114.574	-114.574	1246.94	-114.574	0	-0.0918841	sas_voromqa	1246.94	3799.82
5ujt-1-5ujt_A-1-5ujt_C-1__receptor.pdb	5ujt-1-5ujt_A-1-5ujt_C-1__ligand.sdf	1480	105	1269	-6.30173	-6.30173	1269	-6.30173	0	-0.0049659	sas_voromqa	1269	3061.87
5ujt-1-5ujt_B-1-5ujt_C-1__receptor.pdb	5ujt-1-5ujt_B-1-5ujt_C-1__ligand.sdf	1552	105	1352.31	25.9313	25.9313	1352.31	25.9313	0	0.0191756	sas_voromqa	1352.31	3128.66
5ul6-1-5ul6_A-1-5ul6_M-1__receptor.pdb	5ul6-1-5ul6_A-1-5ul6_M-1__ligand.sdf	492	114	1539.37	18.1628	18.1628	1539.37	18.1628	0	0.0117989	sas_voromqa	1539.37	3459.02
5un8-1-5un8_A-1-5un8_E-1__receptor.pdb	5un8-1-5un8_A-1-5un8_E-1__ligand.sdf	3480	70	576.467	21.228	21.228	576.467	21.228	0	0.0368243	sas_voromqa	576.467	1745.43
5un8-1-5un8_A-1-5un8_G-1__receptor.pdb	5un8-1-5un8_A-1-5un8_G-1__ligand.sdf	3480	81	1117.7	92.166	92.166	1117.7	92.166	0	0.0824604	sas_voromqa	1117.7	2461.27
5un8-1-5un8_C-1-5un8_E-1__receptor.pdb	5un8-1-5un8_C-1-5un8_E-1__ligand.sdf	3520	70	898.049	76.7255	76.7255	898.049	76.7255	0	0.0854358	sas_voromqa	898.049	2036.63
5uw3-1-5uw3_A-1-5uw3_E-1__receptor.pdb	5uw3-1-5uw3_A-1-5uw3_E-1__ligand.sdf	5573	38	229.969	5.90511	5.90511	229.969	5.90511	0	0.0256779	sas_voromqa	229.969	933.336
5uwm-1-5uwm_A-1-5uwm_C-1__receptor.pdb	5uwm-1-5uwm_A-1-5uwm_C-1__ligand.sdf	1235	38	356.514	15.9363	15.9363	356.514	15.9363	0	0.0447003	sas_voromqa	356.514	1037.51
5uy9-1-5uy9_A-1-5uy9_B-1__receptor.pdb	5uy9-1-5uy9_A-1-5uy9_B-1__ligand.sdf	1164	64	645.879	-85.7376	-91.8202	641.235	-89.0471	0	-0.132746	sas_voromqa	645.879	1785.02
5v1d-1-5v1d_A-1-5v1d_E-1__receptor.pdb	5v1d-1-5v1d_A-1-5v1d_E-1__ligand.sdf	1511	83	843.208	67.2038	67.2038	843.208	67.2038	0	0.0797001	sas_voromqa	843.208	2309.69
5v1d-1-5v1d_D-1-5v1d_G-1__receptor.pdb	5v1d-1-5v1d_D-1-5v1d_G-1__ligand.sdf	1944	83	742.439	36.223	36.223	742.439	36.223	0	0.0487892	sas_voromqa	742.439	2252.19
5v1t-1-5v1t_A-1-5v1t_B-1__receptor.pdb	5v1t-1-5v1t_A-1-5v1t_B-1__ligand.sdf	3526	91	687.551	-15.8604	-15.8604	687.551	-15.8604	0	-0.023068	sas_voromqa	687.551	2356.72
5v1v-1-5v1v_A-1-5v1v_C-1__receptor.pdb	5v1v-1-5v1v_A-1-5v1v_C-1__ligand.sdf	688	145	1704.36	-73.093	-73.093	1704.36	-73.093	0	-0.0428859	sas_voromqa	1704.36	4187.83
5v1y-1-5v1y_A-1-5v1y_E-1__receptor.pdb	5v1y-1-5v1y_A-1-5v1y_E-1__ligand.sdf	939	115	1133.81	-9.19442	-9.19442	1133.81	-9.19442	0	-0.00810931	sas_voromqa	1133.81	3046.15
5v2q-1-5v2q_A-1-5v2q_B-1__receptor.pdb	5v2q-1-5v2q_A-1-5v2q_B-1__ligand.sdf	2332	156	1192.95	44.171	44.171	1192.95	44.171	0	0.0370267	sas_voromqa	1192.95	3879.97
5v6l-1-5v6l_H-1-5v6l_P-1__receptor.pdb	5v6l-1-5v6l_H-1-5v6l_P-1__ligand.sdf	1608	107	1167.05	0.884481	0.884481	1167.05	0.884481	0	0.000757878	sas_voromqa	1167.05	2924.07
5v6l-1-5v6l_L-1-5v6l_P-1__receptor.pdb	5v6l-1-5v6l_L-1-5v6l_P-1__ligand.sdf	1599	107	1386.83	56.0529	56.0529	1386.83	56.0529	0	0.040418	sas_voromqa	1386.83	3163
5v6m-1-5v6m_H-1-5v6m_P-1__receptor.pdb	5v6m-1-5v6m_H-1-5v6m_P-1__ligand.sdf	1562	101	1134.39	-7.39468	-7.39468	1134.39	-7.39468	0	-0.00651864	sas_voromqa	1134.39	2881.47
5v6m-1-5v6m_L-1-5v6m_P-1__receptor.pdb	5v6m-1-5v6m_L-1-5v6m_P-1__ligand.sdf	1644	101	977.157	-8.86194	-8.86194	977.157	-8.86194	0	-0.00906911	sas_voromqa	977.157	2742.66
5v9p-1-5v9p_A-1-5v9p_B-1__receptor.pdb	5v9p-1-5v9p_A-1-5v9p_B-1__ligand.sdf	4590	50	754.895	50.4387	50.4387	754.895	50.4387	0	0.0668155	sas_voromqa	754.895	1608.84
5vab-1-5vab_A-1-5vab_F-1__receptor.pdb	5vab-1-5vab_A-1-5vab_F-1__ligand.sdf	395	91	927.195	62.691	62.691	927.195	62.691	0	0.0676136	sas_voromqa	927.195	2488.63
5vac-1-5vac_A-1-5vac_C-1__receptor.pdb	5vac-1-5vac_A-1-5vac_C-1__ligand.sdf	1650	75	395.863	4.44675	4.44675	395.863	4.44675	0	0.0112331	sas_voromqa	395.863	1816.45
5vap-1-5vap_A-1-5vap_D-1__receptor.pdb	5vap-1-5vap_A-1-5vap_D-1__ligand.sdf	898	89	967.485	50.5142	50.5142	967.485	50.5142	0	0.0522119	sas_voromqa	967.485	2510.84
5vb9-1-5vb9_A-1-5vb9_C-1__receptor.pdb	5vb9-1-5vb9_A-1-5vb9_C-1__ligand.sdf	867	128	1105.1	152.805	152.805	1105.1	152.805	0	0.138273	sas_voromqa	1105.1	3383.47
5vb9-1-5vb9_A-1-5vb9_C-2__receptor.pdb	5vb9-1-5vb9_A-1-5vb9_C-2__ligand.sdf	867	128	1276.94	182.769	182.769	1276.94	182.769	0	0.14313	sas_voromqa	1276.94	3504.84
5vbl-1-5vbl_B-1-5vbl_A-1__receptor.pdb	5vbl-1-5vbl_B-1-5vbl_A-1__ligand.sdf	2792	141	1388.92	-9.92194	-9.92194	1388.92	-9.92194	0	-0.00714364	sas_voromqa	1388.92	3984.26
5vcl-1-5vcl_A-1-5vcl_P-1__receptor.pdb	5vcl-1-5vcl_A-1-5vcl_P-1__ligand.sdf	2273	68	285.698	-4.95312	-4.95312	285.698	-4.95312	0	-0.0173369	sas_voromqa	285.698	1602.73
5ve8-1-5ve8_A-1-5ve8_C-1__receptor.pdb	5ve8-1-5ve8_A-1-5ve8_C-1__ligand.sdf	7831	70	678.425	-9.56504	-9.56504	678.425	-9.56504	0	-0.0140989	sas_voromqa	678.425	1991.44
5vlk-1-5vlk_A-1-5vlk_Y-1__receptor.pdb	5vlk-1-5vlk_A-1-5vlk_Y-1__ligand.sdf	2666	123	1134.31	33.0323	33.0323	1134.31	33.0323	0	0.0291211	sas_voromqa	1134.31	3195.27
5vlk-1-5vlk_A-1-5vlk_Z-1__receptor.pdb	5vlk-1-5vlk_A-1-5vlk_Z-1__ligand.sdf	2666	80	554.786	32.2512	32.2512	554.786	32.2512	0	0.0581327	sas_voromqa	554.786	2038.91
5vlp-1-5vlp_A-1-5vlp_Z-1__receptor.pdb	5vlp-1-5vlp_A-1-5vlp_Z-1__ligand.sdf	4332	136	1111.48	-13.5819	-13.5819	1111.48	-13.5819	0	-0.0122197	sas_voromqa	1111.48	3531.43
5vnf-1-5vnf_B-1-5vnf_D-1__receptor.pdb	5vnf-1-5vnf_B-1-5vnf_D-1__ligand.sdf	5749	31	262.233	12.8349	12.8349	262.233	12.8349	0	0.0489446	sas_voromqa	262.233	840.182
5vs7-1-5vs7_A-1-5vs7_P-1__receptor.pdb	5vs7-1-5vs7_A-1-5vs7_P-1__ligand.sdf	997	35	479.787	-17.1718	-17.1718	479.787	-17.1718	0	-0.0357905	sas_voromqa	479.787	1096.57
5vvx-1-5vvx_A-1-5vvx_D-1__receptor.pdb	5vvx-1-5vvx_A-1-5vvx_D-1__ligand.sdf	3457	45	708.228	0.863126	0.863126	708.228	0.863126	0	0.00121871	sas_voromqa	708.228	1464.87
5vvx-1-5vvx_C-1-5vvx_D-1__receptor.pdb	5vvx-1-5vvx_C-1-5vvx_D-1__ligand.sdf	3538	45	308.817	5.8135	5.8135	308.817	5.8135	0	0.0188251	sas_voromqa	308.817	1113.82
5vwi-1-5vwi_A-1-5vwi_C-1__receptor.pdb	5vwi-1-5vwi_A-1-5vwi_C-1__ligand.sdf	677	67	697.491	-36.1692	-36.1692	697.491	-36.1692	0	-0.0518562	sas_voromqa	697.491	1821.64
5vxr-1-5vxr_H-1-5vxr_P-1__receptor.pdb	5vxr-1-5vxr_H-1-5vxr_P-1__ligand.sdf	1555	80	782.616	44.3592	44.3592	782.616	44.3592	0	0.0566807	sas_voromqa	782.616	2130.62
5vxr-1-5vxr_L-1-5vxr_P-1__receptor.pdb	5vxr-1-5vxr_L-1-5vxr_P-1__ligand.sdf	1682	80	769.971	62.2304	62.2304	769.971	62.2304	0	0.0808217	sas_voromqa	769.971	2110.23
5vyo-1-5vyo_A-1-5vyo_F-1__receptor.pdb	5vyo-1-5vyo_A-1-5vyo_F-1__ligand.sdf	1486	42	364.301	89.9784	89.9784	364.301	89.9784	0	0.246989	sas_voromqa	364.301	1086.2
5vzu-1-5vzu_B-1-5vzu_E-1__receptor.pdb	5vzu-1-5vzu_B-1-5vzu_E-1__ligand.sdf	3395	72	581.094	-56.8014	-56.8014	581.094	-56.8014	0	-0.0977491	sas_voromqa	581.094	1841.42
5vzy-1-5vzy_H-1-5vzy_A-1__receptor.pdb	5vzy-1-5vzy_H-1-5vzy_A-1__ligand.sdf	1517	104	1180.57	119.853	119.853	1180.57	119.853	0	0.101521	sas_voromqa	1180.57	2984.08
5vzy-1-5vzy_L-1-5vzy_A-1__receptor.pdb	5vzy-1-5vzy_L-1-5vzy_A-1__ligand.sdf	1686	104	1196.8	42.0671	42.0671	1196.8	42.0671	0	0.0351496	sas_voromqa	1196.8	3016.75
5w0v-1-5w0v_A-1-5w0v_C-1__receptor.pdb	5w0v-1-5w0v_A-1-5w0v_C-1__ligand.sdf	7872	54	429.845	-2.87094	-2.87094	429.845	-2.87094	0	-0.00667901	sas_voromqa	429.845	1504.44
5w2j-1-5w2j_B-1-5w2j_F-1__receptor.pdb	5w2j-1-5w2j_B-1-5w2j_F-1__ligand.sdf	3209	90	924.086	25.8427	25.8427	924.086	25.8427	0	0.0279657	sas_voromqa	924.086	2498.47
5w3p-1-5w3p_H-1-5w3p_P-1__receptor.pdb	5w3p-1-5w3p_H-1-5w3p_P-1__ligand.sdf	1585	144	1718.22	19.4312	15.3513	1715.1	17.2113	0	0.0113089	sas_voromqa	1718.22	4075.82
5w3p-1-5w3p_L-1-5w3p_P-1__receptor.pdb	5w3p-1-5w3p_L-1-5w3p_P-1__ligand.sdf	1602	144	1942.11	108.163	103.75	1938.74	105.762	0	0.0556935	sas_voromqa	1942.11	4288.48
5w4g-1-5w4g_B-1-5w4g_A-1__receptor.pdb	5w4g-1-5w4g_B-1-5w4g_A-1__ligand.sdf	3141	93	893.697	-9.6083	-9.6083	893.697	-9.6083	0	-0.0107512	sas_voromqa	893.697	2587.13
5w5s-2-5w5s_B-1-5w5s_D-1__receptor.pdb	5w5s-2-5w5s_B-1-5w5s_D-1__ligand.sdf	1380	108	1087.36	108.053	74.1522	1061.48	89.6074	0	0.0993719	sas_voromqa	1087.36	2882.67
5w6v-1-5w6v_A-1-5w6v_B-1__receptor.pdb	5w6v-1-5w6v_A-1-5w6v_B-1__ligand.sdf	6412	121	1257.77	24.3194	24.3194	1257.77	24.3194	0	0.0193353	sas_voromqa	1257.77	3277.67
5w7i-1-5w7i_A-1-5w7i_B-1__receptor.pdb	5w7i-1-5w7i_A-1-5w7i_B-1__ligand.sdf	1767	63	697.647	-9.47718	-9.47718	697.647	-9.47718	0	-0.0135845	sas_voromqa	697.647	1817.84
5w93-1-5w93_A-1-5w93_D-1__receptor.pdb	5w93-1-5w93_A-1-5w93_D-1__ligand.sdf	1022	87	746.339	-61.1716	-61.1716	746.339	-61.1716	0	-0.0819622	sas_voromqa	746.339	2300.44
5wa1-1-5wa1_A-1-5wa1_B-1__receptor.pdb	5wa1-1-5wa1_A-1-5wa1_B-1__ligand.sdf	2811	106	936.433	-110.686	-110.686	936.433	-110.686	0	-0.1182	sas_voromqa	936.433	2742.58
5wa4-1-5wa4_A-1-5wa4_M-1__receptor.pdb	5wa4-1-5wa4_A-1-5wa4_M-1__ligand.sdf	2447	90	918.041	51.8519	51.8519	918.041	51.8519	0	0.056481	sas_voromqa	918.041	2553.41
5wa4-1-5wa4_A-1-5wa4_P-1__receptor.pdb	5wa4-1-5wa4_A-1-5wa4_P-1__ligand.sdf	2447	74	1196.24	5.7889	5.7889	1196.24	5.7889	0	0.00483925	sas_voromqa	1196.24	2429.88
5wbh-4-5wbh_D-1-5wbh_W-1__receptor.pdb	5wbh-4-5wbh_D-1-5wbh_W-1__ligand.sdf	784	148	1660.07	32.9404	32.9404	1660.07	32.9404	0	0.0198428	sas_voromqa	1660.07	4231.83
5wbj-1-5wbj_A-1-5wbj_T-1__receptor.pdb	5wbj-1-5wbj_A-1-5wbj_T-1__ligand.sdf	8311	68	572.615	-62.708	-62.708	572.615	-62.708	0	-0.109512	sas_voromqa	572.615	1816.79
5we0-1-5we0_A-1-5we0_C-1__receptor.pdb	5we0-1-5we0_A-1-5we0_C-1__ligand.sdf	1856	133	1248.21	-33.4172	-33.4172	1248.21	-33.4172	0	-0.0267721	sas_voromqa	1248.21	3630.7
5we2-1-5we2_C-1-5we2_F-1__receptor.pdb	5we2-1-5we2_C-1-5we2_F-1__ligand.sdf	1918	46	586.834	0.57852	0.57852	586.834	0.57852	0	0.000985832	sas_voromqa	586.834	1409.29
5weu-1-5weu_A-1-5weu_P-1__receptor.pdb	5weu-1-5weu_A-1-5weu_P-1__ligand.sdf	2244	71	336.564	69.547	69.547	336.564	69.547	0	0.206638	sas_voromqa	336.564	1641.37
5wgg-1-5wgg_A-1-5wgg_B-1__receptor.pdb	5wgg-1-5wgg_A-1-5wgg_B-1__ligand.sdf	3476	82	804.573	97.9657	97.9657	804.573	97.9657	0	0.121761	sas_voromqa	804.573	2388.15
5wje-1-5wje_A-1-5wje_B-1__receptor.pdb	5wje-1-5wje_A-1-5wje_B-1__ligand.sdf	1247	84	425.059	-39.8413	-43.626	422.17	-41.9006	0	-0.0937312	sas_voromqa	425.059	1856.81
5wkf-1-5wkf_E-1-5wkf_C-1__receptor.pdb	5wkf-1-5wkf_E-1-5wkf_C-1__ligand.sdf	1935	69	1049.66	-62.3263	-62.3263	1049.66	-62.3263	0	-0.0593776	sas_voromqa	1049.66	2188.14
5wkn-1-5wkn_A-1-5wkn_C-1__receptor.pdb	5wkn-1-5wkn_A-1-5wkn_C-1__ligand.sdf	2588	147	1394.6	-3.78738	-3.78738	1394.6	-3.78738	0	-0.00271575	sas_voromqa	1394.6	4052.58
5wle-1-5wle_A-1-5wle_C-1__receptor.pdb	5wle-1-5wle_A-1-5wle_C-1__ligand.sdf	471	56	516.805	-26.6569	-26.6569	516.805	-26.6569	0	-0.0515802	sas_voromqa	516.805	1514.54
5wlg-1-5wlg_E-1-5wlg_C-1__receptor.pdb	5wlg-1-5wlg_E-1-5wlg_C-1__ligand.sdf	1927	74	1204.44	11.4305	11.4305	1204.44	11.4305	0	0.0094903	sas_voromqa	1204.44	2434.7
5wnb-1-5wnb_H-1-5wnb_B-1__receptor.pdb	5wnb-1-5wnb_H-1-5wnb_B-1__ligand.sdf	1668	101	873.998	159.735	101.134	829.262	127.85	0	0.182764	sas_voromqa	873.998	2623.93
5wnb-1-5wnb_L-1-5wnb_B-1__receptor.pdb	5wnb-1-5wnb_L-1-5wnb_B-1__ligand.sdf	1636	101	1131.23	196.553	137.952	1086.5	164.668	0	0.173752	sas_voromqa	1131.23	2807.58
5wou-1-5wou_A-1-5wou_V-1__receptor.pdb	5wou-1-5wou_A-1-5wou_V-1__ligand.sdf	697	62	659.014	67.353	67.353	659.014	67.353	0	0.102203	sas_voromqa	659.014	1710.29
5wql-1-5wql_D-1-5wql_E-1__receptor.pdb	5wql-1-5wql_D-1-5wql_E-1__ligand.sdf	5139	21	170.874	9.38734	9.38734	170.874	9.38734	0	0.0549372	sas_voromqa	170.874	550.434
5wql-1-5wql_D-1-5wql_F-1__receptor.pdb	5wql-1-5wql_D-1-5wql_F-1__ligand.sdf	5139	30	229.1	12.1698	12.1698	229.1	12.1698	0	0.05312	sas_voromqa	229.1	823.338
5wri-1-5wri_A-1-5wri_D-1__receptor.pdb	5wri-1-5wri_A-1-5wri_D-1__ligand.sdf	2182	76	614.192	4.0565	4.0565	614.192	4.0565	0	0.00660461	sas_voromqa	614.192	1927.65
5wri-1-5wri_A-1-5wri_E-1__receptor.pdb	5wri-1-5wri_A-1-5wri_E-1__ligand.sdf	2182	70	1088.46	90.3662	90.3662	1088.46	90.3662	0	0.0830221	sas_voromqa	1088.46	2220.2
5wrk-1-5wrk_A-1-5wrk_P-1__receptor.pdb	5wrk-1-5wrk_A-1-5wrk_P-1__ligand.sdf	1958	45	526.416	81.5114	81.5114	526.416	81.5114	0	0.154842	sas_voromqa	526.416	1314.3
5wtt-1-5wtt_H-1-5wtt_P-1__receptor.pdb	5wtt-1-5wtt_H-1-5wtt_P-1__ligand.sdf	1644	56	547.108	-8.55663	-8.55663	547.108	-8.55663	0	-0.0156397	sas_voromqa	547.108	1498.3
5wvo-1-5wvo_A-1-5wvo_D-1__receptor.pdb	5wvo-1-5wvo_A-1-5wvo_D-1__ligand.sdf	601	141	1981.57	-3.83117	-3.83117	1981.57	-3.83117	0	-0.0019334	sas_voromqa	1981.57	4351.54
5wvo-1-5wvo_C-1-5wvo_D-1__receptor.pdb	5wvo-1-5wvo_C-1-5wvo_D-1__ligand.sdf	1795	141	1404.71	31.6076	31.6076	1404.71	31.6076	0	0.0225012	sas_voromqa	1404.71	3860.25
5wxh-1-5wxh_A-1-5wxh_P-1__receptor.pdb	5wxh-1-5wxh_A-1-5wxh_P-1__ligand.sdf	505	56	599.703	34.7997	34.7997	599.703	34.7997	0	0.0580282	sas_voromqa	599.703	1585.79
5wyi-1-5wyi_B-1-5wyi_E-1__receptor.pdb	5wyi-1-5wyi_B-1-5wyi_E-1__ligand.sdf	1142	72	788.568	7.84848	7.84848	788.568	7.84848	0	0.00995283	sas_voromqa	788.568	2066.47
5wzz-1-5wzz_A-1-5wzz_G-1__receptor.pdb	5wzz-1-5wzz_A-1-5wzz_G-1__ligand.sdf	1488	82	966.066	-84.8121	-84.8121	966.066	-84.8121	0	-0.0877912	sas_voromqa	966.066	2360.27
5x8q-1-5x8q_A-1-5x8q_B-1__receptor.pdb	5x8q-1-5x8q_A-1-5x8q_B-1__ligand.sdf	1854	110	988.276	45.5389	45.5389	988.276	45.5389	0	0.0460791	sas_voromqa	988.276	3024.2
5xcs-1-5xcs_A-1-5xcs_C-1__receptor.pdb	5xcs-1-5xcs_A-1-5xcs_C-1__ligand.sdf	1336	78	834.72	183.54	183.54	834.72	183.54	0	0.219882	sas_voromqa	834.72	2129.42
5xcs-1-5xcs_B-1-5xcs_C-1__receptor.pdb	5xcs-1-5xcs_B-1-5xcs_C-1__ligand.sdf	1270	78	1196.48	179.247	179.247	1196.48	179.247	0	0.149812	sas_voromqa	1196.48	2429.84
5xct-1-5xct_A-1-5xct_C-1__receptor.pdb	5xct-1-5xct_A-1-5xct_C-1__ligand.sdf	1335	44	465.324	10.9684	10.9684	465.324	10.9684	0	0.0235715	sas_voromqa	465.324	1178.94
5xct-1-5xct_B-1-5xct_C-1__receptor.pdb	5xct-1-5xct_B-1-5xct_C-1__ligand.sdf	1257	44	673.468	-20.8481	-20.8481	673.468	-20.8481	0	-0.0309563	sas_voromqa	673.468	1364.7
5xcv-1-5xcv_A-1-5xcv_C-1__receptor.pdb	5xcv-1-5xcv_A-1-5xcv_C-1__ligand.sdf	1338	72	635.505	39.7563	39.7563	635.505	39.7563	0	0.0625586	sas_voromqa	635.505	1871.37
5xcv-1-5xcv_B-1-5xcv_C-1__receptor.pdb	5xcv-1-5xcv_B-1-5xcv_C-1__ligand.sdf	1180	72	1045.83	-10.7792	-10.7792	1045.83	-10.7792	0	-0.0103068	sas_voromqa	1045.83	2235.12
5xfq-1-5xfq_A-1-5xfq_E-1__receptor.pdb	5xfq-1-5xfq_A-1-5xfq_E-1__ligand.sdf	2484	68	578.447	40.1607	40.1607	578.447	40.1607	0	0.0694285	sas_voromqa	578.447	1856.34
5xfq-1-5xfq_A-1-5xfq_F-1__receptor.pdb	5xfq-1-5xfq_A-1-5xfq_F-1__ligand.sdf	2484	68	1111.47	74.5106	74.5106	1111.47	74.5106	0	0.0670379	sas_voromqa	1111.47	2295.66
5xfr-1-5xfr_B-1-5xfr_D-1__receptor.pdb	5xfr-1-5xfr_B-1-5xfr_D-1__ligand.sdf	2423	28	311.749	23.5947	23.5947	311.749	23.5947	0	0.0756849	sas_voromqa	311.749	858.434
5xhz-1-5xhz_A-1-5xhz_C-1__receptor.pdb	5xhz-1-5xhz_A-1-5xhz_C-1__ligand.sdf	473	98	1162.56	68.5786	68.5786	1162.56	68.5786	0	0.0589893	sas_voromqa	1162.56	2881.56
5xjl-1-5xjl_2-1-5xjl_M-1__receptor.pdb	5xjl-1-5xjl_2-1-5xjl_M-1__ligand.sdf	1644	130	986.185	24.5333	24.5333	986.185	24.5333	0	0.024877	sas_voromqa	986.185	3285.56
5xmf-1-5xmf_A-1-5xmf_C-1__receptor.pdb	5xmf-1-5xmf_A-1-5xmf_C-1__ligand.sdf	2253	67	251.092	-25.7923	-25.7923	251.092	-25.7923	0	-0.102721	sas_voromqa	251.092	1491.92
5xof-1-5xof_A-1-5xof_O-1__receptor.pdb	5xof-1-5xof_A-1-5xof_O-1__ligand.sdf	980	77	801.199	-9.74695	-9.74695	801.199	-9.74695	0	-0.0121655	sas_voromqa	801.199	2035.34
5xoj-1-5xoj_C-1-5xoj_E-1__receptor.pdb	5xoj-1-5xoj_C-1-5xoj_E-1__ligand.sdf	8052	48	474.274	61.5031	61.5031	474.274	61.5031	0	0.129678	sas_voromqa	474.274	1348.99
5xoj-1-5xoj_C-1-5xoj_F-1__receptor.pdb	5xoj-1-5xoj_C-1-5xoj_F-1__ligand.sdf	8052	57	539.383	61.8542	61.8542	539.383	61.8542	0	0.114676	sas_voromqa	539.383	1517.2
5xoj-1-5xoj_C-1-5xoj_G-1__receptor.pdb	5xoj-1-5xoj_C-1-5xoj_G-1__ligand.sdf	8052	52	448.506	36.4475	36.4475	448.506	36.4475	0	0.0812642	sas_voromqa	448.506	1343.66
5xoq-1-5xoq_A-1-5xoq_C-1__receptor.pdb	5xoq-1-5xoq_A-1-5xoq_C-1__ligand.sdf	2280	50	195.429	19.1822	19.1822	195.429	19.1822	0	0.0981543	sas_voromqa	195.429	1122.87
5xov-1-5xov_I-1-5xov_C-1__receptor.pdb	5xov-1-5xov_I-1-5xov_C-1__ligand.sdf	1631	91	1312.87	331.46	331.46	1312.87	331.46	0	0.25247	sas_voromqa	1312.87	2810.19
5xov-1-5xov_J-1-5xov_C-1__receptor.pdb	5xov-1-5xov_J-1-5xov_C-1__ligand.sdf	1929	91	1331.26	284.884	284.884	1331.26	284.884	0	0.213996	sas_voromqa	1331.26	2784.56
5xpt-1-5xpt_A-1-5xpt_B-1__receptor.pdb	5xpt-1-5xpt_A-1-5xpt_B-1__ligand.sdf	1598	93	711.729	84.0632	84.0632	711.729	84.0632	0	0.118111	sas_voromqa	711.729	2359.89
5xtz-1-5xtz_A-1-5xtz_E-1__receptor.pdb	5xtz-1-5xtz_A-1-5xtz_E-1__ligand.sdf	1156	72	1074.79	12.5376	12.5376	1074.79	12.5376	0	0.0116652	sas_voromqa	1074.79	2275.86
5xvw-1-5xvw_B-1-5xvw_D-1__receptor.pdb	5xvw-1-5xvw_B-1-5xvw_D-1__ligand.sdf	1065	90	1221.29	-9.92164	-9.92164	1221.29	-9.92164	0	-0.0081239	sas_voromqa	1221.29	2710.18
5xw5-1-5xw5_A-1-5xw5_C-1__receptor.pdb	5xw5-1-5xw5_A-1-5xw5_C-1__ligand.sdf	2927	60	580.865	-7.45795	-7.45795	580.865	-7.45795	0	-0.0128394	sas_voromqa	580.865	1668.86
5xwa-1-5xwa_B-1-5xwa_C-1__receptor.pdb	5xwa-1-5xwa_B-1-5xwa_C-1__ligand.sdf	711	21	170.521	14.3146	14.3146	170.521	14.3146	0	0.0839463	sas_voromqa	170.521	526.656
5xwj-1-5xwj_A-1-5xwj_C-1__receptor.pdb	5xwj-1-5xwj_A-1-5xwj_C-1__ligand.sdf	1642	21	132.669	4.41142	4.41142	132.669	4.41142	0	0.0332513	sas_voromqa	132.669	496.72
5xwr-1-5xwr_B-1-5xwr_C-1__receptor.pdb	5xwr-1-5xwr_B-1-5xwr_C-1__ligand.sdf	2892	98	1714.72	-3.25645	-3.25645	1714.72	-3.25645	0	-0.00189911	sas_voromqa	1714.72	3302.18
5xyf-1-5xyf_A-1-5xyf_C-1__receptor.pdb	5xyf-1-5xyf_A-1-5xyf_C-1__ligand.sdf	1508	101	816.307	-52.0301	-52.0301	816.307	-52.0301	0	-0.0637384	sas_voromqa	816.307	2624.57
5xzx-1-5xzx_A-1-5xzx_B-1__receptor.pdb	5xzx-1-5xzx_A-1-5xzx_B-1__ligand.sdf	3200	104	982.02	20.5823	20.5823	982.02	20.5823	0	0.0209591	sas_voromqa	982.02	2874.32
5y18-1-5y18_A-1-5y18_B-1__receptor.pdb	5y18-1-5y18_A-1-5y18_B-1__ligand.sdf	678	128	1285.62	12.8619	-44.7435	1241.65	-18.4812	0	0.0100044	sas_voromqa	1285.62	3535.88
5y1u-1-5y1u_A-1-5y1u_D-1__receptor.pdb	5y1u-1-5y1u_A-1-5y1u_D-1__ligand.sdf	3035	53	569.049	-53.9639	-55.0784	568.198	-54.5703	0	-0.0948317	sas_voromqa	569.049	1590.23
5y20-1-5y20_A-1-5y20_P-1__receptor.pdb	5y20-1-5y20_A-1-5y20_P-1__ligand.sdf	403	56	564.385	24.2022	24.2022	564.385	24.2022	0	0.0428824	sas_voromqa	564.385	1574.24
5y24-1-5y24_A-1-5y24_C-1__receptor.pdb	5y24-1-5y24_A-1-5y24_C-1__ligand.sdf	2775	40	135.99	6.75835	6.75835	135.99	6.75835	0	0.0496974	sas_voromqa	135.99	887.544
5y2f-1-5y2f_A-1-5y2f_C-1__receptor.pdb	5y2f-1-5y2f_A-1-5y2f_C-1__ligand.sdf	2315	73	585.371	-58.2639	-71.2963	575.422	-65.3549	0	-0.0995333	sas_voromqa	585.371	2031.11
5y53-1-5y53_A-1-5y53_D-1__receptor.pdb	5y53-1-5y53_A-1-5y53_D-1__ligand.sdf	1074	65	1004.64	-20.7154	-20.7154	1004.64	-20.7154	0	-0.0206197	sas_voromqa	1004.64	2069.11
5y53-1-5y53_B-1-5y53_D-1__receptor.pdb	5y53-1-5y53_B-1-5y53_D-1__ligand.sdf	1065	65	1003.35	-48.0839	-48.0839	1003.35	-48.0839	0	-0.0479234	sas_voromqa	1003.35	2079.99
5y59-1-5y59_B-1-5y59_C-1__receptor.pdb	5y59-1-5y59_B-1-5y59_C-1__ligand.sdf	1498	94	879.985	-24.8896	-24.8896	879.985	-24.8896	0	-0.0282841	sas_voromqa	879.985	2626.98
5y5a-1-5y5a_A-1-5y5a_B-1__receptor.pdb	5y5a-1-5y5a_A-1-5y5a_B-1__ligand.sdf	4233	136	1366.87	-12.8955	-12.8955	1366.87	-12.8955	0	-0.00943433	sas_voromqa	1366.87	3795.88
5yax-1-5yax_B-1-5yax_C-1__receptor.pdb	5yax-1-5yax_B-1-5yax_C-1__ligand.sdf	1735	55	384.053	74.4745	-24.442	308.539	20.654	0	0.193917	sas_voromqa	384.053	1361.37
5yay-1-5yay_A-1-5yay_B-1__receptor.pdb	5yay-1-5yay_A-1-5yay_B-1__ligand.sdf	1833	127	1006.86	-5.79028	-5.79028	1006.86	-5.79028	0	-0.00575083	sas_voromqa	1006.86	3326.59
5yba-1-5yba_A-1-5yba_B-1__receptor.pdb	5yba-1-5yba_A-1-5yba_B-1__ligand.sdf	1332	54	468.929	66.6268	66.6268	468.929	66.6268	0	0.142083	sas_voromqa	468.929	1372.01
5ybu-1-5ybu_A-1-5ybu_B-1__receptor.pdb	5ybu-1-5ybu_A-1-5ybu_B-1__ligand.sdf	1825	127	950.839	0.196459	0.196459	950.839	0.196459	0	0.000206616	sas_voromqa	950.839	3280.46
5ybv-1-5ybv_A-1-5ybv_C-1__receptor.pdb	5ybv-1-5ybv_A-1-5ybv_C-1__ligand.sdf	1827	123	963.21	28.6369	28.6369	963.21	28.6369	0	0.0297307	sas_voromqa	963.21	3224.55
5yc1-1-5yc1_A-1-5yc1_I-1__receptor.pdb	5yc1-1-5yc1_A-1-5yc1_I-1__ligand.sdf	1282	46	585.161	-120.653	-120.653	585.161	-120.653	0	-0.206188	sas_voromqa	585.161	1386.96
5yc3-1-5yc3_A-1-5yc3_P-1__receptor.pdb	5yc3-1-5yc3_A-1-5yc3_P-1__ligand.sdf	451	75	920.842	-49.4624	-49.4624	920.842	-49.4624	0	-0.0537143	sas_voromqa	920.842	2196.35
5yca-1-5yca_A-1-5yca_C-1__receptor.pdb	5yca-1-5yca_A-1-5yca_C-1__ligand.sdf	1635	139	1274.85	-83.5008	-83.5008	1274.85	-83.5008	0	-0.0654985	sas_voromqa	1274.85	3594.68
5yd4-1-5yd4_A-1-5yd4_B-1__receptor.pdb	5yd4-1-5yd4_A-1-5yd4_B-1__ligand.sdf	1796	68	582.927	29.8069	29.8069	582.927	29.8069	0	0.0511332	sas_voromqa	582.927	1728.01
5ye3-1-5ye3_A-1-5ye3_C-1__receptor.pdb	5ye3-1-5ye3_A-1-5ye3_C-1__ligand.sdf	1658	61	973.69	-7.4008	-7.4008	973.69	-7.4008	0	-0.00760078	sas_voromqa	973.69	1950.3
5ye3-1-5ye3_B-1-5ye3_C-1__receptor.pdb	5ye3-1-5ye3_B-1-5ye3_C-1__ligand.sdf	1586	61	744.974	-13.321	-13.321	744.974	-13.321	0	-0.0178812	sas_voromqa	744.974	1789.8
5yf4-1-5yf4_A-1-5yf4_B-1__receptor.pdb	5yf4-1-5yf4_A-1-5yf4_B-1__ligand.sdf	1014	89	1086.69	4.29938	-0.82113	1082.79	1.51331	0	0.0039564	sas_voromqa	1086.69	2580.54
5yf4-1-5yf4_A-1-5yf4_B-2__receptor.pdb	5yf4-1-5yf4_A-1-5yf4_B-2__ligand.sdf	1014	89	1445.75	28.7326	25.0152	1442.92	26.7099	0	0.0198738	sas_voromqa	1445.75	2930.84
5ygd-1-5ygd_A-1-5ygd_D-1__receptor.pdb	5ygd-1-5ygd_A-1-5ygd_D-1__ligand.sdf	1671	94	897.315	-79.8057	-79.8057	897.315	-79.8057	0	-0.0889383	sas_voromqa	897.315	2555.78
5yi7-1-5yi7_A-1-5yi7_B-1__receptor.pdb	5yi7-1-5yi7_A-1-5yi7_B-1__ligand.sdf	942	127	1794.79	151.575	151.575	1794.79	151.575	0	0.0844528	sas_voromqa	1794.79	3907.68
5yi7-1-5yi7_A-1-5yi7_B-2__receptor.pdb	5yi7-1-5yi7_A-1-5yi7_B-2__ligand.sdf	942	127	1949.49	251.258	251.258	1949.49	251.258	0	0.128884	sas_voromqa	1949.49	4054.06
5yko-1-5yko_A-1-5yko_P-1__receptor.pdb	5yko-1-5yko_A-1-5yko_P-1__ligand.sdf	3962	56	440.047	20.5883	20.5883	440.047	20.5883	0	0.0467866	sas_voromqa	440.047	1501.44
5ykw-1-5ykw_A-1-5ykw_B-1__receptor.pdb	5ykw-1-5ykw_A-1-5ykw_B-1__ligand.sdf	828	57	758.593	12.5258	12.5258	758.593	12.5258	0	0.0165119	sas_voromqa	758.593	1709.56
5yl7-1-5yl7_A-1-5yl7_B-1__receptor.pdb	5yl7-1-5yl7_A-1-5yl7_B-1__ligand.sdf	2371	15	148.343	0.796876	0.796876	148.343	0.796876	0	0.00537185	sas_voromqa	148.343	444.249
5ylx-1-5ylx_A-1-5ylx_C-1__receptor.pdb	5ylx-1-5ylx_A-1-5ylx_C-1__ligand.sdf	2211	74	344.301	-3.35014	-3.35014	344.301	-3.35014	0	-0.00973027	sas_voromqa	344.301	1689.82
5ypr-1-5ypr_A-1-5ypr_B-1__receptor.pdb	5ypr-1-5ypr_A-1-5ypr_B-1__ligand.sdf	2077	138	1063.84	-63.6306	-63.6306	1063.84	-63.6306	0	-0.0598122	sas_voromqa	1063.84	3488.86
5yt0-1-5yt0_A-1-5yt0_B-1__receptor.pdb	5yt0-1-5yt0_A-1-5yt0_B-1__ligand.sdf	2573	79	575.684	128.539	128.539	575.684	128.539	0	0.22328	sas_voromqa	575.684	1981.13
5yv5-1-5yv5_A-1-5yv5_B-1__receptor.pdb	5yv5-1-5yv5_A-1-5yv5_B-1__ligand.sdf	4117	82	640.283	10.8751	10.8751	640.283	10.8751	0	0.0169848	sas_voromqa	640.283	2107.41
5yvi-1-5yvi_A-1-5yvi_B-1__receptor.pdb	5yvi-1-5yvi_A-1-5yvi_B-1__ligand.sdf	6594	166	1018.34	-96.9089	-96.9089	1018.34	-96.9089	0	-0.0951636	sas_voromqa	1018.34	4065.09
5yvx-1-5yvx_A-1-5yvx_C-1__receptor.pdb	5yvx-1-5yvx_A-1-5yvx_C-1__ligand.sdf	475	54	511.694	-15.268	-15.268	511.694	-15.268	0	-0.0298381	sas_voromqa	511.694	1485.27
5yxn-1-5yxn_A-1-5yxn_I-1__receptor.pdb	5yxn-1-5yxn_A-1-5yxn_I-1__ligand.sdf	1523	69	1084.73	40.4829	40.4829	1084.73	40.4829	0	0.0373207	sas_voromqa	1084.73	2292.06
5yxn-1-5yxn_B-1-5yxn_I-1__receptor.pdb	5yxn-1-5yxn_B-1-5yxn_I-1__ligand.sdf	1934	69	1255.68	56.9727	56.9727	1255.68	56.9727	0	0.045372	sas_voromqa	1255.68	2432.42
5yy9-1-5yy9_A-1-5yy9_C-1__receptor.pdb	5yy9-1-5yy9_A-1-5yy9_C-1__ligand.sdf	1093	99	1181.44	3.27442	3.27442	1181.44	3.27442	0	0.00277155	sas_voromqa	1181.44	2919.61
5yyf-1-5yyf_A-1-5yyf_B-1__receptor.pdb	5yyf-1-5yyf_A-1-5yyf_B-1__ligand.sdf	1152	59	469.022	35.7303	35.7303	469.022	35.7303	0	0.0761804	sas_voromqa	469.022	1455.7
5z8l-1-5z8l_A-1-5z8l_P-1__receptor.pdb	5z8l-1-5z8l_A-1-5z8l_P-1__ligand.sdf	1614	60	674.59	-20.5467	-20.5467	674.59	-20.5467	0	-0.0304581	sas_voromqa	674.59	1733.03
5zia-1-5zia_A-1-5zia_C-1__receptor.pdb	5zia-1-5zia_A-1-5zia_C-1__ligand.sdf	1640	68	794.871	-77.8093	-84.4536	789.799	-81.4244	0	-0.0978892	sas_voromqa	794.871	1935.98
5zjy-1-5zjy_A-1-5zjy_B-1__receptor.pdb	5zjy-1-5zjy_A-1-5zjy_B-1__ligand.sdf	1469	116	1066.34	-7.2878	-7.2878	1066.34	-7.2878	0	-0.00683441	sas_voromqa	1066.34	3112.88
5znp-1-5znp_A-1-5znp_P-1__receptor.pdb	5znp-1-5znp_A-1-5znp_P-1__ligand.sdf	1489	66	723.085	4.3645	4.3645	723.085	4.3645	0	0.00603594	sas_voromqa	723.085	1944.71
5zoo-1-5zoo_G-1-5zoo_A-1__receptor.pdb	5zoo-1-5zoo_G-1-5zoo_A-1__ligand.sdf	2920	111	1087.32	53.2021	53.2021	1087.32	53.2021	0	0.0489296	sas_voromqa	1087.32	3010.56
5zqg-1-5zqg_A-1-5zqg_C-1__receptor.pdb	5zqg-1-5zqg_A-1-5zqg_C-1__ligand.sdf	2230	51	310.444	12.1799	12.1799	310.444	12.1799	0	0.0392338	sas_voromqa	310.444	1253.89
5zs3-1-5zs3_A-1-5zs3_U-1__receptor.pdb	5zs3-1-5zs3_A-1-5zs3_U-1__ligand.sdf	818	39	458.01	28.3619	12.9447	446.24	19.9734	0	0.0619242	sas_voromqa	458.01	1164.05
5zs3-1-5zs3_A-1-5zs3_U-8__receptor.pdb	5zs3-1-5zs3_A-1-5zs3_U-8__ligand.sdf	818	39	657.702	69.4794	-4.9447	600.886	28.9852	0	0.10564	sas_voromqa	657.702	1339.55
5zut-1-5zut_A-1-5zut_E-1__receptor.pdb	5zut-1-5zut_A-1-5zut_E-1__ligand.sdf	2003	152	1481.73	98.1238	98.1238	1481.73	98.1238	0	0.0662225	sas_voromqa	1481.73	4209.19
5zv3-1-5zv3_H-1-5zv3_A-1__receptor.pdb	5zv3-1-5zv3_H-1-5zv3_A-1__ligand.sdf	1650	85	968.634	-71.935	-71.935	968.634	-71.935	0	-0.0742644	sas_voromqa	968.634	2336.82
5zv3-1-5zv3_L-1-5zv3_A-1__receptor.pdb	5zv3-1-5zv3_L-1-5zv3_A-1__ligand.sdf	1697	85	1034.89	-50.1743	-50.1743	1034.89	-50.1743	0	-0.0484827	sas_voromqa	1034.89	2398.29
5zvw-1-5zvw_A-1-5zvw_B-1__receptor.pdb	5zvw-1-5zvw_A-1-5zvw_B-1__ligand.sdf	2755	40	40.1489	-3.34438	-3.34438	40.1489	-3.34438	0	-0.0832994	sas_voromqa	40.1489	807.629
5zwx-1-5zwx_A-1-5zwx_P-1__receptor.pdb	5zwx-1-5zwx_A-1-5zwx_P-1__ligand.sdf	1178	81	607.085	-27.913	-27.913	607.085	-27.913	0	-0.0459787	sas_voromqa	607.085	2052.78
5zys-1-5zys_A-1-5zys_B-1__receptor.pdb	5zys-1-5zys_A-1-5zys_B-1__ligand.sdf	689	79	756.546	48.511	48.511	756.546	48.511	0	0.0641217	sas_voromqa	756.546	2131.69
6a0f-2-6a0f_B-1-6a0f_D-1__receptor.pdb	6a0f-2-6a0f_B-1-6a0f_D-1__ligand.sdf	2410	29	198.938	32.7342	32.7342	198.938	32.7342	0	0.164545	sas_voromqa	198.938	734.763
6a2b-1-6a2b_A-1-6a2b_C-1__receptor.pdb	6a2b-1-6a2b_A-1-6a2b_C-1__ligand.sdf	2231	86	426.311	56.0894	56.0894	426.311	56.0894	0	0.131569	sas_voromqa	426.311	2064.26
6a30-1-6a30_A-1-6a30_P-1__receptor.pdb	6a30-1-6a30_A-1-6a30_P-1__ligand.sdf	4262	66	698.709	85.6561	85.6561	698.709	85.6561	0	0.122592	sas_voromqa	698.709	1812.87
6a3a-1-6a3a_C-1-6a3a_D-1__receptor.pdb	6a3a-1-6a3a_C-1-6a3a_D-1__ligand.sdf	8034	133	1053.42	-21.5327	-21.5327	1053.42	-21.5327	0	-0.0204408	sas_voromqa	1053.42	3405.87
6a5e-2-6a5e_B-1-6a5e_F-1__receptor.pdb	6a5e-2-6a5e_B-1-6a5e_F-1__ligand.sdf	2924	124	1808.2	101.875	101.875	1808.2	101.875	0	0.0563406	sas_voromqa	1808.2	3860.58
6a5e-2-6a5e_D-1-6a5e_F-1__receptor.pdb	6a5e-2-6a5e_D-1-6a5e_F-1__ligand.sdf	650	124	1052.46	52.3731	52.3731	1052.46	52.3731	0	0.0497626	sas_voromqa	1052.46	3213.57
6a6h-1-6a6h_A-1-6a6h_C-1__receptor.pdb	6a6h-1-6a6h_A-1-6a6h_C-1__ligand.sdf	2224	71	335.355	21.0622	21.0622	335.355	21.0622	0	0.0628057	sas_voromqa	335.355	1658.98
6a6w-1-6a6w_A-1-6a6w_B-1__receptor.pdb	6a6w-1-6a6w_A-1-6a6w_B-1__ligand.sdf	1063	132	1132.2	-77.3367	-77.3367	1132.2	-77.3367	0	-0.0683066	sas_voromqa	1132.2	3386.72
6a8n-1-6a8n_A-1-6a8n_P-1__receptor.pdb	6a8n-1-6a8n_A-1-6a8n_P-1__ligand.sdf	1926	77	370.634	66.264	66.264	370.634	66.264	0	0.178786	sas_voromqa	370.634	1758.11
6a8o-1-6a8o_A-2-6a8o_P-1__receptor.pdb	6a8o-1-6a8o_A-2-6a8o_P-1__ligand.sdf	1858	83	1151.93	133.632	133.632	1151.93	133.632	0	0.116007	sas_voromqa	1151.93	2521.87
6a8o-1-6a8o_B-1-6a8o_P-1__receptor.pdb	6a8o-1-6a8o_B-1-6a8o_P-1__ligand.sdf	1858	83	524.166	39.9575	39.9575	524.166	39.9575	0	0.0762306	sas_voromqa	524.166	2051.21
6a9c-1-6a9c_B-1-6a9c_E-1__receptor.pdb	6a9c-1-6a9c_B-1-6a9c_E-1__ligand.sdf	546	71	982.772	29.9395	29.9395	982.772	29.9395	0	0.0304643	sas_voromqa	982.772	2157.84
6a9u-1-6a9u_A-1-6a9u_B-1__receptor.pdb	6a9u-1-6a9u_A-1-6a9u_B-1__ligand.sdf	3215	33	188.886	47.3874	47.3874	188.886	47.3874	0	0.250878	sas_voromqa	188.886	831.301
6ae8-1-6ae8_A-1-6ae8_C-1__receptor.pdb	6ae8-1-6ae8_A-1-6ae8_C-1__ligand.sdf	1415	104	1264.57	-217.739	-217.739	1264.57	-217.739	0	-0.172184	sas_voromqa	1264.57	2954.39
6ak2-2-6ak2_B-1-6ak2_E-1__receptor.pdb	6ak2-2-6ak2_B-1-6ak2_E-1__ligand.sdf	618	65	414.904	12.8435	12.8435	414.904	12.8435	0	0.0309554	sas_voromqa	414.904	1542.1
6akl-1-6akl_A-1-6akl_C-1__receptor.pdb	6akl-1-6akl_A-1-6akl_C-1__ligand.sdf	422	160	1813.04	-31.5005	-31.5005	1813.04	-31.5005	0	-0.0173744	sas_voromqa	1813.04	4524.28
6akl-1-6akl_B-1-6akl_C-1__receptor.pdb	6akl-1-6akl_B-1-6akl_C-1__ligand.sdf	394	160	1709.45	-41.8888	-41.8888	1709.45	-41.8888	0	-0.0245043	sas_voromqa	1709.45	4440.23
6amu-1-6amu_D-1-6amu_C-1__receptor.pdb	6amu-1-6amu_D-1-6amu_C-1__ligand.sdf	1518	82	1342	130.789	130.789	1342	130.789	0	0.0974583	sas_voromqa	1342	2764.92
6amu-1-6amu_E-1-6amu_C-1__receptor.pdb	6amu-1-6amu_E-1-6amu_C-1__ligand.sdf	1888	82	1324.32	141.398	141.398	1324.32	141.398	0	0.10677	sas_voromqa	1324.32	2737.64
6ar2-1-6ar2_A-1-6ar2_C-1__receptor.pdb	6ar2-1-6ar2_A-1-6ar2_C-1__ligand.sdf	1054	51	537.76	-30.3703	-32.6042	536.055	-31.5857	0	-0.0564756	sas_voromqa	537.76	1377.54
6at0-1-6at0_A-1-6at0_P-1__receptor.pdb	6at0-1-6at0_A-1-6at0_P-1__ligand.sdf	447	50	467.665	-31.1503	-31.1503	467.665	-31.1503	0	-0.0666081	sas_voromqa	467.665	1367.97
6at5-1-6at5_A-1-6at5_C-1__receptor.pdb	6at5-1-6at5_A-1-6at5_C-1__ligand.sdf	2255	81	561.481	36.3678	36.3678	561.481	36.3678	0	0.0647712	sas_voromqa	561.481	2031.74
6atf-1-6atf_B-1-6atf_C-1__receptor.pdb	6atf-1-6atf_B-1-6atf_C-1__ligand.sdf	1557	100	1193.55	54.646	54.646	1193.55	54.646	0	0.0457844	sas_voromqa	1193.55	2907.09
6avf-1-6avf_A-1-6avf_P-1__receptor.pdb	6avf-1-6avf_A-1-6avf_P-1__ligand.sdf	1592	81	1146.45	-27.4688	-27.4688	1146.45	-27.4688	0	-0.0239599	sas_voromqa	1146.45	2487.69
6avf-1-6avf_B-1-6avf_P-1__receptor.pdb	6avf-1-6avf_B-1-6avf_P-1__ligand.sdf	1956	81	1231.66	-23.6433	-23.6433	1231.66	-23.6433	0	-0.0191963	sas_voromqa	1231.66	2555.5
6avg-1-6avg_C-1-6avg_P-1__receptor.pdb	6avg-1-6avg_C-1-6avg_P-1__ligand.sdf	1515	81	1283.97	-29.3488	-29.3488	1283.97	-29.3488	0	-0.0228579	sas_voromqa	1283.97	2603.63
6avg-1-6avg_D-1-6avg_P-1__receptor.pdb	6avg-1-6avg_D-1-6avg_P-1__ligand.sdf	1933	81	1196.78	-43.3182	-43.3182	1196.78	-43.3182	0	-0.0361956	sas_voromqa	1196.78	2504.74
6avz-1-6avz_B-1-6avz_E-1__receptor.pdb	6avz-1-6avz_B-1-6avz_E-1__ligand.sdf	2591	15	212.641	14.9562	14.9562	212.641	14.9562	0	0.0703354	sas_voromqa	212.641	480.863
6axj-1-6axj_A-1-6axj_E-1__receptor.pdb	6axj-1-6axj_A-1-6axj_E-1__ligand.sdf	1180	35	336.009	24.2728	24.2728	336.009	24.2728	0	0.0722385	sas_voromqa	336.009	943.75
6axk-1-6axk_B-1-6axk_E-1__receptor.pdb	6axk-1-6axk_B-1-6axk_E-1__ligand.sdf	1572	82	1192.7	27.264	27.264	1192.7	27.264	0	0.0228591	sas_voromqa	1192.7	2502.59
6axl-1-6axl_A-1-6axl_G-1__receptor.pdb	6axl-1-6axl_A-1-6axl_G-1__ligand.sdf	1648	88	1127.34	-28.505	-28.505	1127.34	-28.505	0	-0.0252852	sas_voromqa	1127.34	2545.22
6azm-1-6azm_B-1-6azm_E-1__receptor.pdb	6azm-1-6azm_B-1-6azm_E-1__ligand.sdf	1651	56	757.159	58.6719	58.6719	757.159	58.6719	0	0.0774895	sas_voromqa	757.159	1637.1
6azt-1-6azt_A-1-6azt_B-1__receptor.pdb	6azt-1-6azt_A-1-6azt_B-1__ligand.sdf	2102	19	144.399	-9.87347	-9.87347	144.399	-9.87347	0	-0.0683763	sas_voromqa	144.399	475.751
6b0u-1-6b0u_A-1-6b0u_D-1__receptor.pdb	6b0u-1-6b0u_A-1-6b0u_D-1__ligand.sdf	3028	30	153.026	13.0651	13.0651	153.026	13.0651	0	0.0853783	sas_voromqa	153.026	802.643
6b27-1-6b27_A-1-6b27_G-1__receptor.pdb	6b27-1-6b27_A-1-6b27_G-1__ligand.sdf	906	79	843.778	-24.863	-24.863	843.778	-24.863	0	-0.0294663	sas_voromqa	843.778	2198.35
6b3x-1-6b3x_A-1-6b3x_B-1__receptor.pdb	6b3x-1-6b3x_A-1-6b3x_B-1__ligand.sdf	2590	118	1106.1	50.6632	50.6632	1106.1	50.6632	0	0.0458035	sas_voromqa	1106.1	3149.74
6b5r-1-6b5r_H-1-6b5r_A-1__receptor.pdb	6b5r-1-6b5r_H-1-6b5r_A-1__ligand.sdf	1595	96	1118.14	-60.0887	-60.0887	1118.14	-60.0887	0	-0.0537399	sas_voromqa	1118.14	2618.79
6b5r-1-6b5r_L-1-6b5r_A-1__receptor.pdb	6b5r-1-6b5r_L-1-6b5r_A-1__ligand.sdf	1570	96	1318.9	-40.1814	-40.1814	1318.9	-40.1814	0	-0.0304658	sas_voromqa	1318.9	2853.5
6b67-1-6b67_A-1-6b67_D-1__receptor.pdb	6b67-1-6b67_A-1-6b67_D-1__ligand.sdf	2297	64	595.758	-4.07594	-9.36534	591.72	-6.95391	0	-0.0068416	sas_voromqa	595.758	1771.27
6b74-1-6b74_B-1-6b74_A-1__receptor.pdb	6b74-1-6b74_B-1-6b74_A-1__ligand.sdf	1787	50	853.991	78.0515	78.0515	853.991	78.0515	0	0.0913962	sas_voromqa	853.991	1673.15
6b8j-1-6b8j_A-1-6b8j_C-1__receptor.pdb	6b8j-1-6b8j_A-1-6b8j_C-1__ligand.sdf	2717	33	367.221	-54.0674	-54.0674	367.221	-54.0674	0	-0.147234	sas_voromqa	367.221	901.712
6b9h-1-6b9h_A-1-6b9h_B-1__receptor.pdb	6b9h-1-6b9h_A-1-6b9h_B-1__ligand.sdf	1201	108	956.317	4.92203	4.92203	956.317	4.92203	0	0.00514686	sas_voromqa	956.317	2820.12
6b9m-1-6b9m_A-1-6b9m_D-1__receptor.pdb	6b9m-1-6b9m_A-1-6b9m_D-1__ligand.sdf	1225	119	1310.82	-39.9628	-39.9628	1310.82	-39.9628	0	-0.0304869	sas_voromqa	1310.82	3346.64
6b9m-1-6b9m_B-1-6b9m_D-1__receptor.pdb	6b9m-1-6b9m_B-1-6b9m_D-1__ligand.sdf	1217	119	1678.72	-20.2946	-20.2946	1678.72	-20.2946	0	-0.0120893	sas_voromqa	1678.72	3630.59
6bb4-1-6bb4_H-1-6bb4_P-1__receptor.pdb	6bb4-1-6bb4_H-1-6bb4_P-1__ligand.sdf	1638	60	879.939	59.466	58.5768	879.26	58.9822	0	0.0675797	sas_voromqa	879.939	1889.1
6bb4-1-6bb4_L-1-6bb4_P-1__receptor.pdb	6bb4-1-6bb4_L-1-6bb4_P-1__ligand.sdf	1637	60	923.548	24.6414	20.7228	920.556	22.5093	0	0.0266812	sas_voromqa	923.548	1929.41
6bba-1-6bba_A-1-6bba_H-1__receptor.pdb	6bba-1-6bba_A-1-6bba_H-1__ligand.sdf	1464	56	431.98	88.3866	46.6488	400.117	65.677	0	0.204608	sas_voromqa	431.98	1399.65
6bba-1-6bba_A-1-6bba_I-1__receptor.pdb	6bba-1-6bba_A-1-6bba_I-1__ligand.sdf	1464	56	660.378	100.608	66.0704	634.012	81.8162	0	0.152349	sas_voromqa	660.378	1591.29
6bcr-1-6bcr_A-1-6bcr_C-1__receptor.pdb	6bcr-1-6bcr_A-1-6bcr_C-1__ligand.sdf	1844	79	733.543	45.5156	44.3747	732.672	44.8948	0	0.062049	sas_voromqa	733.543	2142.61
6bga-1-6bga_D-1-6bga_E-1__receptor.pdb	6bga-1-6bga_D-1-6bga_E-1__ligand.sdf	1966	48	608.513	16.8211	16.8211	608.513	16.8211	0	0.027643	sas_voromqa	608.513	1420.05
6bhd-1-6bhd_A-1-6bhd_B-1__receptor.pdb	6bhd-1-6bhd_A-1-6bhd_B-1__ligand.sdf	1721	85	694.269	43.2746	3.2732	663.732	21.5098	0	0.0623312	sas_voromqa	694.269	2281.06
6bj8-1-6bj8_D-1-6bj8_C-1__receptor.pdb	6bj8-1-6bj8_D-1-6bj8_C-1__ligand.sdf	1573	69	1167.23	-107.154	-107.154	1167.23	-107.154	0	-0.091802	sas_voromqa	1167.23	2294.57
6bj8-1-6bj8_H-1-6bj8_C-1__receptor.pdb	6bj8-1-6bj8_H-1-6bj8_C-1__ligand.sdf	1915	69	1148.87	-49.6602	-49.6602	1148.87	-49.6602	0	-0.0432253	sas_voromqa	1148.87	2267.12
6bqb-1-6bqb_H-1-6bqb_P-1__receptor.pdb	6bqb-1-6bqb_H-1-6bqb_P-1__ligand.sdf	1653	51	552.355	15.9857	15.9857	552.355	15.9857	0	0.028941	sas_voromqa	552.355	1394
6bqb-1-6bqb_L-1-6bqb_P-1__receptor.pdb	6bqb-1-6bqb_L-1-6bqb_P-1__ligand.sdf	1685	51	752.947	16.9868	16.9868	752.947	16.9868	0	0.0225604	sas_voromqa	752.947	1567.93
6bra-1-6bra_A-1-6bra_S-1__receptor.pdb	6bra-1-6bra_A-1-6bra_S-1__ligand.sdf	756	60	583.65	6.59071	6.59071	583.65	6.59071	0	0.0112922	sas_voromqa	583.65	1637.41
6brs-1-6brs_A-1-6brs_E-1__receptor.pdb	6brs-1-6brs_A-1-6brs_E-1__ligand.sdf	7104	20	198.028	28.1578	28.1578	198.028	28.1578	0	0.142191	sas_voromqa	198.028	600.562
6bz3-1-6bz3_A-1-6bz3_B-1__receptor.pdb	6bz3-1-6bz3_A-1-6bz3_B-1__ligand.sdf	968	138	1535.03	-103.251	-103.251	1535.03	-103.251	0	-0.0672632	sas_voromqa	1535.03	3900.9
6bz3-1-6bz3_A-1-6bz3_D-1__receptor.pdb	6bz3-1-6bz3_A-1-6bz3_D-1__ligand.sdf	968	143	1531.38	-46.8958	-46.8958	1531.38	-46.8958	0	-0.0306232	sas_voromqa	1531.38	3969.87
6bz9-1-6bz9_A-1-6bz9_C-1__receptor.pdb	6bz9-1-6bz9_A-1-6bz9_C-1__ligand.sdf	1337	38	594.444	137.354	137.354	594.444	137.354	0	0.231063	sas_voromqa	594.444	1209.08
6bz9-1-6bz9_B-1-6bz9_C-1__receptor.pdb	6bz9-1-6bz9_B-1-6bz9_C-1__ligand.sdf	719	38	399.655	44.909	44.909	399.655	44.909	0	0.112369	sas_voromqa	399.655	1063.4
6bzd-1-6bzd_A-1-6bzd_G-1__receptor.pdb	6bzd-1-6bzd_A-1-6bzd_G-1__ligand.sdf	1921	88	587.305	23.6124	23.6124	587.305	23.6124	0	0.0402047	sas_voromqa	587.305	2124.61
6bzu-1-6bzu_B-1-6bzu_J-1__receptor.pdb	6bzu-1-6bzu_B-1-6bzu_J-1__ligand.sdf	1647	82	838.992	60.1467	60.1467	838.992	60.1467	0	0.0716892	sas_voromqa	838.992	2227.66
6bzv-1-6bzv_E-1-6bzv_K-1__receptor.pdb	6bzv-1-6bzv_E-1-6bzv_K-1__ligand.sdf	1658	81	832.991	50.2005	50.2005	832.991	50.2005	0	0.0602654	sas_voromqa	832.991	2212.26
6bzw-1-6bzw_C-1-6bzw_I-1__receptor.pdb	6bzw-1-6bzw_C-1-6bzw_I-1__ligand.sdf	1655	73	689.028	29.5557	29.5557	689.028	29.5557	0	0.0428948	sas_voromqa	689.028	1915.86
6bzw-1-6bzw_D-1-6bzw_I-1__receptor.pdb	6bzw-1-6bzw_D-1-6bzw_I-1__ligand.sdf	1652	73	699.639	62.0647	62.0647	699.639	62.0647	0	0.0887096	sas_voromqa	699.639	1921.47
6bzy-1-6bzy_H-1-6bzy_B-1__receptor.pdb	6bzy-1-6bzy_H-1-6bzy_B-1__ligand.sdf	1620	90	842.004	7.95856	7.95856	842.004	7.95856	0	0.00945193	sas_voromqa	842.004	2401.8
6bzy-1-6bzy_L-1-6bzy_B-1__receptor.pdb	6bzy-1-6bzy_L-1-6bzy_B-1__ligand.sdf	1654	90	962	38.9744	38.9744	962	38.9744	0	0.0405139	sas_voromqa	962	2520.55
6c0y-1-6c0y_A-1-6c0y_I-1__receptor.pdb	6c0y-1-6c0y_A-1-6c0y_I-1__ligand.sdf	835	140	1559.96	294.668	294.668	1559.96	294.668	0	0.188895	sas_voromqa	1559.96	3811.51
6c0y-1-6c0y_A-1-6c0y_M-1__receptor.pdb	6c0y-1-6c0y_A-1-6c0y_M-1__ligand.sdf	835	109	916.75	136.49	136.49	916.75	136.49	0	0.148885	sas_voromqa	916.75	2760.03
6c1r-1-6c1r_B-1-6c1r_L-1__receptor.pdb	6c1r-1-6c1r_B-1-6c1r_L-1__ligand.sdf	2771	65	179.338	18.7646	18.7646	179.338	18.7646	0	0.104633	sas_voromqa	179.338	1378.08
6c4u-1-6c4u_F-1-6c4u_L-1__receptor.pdb	6c4u-1-6c4u_F-1-6c4u_L-1__ligand.sdf	1001	48	694.634	28.3652	25.9983	692.827	27.0774	0	0.0408347	sas_voromqa	694.634	1506.88
6cae-1-6cae_1O-1-6cae_B-1__receptor.pdb	6cae-1-6cae_1O-1-6cae_B-1__ligand.sdf	933	55	856.006	-22.8495	-22.8495	856.006	-22.8495	0	-0.0266932	sas_voromqa	856.006	1759.8
6cbi-2-6cbi_D-1-6cbi_K-1__receptor.pdb	6cbi-2-6cbi_D-1-6cbi_K-1__ligand.sdf	1888	99	1430.5	111.26	111.26	1430.5	111.26	0	0.077777	sas_voromqa	1430.5	3031.4
6cd9-1-6cd9_A-1-6cd9_B-1__receptor.pdb	6cd9-1-6cd9_A-1-6cd9_B-1__ligand.sdf	1356	40	278.702	29.2506	-0.8073	255.756	12.8961	0	0.104953	sas_voromqa	278.702	977.403
6cdm-1-6cdm_A-1-6cdm_C-1__receptor.pdb	6cdm-1-6cdm_A-1-6cdm_C-1__ligand.sdf	1646	33	329.469	35.355	35.355	329.469	35.355	0	0.107309	sas_voromqa	329.469	919.936
6cdo-1-6cdo_A-1-6cdo_C-1__receptor.pdb	6cdo-1-6cdo_A-1-6cdo_C-1__ligand.sdf	1720	51	513.794	101.754	101.754	513.794	101.754	0	0.198044	sas_voromqa	513.794	1420.35
6cdo-1-6cdo_B-1-6cdo_C-1__receptor.pdb	6cdo-1-6cdo_B-1-6cdo_C-1__ligand.sdf	1689	51	664.983	136.119	136.119	664.983	136.119	0	0.204695	sas_voromqa	664.983	1557.99
6cdp-1-6cdp_A-1-6cdp_C-1__receptor.pdb	6cdp-1-6cdp_A-1-6cdp_C-1__ligand.sdf	1661	51	507.97	66.201	66.201	507.97	66.201	0	0.130325	sas_voromqa	507.97	1416.26
6cdp-1-6cdp_B-1-6cdp_C-1__receptor.pdb	6cdp-1-6cdp_B-1-6cdp_C-1__ligand.sdf	1694	51	809.989	161.482	161.482	809.989	161.482	0	0.199363	sas_voromqa	809.989	1670.85
6cen-1-6cen_A-1-6cen_D-1__receptor.pdb	6cen-1-6cen_A-1-6cen_D-1__ligand.sdf	1794	42	219.36	-27.1688	-27.1688	219.36	-27.1688	0	-0.123855	sas_voromqa	219.36	1020.53
6cez-1-6cez_H-1-6cez_P-1__receptor.pdb	6cez-1-6cez_H-1-6cez_P-1__ligand.sdf	1616	127	1310.54	46.9911	46.9911	1310.54	46.9911	0	0.0358563	sas_voromqa	1310.54	3480.29
6cez-1-6cez_L-1-6cez_P-1__receptor.pdb	6cez-1-6cez_L-1-6cez_P-1__ligand.sdf	1563	127	1350.4	37.1119	37.1119	1350.4	37.1119	0	0.0274822	sas_voromqa	1350.4	3481.1
6cf6-1-6cf6_A-1-6cf6_D-1__receptor.pdb	6cf6-1-6cf6_A-1-6cf6_D-1__ligand.sdf	2445	67	665.448	-30.0362	-30.0362	665.448	-30.0362	0	-0.0451368	sas_voromqa	665.448	1802.15
6chg-1-6chg_C-1-6chg_J-1__receptor.pdb	6chg-1-6chg_C-1-6chg_J-1__ligand.sdf	1134	24	126.113	4.61204	4.61204	126.113	4.61204	0	0.0365707	sas_voromqa	126.113	625.592
6cit-1-6cit_C-1-6cit_D-1__receptor.pdb	6cit-1-6cit_C-1-6cit_D-1__ligand.sdf	8032	134	998.738	-95.2491	-95.2491	998.738	-95.2491	0	-0.0953695	sas_voromqa	998.738	3349.77
6ckz-1-6ckz_B-1-6ckz_C-1__receptor.pdb	6ckz-1-6ckz_B-1-6ckz_C-1__ligand.sdf	779	51	502.87	117.819	117.819	502.87	117.819	0	0.234293	sas_voromqa	502.87	1389.47
6cnl-1-6cnl_A-1-6cnl_M-1__receptor.pdb	6cnl-1-6cnl_A-1-6cnl_M-1__ligand.sdf	1459	101	1018.79	-55.9638	-55.9638	1018.79	-55.9638	0	-0.0549316	sas_voromqa	1018.79	2657.87
6cnl-1-6cnl_A-1-6cnl_N-1__receptor.pdb	6cnl-1-6cnl_A-1-6cnl_N-1__ligand.sdf	1459	101	1258.93	-22.7113	-22.7113	1258.93	-22.7113	0	-0.0180402	sas_voromqa	1258.93	2876.56
6cnl-1-6cnl_A-1-6cnl_X-1__receptor.pdb	6cnl-1-6cnl_A-1-6cnl_X-1__ligand.sdf	1459	92	1204.4	78.5255	78.5255	1204.4	78.5255	0	0.0651989	sas_voromqa	1204.4	2651.53
6co3-1-6co3_H-1-6co3_Q-1__receptor.pdb	6co3-1-6co3_H-1-6co3_Q-1__ligand.sdf	1659	54	754.375	-73.8635	-73.8635	754.375	-73.8635	0	-0.0979135	sas_voromqa	754.375	1623.84
6co3-1-6co3_L-1-6co3_Q-1__receptor.pdb	6co3-1-6co3_L-1-6co3_Q-1__ligand.sdf	1608	54	764.793	-10.9485	-10.9485	764.793	-10.9485	0	-0.0143156	sas_voromqa	764.793	1625.06
6cpo-1-6cpo_B-1-6cpo_C-1__receptor.pdb	6cpo-1-6cpo_B-1-6cpo_C-1__ligand.sdf	1554	113	1570.22	-29.2523	-29.2523	1570.22	-29.2523	0	-0.0186294	sas_voromqa	1570.22	3510.04
6cqn-1-6cqn_D-1-6cqn_C-1__receptor.pdb	6cqn-1-6cqn_D-1-6cqn_C-1__ligand.sdf	1566	114	1917.84	38.1912	20.0483	1903.99	28.3196	0	0.0199137	sas_voromqa	1917.84	3792.3
6cqn-1-6cqn_E-1-6cqn_C-1__receptor.pdb	6cqn-1-6cqn_E-1-6cqn_C-1__ligand.sdf	1965	114	1917.69	120.521	67.8344	1877.47	91.8542	0	0.062847	sas_voromqa	1917.69	3779.84
6ct7-1-6ct7_H-1-6ct7_S-1__receptor.pdb	6ct7-1-6ct7_H-1-6ct7_S-1__ligand.sdf	1582	82	1120.3	21.3346	21.3346	1120.3	21.3346	0	0.0190436	sas_voromqa	1120.3	2524.94
6ct7-1-6ct7_L-1-6ct7_S-1__receptor.pdb	6ct7-1-6ct7_L-1-6ct7_S-1__ligand.sdf	1583	82	983.248	67.1053	67.1053	983.248	67.1053	0	0.0682486	sas_voromqa	983.248	2472.99
6cwp-1-6cwp_B-1-6cwp_F-1__receptor.pdb	6cwp-1-6cwp_B-1-6cwp_F-1__ligand.sdf	2529	54	643.563	-13.6912	-13.6912	643.563	-13.6912	0	-0.0212741	sas_voromqa	643.563	1534.2
6cxg-1-6cxg_H-1-6cxg_A-1__receptor.pdb	6cxg-1-6cxg_H-1-6cxg_A-1__ligand.sdf	1641	257	2457.68	104.749	104.749	2457.68	104.749	0	0.0426211	sas_voromqa	2457.68	6668.77
6d08-1-6d08_A-1-6d08_C-1__receptor.pdb	6d08-1-6d08_A-1-6d08_C-1__ligand.sdf	438	73	752.89	-30.5857	-36.7178	748.209	-33.9222	0	-0.0406244	sas_voromqa	752.89	2025.01
6d0x-1-6d0x_A-1-6d0x_C-1__receptor.pdb	6d0x-1-6d0x_A-1-6d0x_C-1__ligand.sdf	1653	74	814.228	-14.3817	-14.3817	814.228	-14.3817	0	-0.017663	sas_voromqa	814.228	2025.36
6d0y-1-6d0y_C-1-6d0y_B-1__receptor.pdb	6d0y-1-6d0y_C-1-6d0y_B-1__ligand.sdf	5990	137	1211.25	71.567	17.3424	1169.86	42.0634	0	0.0590852	sas_voromqa	1211.25	3647.24
6d1u-1-6d1u_A-1-6d1u_D-1__receptor.pdb	6d1u-1-6d1u_A-1-6d1u_D-1__ligand.sdf	4360	96	642.941	-10.7453	-10.7453	642.941	-10.7453	0	-0.0167127	sas_voromqa	642.941	2288.82
6d3y-1-6d3y_A-1-6d3y_C-1__receptor.pdb	6d3y-1-6d3y_A-1-6d3y_C-1__ligand.sdf	1839	120	894.396	80.6767	80.6767	894.396	80.6767	0	0.0902024	sas_voromqa	894.396	2973.94
6d94-1-6d94_A-1-6d94_B-1__receptor.pdb	6d94-1-6d94_A-1-6d94_B-1__ligand.sdf	2177	118	999.454	-15.3406	-15.3406	999.454	-15.3406	0	-0.015349	sas_voromqa	999.454	3047.6
6da1-1-6da1_A-1-6da1_C-1__receptor.pdb	6da1-1-6da1_A-1-6da1_C-1__ligand.sdf	1117	164	2053.32	230.026	-330.732	1625.23	-75.0828	0	0.112026	sas_voromqa	2053.32	4516.28
6da1-1-6da1_B-1-6da1_C-1__receptor.pdb	6da1-1-6da1_B-1-6da1_C-1__ligand.sdf	1127	164	1454.77	-18.023	-177.68	1332.89	-104.893	0	-0.0123889	sas_voromqa	1454.77	4054.34
6dat-1-6dat_B-1-6dat_F-1__receptor.pdb	6dat-1-6dat_B-1-6dat_F-1__ligand.sdf	1110	164	1875.89	329.878	-141.782	1515.82	73.2474	0	0.175851	sas_voromqa	1875.89	4392.17
6db5-1-6db5_H-1-6db5_P-1__receptor.pdb	6db5-1-6db5_H-1-6db5_P-1__ligand.sdf	1710	101	1156.53	104.161	104.161	1156.53	104.161	0	0.0900634	sas_voromqa	1156.53	2950.53
6db6-1-6db6_H-1-6db6_P-1__receptor.pdb	6db6-1-6db6_H-1-6db6_P-1__ligand.sdf	1689	118	1082.78	-1.56591	-1.56591	1082.78	-1.56591	0	-0.00144619	sas_voromqa	1082.78	3141.18
6db6-1-6db6_L-1-6db6_P-1__receptor.pdb	6db6-1-6db6_L-1-6db6_P-1__ligand.sdf	1605	118	1167.34	29.5329	29.5329	1167.34	29.5329	0	0.0252993	sas_voromqa	1167.34	3239.39
6db7-1-6db7_H-1-6db7_P-1__receptor.pdb	6db7-1-6db7_H-1-6db7_P-1__ligand.sdf	1763	111	1147.39	-4.57185	-4.57185	1147.39	-4.57185	0	-0.00398456	sas_voromqa	1147.39	3123.36
6db7-1-6db7_L-1-6db7_P-1__receptor.pdb	6db7-1-6db7_L-1-6db7_P-1__ligand.sdf	1595	111	1384.7	80.1918	80.1918	1384.7	80.1918	0	0.0579128	sas_voromqa	1384.7	3324.45
6dc8-1-6dc8_H-1-6dc8_P-1__receptor.pdb	6dc8-1-6dc8_H-1-6dc8_P-1__ligand.sdf	1648	48	546.146	-69.7077	-74.7263	542.315	-72.4383	0	-0.127636	sas_voromqa	546.146	1364.07
6dc8-1-6dc8_L-1-6dc8_P-1__receptor.pdb	6dc8-1-6dc8_L-1-6dc8_P-1__ligand.sdf	1706	48	594.21	-82.9684	-84.3578	593.149	-83.7244	0	-0.139628	sas_voromqa	594.21	1418.73
6dc9-1-6dc9_H-1-6dc9_P-1__receptor.pdb	6dc9-1-6dc9_H-1-6dc9_P-1__ligand.sdf	1598	53	679.68	-41.4131	-44.8275	677.073	-43.2709	0	-0.0609303	sas_voromqa	679.68	1596.21
6dc9-1-6dc9_L-1-6dc9_P-1__receptor.pdb	6dc9-1-6dc9_L-1-6dc9_P-1__ligand.sdf	1651	53	646.448	-47.0057	-51.1926	643.252	-49.2838	0	-0.0727138	sas_voromqa	646.448	1563.77
6dca-1-6dca_H-1-6dca_P-1__receptor.pdb	6dca-1-6dca_H-1-6dca_P-1__ligand.sdf	1623	50	588.296	-21.5024	-21.5024	588.296	-21.5024	0	-0.0365503	sas_voromqa	588.296	1444.57
6dcw-1-6dcw_H-1-6dcw_T-1__receptor.pdb	6dcw-1-6dcw_H-1-6dcw_T-1__ligand.sdf	1684	73	973.808	114.256	114.256	973.808	114.256	0	0.117329	sas_voromqa	973.808	2215.64
6dcw-1-6dcw_L-1-6dcw_T-1__receptor.pdb	6dcw-1-6dcw_L-1-6dcw_T-1__ligand.sdf	1714	73	1184.65	118.936	118.936	1184.65	118.936	0	0.100398	sas_voromqa	1184.65	2403.65
6df1-1-6df1_H-1-6df1_A-1__receptor.pdb	6df1-1-6df1_H-1-6df1_A-1__ligand.sdf	1622	24	242.552	8.58776	8.58776	242.552	8.58776	0	0.0354059	sas_voromqa	242.552	637.654
6dig-1-6dig_A-1-6dig_C-1__receptor.pdb	6dig-1-6dig_A-1-6dig_C-1__ligand.sdf	1458	85	1129.7	56.9779	56.9779	1129.7	56.9779	0	0.0504363	sas_voromqa	1129.7	2581.92
6dig-1-6dig_B-1-6dig_C-1__receptor.pdb	6dig-1-6dig_B-1-6dig_C-1__ligand.sdf	1479	85	1085.06	49.4529	49.4529	1085.06	49.4529	0	0.0455762	sas_voromqa	1085.06	2539.05
6dj8-1-6dj8_A-1-6dj8_C-1__receptor.pdb	6dj8-1-6dj8_A-1-6dj8_C-1__ligand.sdf	3053	79	741.619	58.5489	58.5489	741.619	58.5489	0	0.0789474	sas_voromqa	741.619	2166.51
6djk-1-6djk_A-1-6djk_B-1__receptor.pdb	6djk-1-6djk_A-1-6djk_B-1__ligand.sdf	2851	79	751.785	63.8682	63.8682	751.785	63.8682	0	0.0849554	sas_voromqa	751.785	2162.86
6dly-1-6dly_A-1-6dly_C-1__receptor.pdb	6dly-1-6dly_A-1-6dly_C-1__ligand.sdf	2698	79	618.996	49.2387	49.2387	618.996	49.2387	0	0.0795461	sas_voromqa	618.996	2062.16
6dm4-1-6dm4_A-1-6dm4_E-1__receptor.pdb	6dm4-1-6dm4_A-1-6dm4_E-1__ligand.sdf	960	60	602.356	22.2622	22.0539	602.197	22.1489	0	0.0369585	sas_voromqa	602.356	1664.14
6dn7-1-6dn7_A-1-6dn7_D-2__receptor.pdb	6dn7-1-6dn7_A-1-6dn7_D-2__ligand.sdf	1557	59	655.433	7.47587	7.47587	655.433	7.47587	0	0.011406	sas_voromqa	655.433	1612.62
6dn8-1-6dn8_A-1-6dn8_B-1__receptor.pdb	6dn8-1-6dn8_A-1-6dn8_B-1__ligand.sdf	1512	63	648.489	34.2478	34.2478	648.489	34.2478	0	0.0528117	sas_voromqa	648.489	1666.83
6dno-1-6dno_A-1-6dno_C-1__receptor.pdb	6dno-1-6dno_A-1-6dno_C-1__ligand.sdf	2360	71	528.796	-14.6246	-14.6246	528.796	-14.6246	0	-0.0276564	sas_voromqa	528.796	1805.04
6dqu-1-6dqu_A-1-6dqu_B-1__receptor.pdb	6dqu-1-6dqu_A-1-6dqu_B-1__ligand.sdf	4115	44	42.0969	0.986365	0.986365	42.0969	0.986365	0	0.0234308	sas_voromqa	42.0969	895.532
6drt-1-6drt_A-1-6drt_D-1__receptor.pdb	6drt-1-6drt_A-1-6drt_D-1__ligand.sdf	1766	72	508.208	-50.843	-50.843	508.208	-50.843	0	-0.100044	sas_voromqa	508.208	1801.88
6dub-1-6dub_A-1-6dub_E-1__receptor.pdb	6dub-1-6dub_A-1-6dub_E-1__ligand.sdf	1723	38	375.145	96.6227	-118.308	211.065	-20.3213	0	0.257561	sas_voromqa	375.145	1124.07
6e2p-1-6e2p_A-1-6e2p_C-1__receptor.pdb	6e2p-1-6e2p_A-1-6e2p_C-1__ligand.sdf	3708	167	1828.15	156.416	156.416	1828.15	156.416	0	0.0855597	sas_voromqa	1828.15	4728.25
6e49-1-6e49_A-1-6e49_E-1__receptor.pdb	6e49-1-6e49_A-1-6e49_E-1__ligand.sdf	2003	58	498.553	20.7808	20.7808	498.553	20.7808	0	0.0416822	sas_voromqa	498.553	1581.48
6e4d-1-6e4d_A-1-6e4d_F-1__receptor.pdb	6e4d-1-6e4d_A-1-6e4d_F-1__ligand.sdf	3916	26	46.2995	3.67845	3.67845	46.2995	3.67845	0	0.079449	sas_voromqa	46.2995	568.858
6e4z-1-6e4z_H-1-6e4z_P-1__receptor.pdb	6e4z-1-6e4z_H-1-6e4z_P-1__ligand.sdf	1586	129	1405.94	-214.888	-219.141	1402.69	-217.202	0	-0.152843	sas_voromqa	1405.94	3571.8
6e4z-1-6e4z_L-1-6e4z_P-1__receptor.pdb	6e4z-1-6e4z_L-1-6e4z_P-1__ligand.sdf	1682	129	1689.95	-275.998	-283.353	1684.33	-279.999	0	-0.163317	sas_voromqa	1689.95	3847.47
6e5x-1-6e5x_A-1-6e5x_B-1__receptor.pdb	6e5x-1-6e5x_A-1-6e5x_B-1__ligand.sdf	1003	101	1172.45	183.001	183.001	1172.45	183.001	0	0.156084	sas_voromqa	1172.45	2876.7
6e8m-1-6e8m_A-1-6e8m_B-1__receptor.pdb	6e8m-1-6e8m_A-1-6e8m_B-1__ligand.sdf	1302	21	152.276	18.2598	17.053	151.355	17.6032	0	0.119913	sas_voromqa	152.276	516.593
6e8r-1-6e8r_A-1-6e8r_C-1__receptor.pdb	6e8r-1-6e8r_A-1-6e8r_C-1__ligand.sdf	1166	146	1190.78	45.7701	45.7701	1190.78	45.7701	0	0.0384371	sas_voromqa	1190.78	3781.27
6ecd-1-6ecd_A-1-6ecd_B-1__receptor.pdb	6ecd-1-6ecd_A-1-6ecd_B-1__ligand.sdf	1780	12	130.538	7.30778	7.30778	130.538	7.30778	0	0.055982	sas_voromqa	130.538	396.171
6ei2-1-6ei2_A-1-6ei2_C-1__receptor.pdb	6ei2-1-6ei2_A-1-6ei2_C-1__ligand.sdf	2227	76	352.878	-56.691	-56.691	352.878	-56.691	0	-0.160653	sas_voromqa	352.878	1740.6
6eja-1-6eja_A-1-6eja_B-1__receptor.pdb	6eja-1-6eja_A-1-6eja_B-1__ligand.sdf	5502	48	307.826	0.0192738	0.0192738	307.826	0.0192738	0	6.26126e-05	sas_voromqa	307.826	1151.56
6eop-1-6eop_A-1-6eop_D-1__receptor.pdb	6eop-1-6eop_A-1-6eop_D-1__ligand.sdf	6839	86	269.642	-35.6014	-35.6014	269.642	-35.6014	0	-0.132032	sas_voromqa	269.642	2033.79
6erh-1-6erh_B-1-6erh_M-1__receptor.pdb	6erh-1-6erh_B-1-6erh_M-1__ligand.sdf	4301	56	383.875	18.2397	18.2397	383.875	18.2397	0	0.0475147	sas_voromqa	383.875	1459.63
6evn-1-6evn_A-1-6evn_C-1__receptor.pdb	6evn-1-6evn_A-1-6evn_C-1__ligand.sdf	770	53	589.424	49.8854	49.8854	589.424	49.8854	0	0.0846342	sas_voromqa	589.424	1428.76
6ew9-1-6ew9_A-1-6ew9_P-1__receptor.pdb	6ew9-1-6ew9_A-1-6ew9_P-1__ligand.sdf	2258	48	318.221	19.4795	19.4795	318.221	19.4795	0	0.0612137	sas_voromqa	318.221	1216.47
6ex9-1-6ex9_A-1-6ex9_B-1__receptor.pdb	6ex9-1-6ex9_A-1-6ex9_B-1__ligand.sdf	1040	137	1278.21	180.486	180.486	1278.21	180.486	0	0.141202	sas_voromqa	1278.21	3496.88
6ezi-1-6ezi_A-1-6ezi_B-1__receptor.pdb	6ezi-1-6ezi_A-1-6ezi_B-1__ligand.sdf	630	60	623.661	9.93069	9.93069	623.661	9.93069	0	0.0159232	sas_voromqa	623.661	1717.92
6f09-1-6f09_P-2-6f09_A-2__receptor.pdb	6f09-1-6f09_P-2-6f09_A-2__ligand.sdf	1798	57	443.057	43.7619	42.4326	442.043	43.0386	0	0.0987726	sas_voromqa	443.057	1492.19
6f0w-1-6f0w_A-1-6f0w_S-1__receptor.pdb	6f0w-1-6f0w_A-1-6f0w_S-1__ligand.sdf	1705	141	1089.56	113.056	113.056	1089.56	113.056	0	0.103763	sas_voromqa	1089.56	3568.01
6f4p-1-6f4p_A-1-6f4p_B-1__receptor.pdb	6f4p-1-6f4p_A-1-6f4p_B-1__ligand.sdf	1898	11	45.3176	-3.68305	-3.68305	45.3176	-3.68305	0	-0.081272	sas_voromqa	45.3176	265.345
6f4s-1-6f4s_A-1-6f4s_B-1__receptor.pdb	6f4s-1-6f4s_A-1-6f4s_B-1__ligand.sdf	1913	39	206.17	60.4656	60.4656	206.17	60.4656	0	0.29328	sas_voromqa	206.17	950.44
6f6d-1-6f6d_A-1-6f6d_B-1__receptor.pdb	6f6d-1-6f6d_A-1-6f6d_B-1__ligand.sdf	3609	124	1075.85	26.8307	26.8307	1075.85	26.8307	0	0.0249391	sas_voromqa	1075.85	3386.05
6f7t-1-6f7t_B-1-6f7t_D-1__receptor.pdb	6f7t-1-6f7t_B-1-6f7t_D-1__ligand.sdf	1604	111	1400.59	-173.383	-173.383	1400.59	-173.383	0	-0.123793	sas_voromqa	1400.59	3291.03
6fad-4-6fad_D-1-6fad_F-1__receptor.pdb	6fad-4-6fad_D-1-6fad_F-1__ligand.sdf	2892	63	670.243	-105.846	-105.846	670.243	-105.846	0	-0.157922	sas_voromqa	670.243	1845.54
6fbk-1-6fbk_A-1-6fbk_P-1__receptor.pdb	6fbk-1-6fbk_A-1-6fbk_P-1__ligand.sdf	629	131	1265.37	16.629	16.629	1265.37	16.629	0	0.0131416	sas_voromqa	1265.37	3594.24
6fbt-1-6fbt_A-1-6fbt_E-1__receptor.pdb	6fbt-1-6fbt_A-1-6fbt_E-1__ligand.sdf	4944	67	449.374	14.0996	14.0996	449.374	14.0996	0	0.0313761	sas_voromqa	449.374	1691.05
6fc6-1-6fc6_A-1-6fc6_B-1__receptor.pdb	6fc6-1-6fc6_A-1-6fc6_B-1__ligand.sdf	637	24	173.489	1.99723	1.99723	173.489	1.99723	0	0.0115121	sas_voromqa	173.489	597.863
6fcr-1-6fcr_A-1-6fcr_F-1__receptor.pdb	6fcr-1-6fcr_A-1-6fcr_F-1__ligand.sdf	4972	77	469.846	-15.4043	-15.4043	469.846	-15.4043	0	-0.0327858	sas_voromqa	469.846	1810.45
6fcr-1-6fcr_A-1-6fcr_G-1__receptor.pdb	6fcr-1-6fcr_A-1-6fcr_G-1__ligand.sdf	4972	49	446.223	-19.1905	-19.1905	446.223	-19.1905	0	-0.0430065	sas_voromqa	446.223	1367.97
6fmq-1-6fmq_A-1-6fmq_D-1__receptor.pdb	6fmq-1-6fmq_A-1-6fmq_D-1__ligand.sdf	2190	56	730.414	-85.823	-85.823	730.414	-85.823	0	-0.117499	sas_voromqa	730.414	1646.73
6fmq-1-6fmq_B-1-6fmq_D-1__receptor.pdb	6fmq-1-6fmq_B-1-6fmq_D-1__ligand.sdf	2191	56	385.324	-42.9848	-42.9848	385.324	-42.9848	0	-0.111555	sas_voromqa	385.324	1335.62
6fnz-1-6fnz_C-1-6fnz_F-1__receptor.pdb	6fnz-1-6fnz_C-1-6fnz_F-1__ligand.sdf	603	42	725.948	-81.3795	-81.3795	725.948	-81.3795	0	-0.112101	sas_voromqa	725.948	1377
6fq4-1-6fq4_A-1-6fq4_B-1__receptor.pdb	6fq4-1-6fq4_A-1-6fq4_B-1__ligand.sdf	1963	119	758.463	-21.6181	-21.6181	758.463	-21.6181	0	-0.0285025	sas_voromqa	758.463	2909.01
6frj-1-6frj_H-1-6frj_B-1__receptor.pdb	6frj-1-6frj_H-1-6frj_B-1__ligand.sdf	1720	60	563.931	-10.4897	-35.3412	544.96	-24.0114	0	-0.018601	sas_voromqa	563.931	1608.8
6fy0-1-6fy0_H-1-6fy0_P-1__receptor.pdb	6fy0-1-6fy0_H-1-6fy0_P-1__ligand.sdf	1694	148	1697.62	-6.35501	-6.35501	1697.62	-6.35501	0	-0.00374348	sas_voromqa	1697.62	4177.77
6fy0-1-6fy0_L-1-6fy0_P-1__receptor.pdb	6fy0-1-6fy0_L-1-6fy0_P-1__ligand.sdf	1579	148	1890.58	39.4295	39.4295	1890.58	39.4295	0	0.0208558	sas_voromqa	1890.58	4387.19
6fy3-1-6fy3_X-1-6fy3_Z-1__receptor.pdb	6fy3-1-6fy3_X-1-6fy3_Z-1__ligand.sdf	1381	142	1566.47	29.2272	29.2272	1566.47	29.2272	0	0.018658	sas_voromqa	1566.47	3958.41
6g0y-1-6g0y_A-1-6g0y_J-1__receptor.pdb	6g0y-1-6g0y_A-1-6g0y_J-1__ligand.sdf	1296	113	886.286	51.8458	51.8458	886.286	51.8458	0	0.0584978	sas_voromqa	886.286	2883.79
6g5g-1-6g5g_B-1-6g5g_P-1__receptor.pdb	6g5g-1-6g5g_B-1-6g5g_P-1__ligand.sdf	7047	156	1309.73	-65.3665	-65.3665	1309.73	-65.3665	0	-0.0499084	sas_voromqa	1309.73	4080.6
6g5k-1-6g5k_A-1-6g5k_C-1__receptor.pdb	6g5k-1-6g5k_A-1-6g5k_C-1__ligand.sdf	3586	137	1182.11	-41.3307	-41.3307	1182.11	-41.3307	0	-0.0349635	sas_voromqa	1182.11	3614.48
6g85-1-6g85_A-1-6g85_C-1__receptor.pdb	6g85-1-6g85_A-1-6g85_C-1__ligand.sdf	2913	80	822.622	32.2157	32.2157	822.622	32.2157	0	0.0391622	sas_voromqa	822.622	2227.03
6gb6-1-6gb6_A-1-6gb6_C-1__receptor.pdb	6gb6-1-6gb6_A-1-6gb6_C-1__ligand.sdf	2171	13	71.6987	-4.40793	-4.40793	71.6987	-4.40793	0	-0.0614785	sas_voromqa	71.6987	322.328
6gb7-1-6gb7_A-1-6gb7_P-1__receptor.pdb	6gb7-1-6gb7_A-1-6gb7_P-1__ligand.sdf	2210	18	113.505	6.14804	6.14804	113.505	6.14804	0	0.0541654	sas_voromqa	113.505	467.554
6gev-1-6gev_A-1-6gev_B-1__receptor.pdb	6gev-1-6gev_A-1-6gev_B-1__ligand.sdf	2033	82	687.067	-61.2884	-61.2884	687.067	-61.2884	0	-0.0892029	sas_voromqa	687.067	2150.2
6gjh-1-6gjh_B-1-6gjh_I-1__receptor.pdb	6gjh-1-6gjh_B-1-6gjh_I-1__ligand.sdf	680	21	285.125	28.8651	28.8651	285.125	28.8651	0	0.101237	sas_voromqa	285.125	653.95
6gjh-1-6gjh_D-1-6gjh_J-1__receptor.pdb	6gjh-1-6gjh_D-1-6gjh_J-1__ligand.sdf	676	20	238.159	11.4607	11.4607	238.159	11.4607	0	0.0481221	sas_voromqa	238.159	618.079
6gmg-1-6gmg_A-1-6gmg_C-1__receptor.pdb	6gmg-1-6gmg_A-1-6gmg_C-1__ligand.sdf	2667	61	666.197	14.9661	14.9661	666.197	14.9661	0	0.022465	sas_voromqa	666.197	1805.96
6gmz-1-6gmz_A-1-6gmz_B-1__receptor.pdb	6gmz-1-6gmz_A-1-6gmz_B-1__ligand.sdf	3324	30	302.628	21.0401	21.0401	302.628	21.0401	0	0.0695246	sas_voromqa	302.628	821.732
6gp7-1-6gp7_B-1-6gp7_D-1__receptor.pdb	6gp7-1-6gp7_B-1-6gp7_D-1__ligand.sdf	482	95	884.789	83.3613	-14.1472	810.35	30.3069	0	0.094216	sas_voromqa	884.789	2511.77
6gpz-1-6gpz_B-1-6gpz_E-1__receptor.pdb	6gpz-1-6gpz_B-1-6gpz_E-1__ligand.sdf	483	20	245.162	8.77524	8.77524	245.162	8.77524	0	0.0357936	sas_voromqa	245.162	581.059
6gqn-1-6gqn_A-1-6gqn_G-1__receptor.pdb	6gqn-1-6gqn_A-1-6gqn_G-1__ligand.sdf	495	105	1483.22	17.5892	17.5892	1483.22	17.5892	0	0.0118588	sas_voromqa	1483.22	3262.65
6gx9-1-6gx9_A-1-6gx9_C-1__receptor.pdb	6gx9-1-6gx9_A-1-6gx9_C-1__ligand.sdf	7222	83	782.8	4.10878	4.10878	782.8	4.10878	0	0.00524882	sas_voromqa	782.8	2231.67
6gy5-1-6gy5_A-1-6gy5_U-1__receptor.pdb	6gy5-1-6gy5_A-1-6gy5_U-1__ligand.sdf	2145	85	874.89	-1.14901	-1.14901	874.89	-1.14901	0	-0.00131332	sas_voromqa	874.89	2402.56
6gyt-1-6gyt_A-1-6gyt_C-1__receptor.pdb	6gyt-1-6gyt_A-1-6gyt_C-1__ligand.sdf	1328	58	627.335	40.8397	40.8397	627.335	40.8397	0	0.0651003	sas_voromqa	627.335	1703.21
6gzl-1-6gzl_A-1-6gzl_B-1__receptor.pdb	6gzl-1-6gzl_A-1-6gzl_B-1__ligand.sdf	714	97	1132.98	15.8378	15.8378	1132.98	15.8378	0	0.0139789	sas_voromqa	1132.98	2764.62
6h0b-2-6h0b_B-1-6h0b_F-1__receptor.pdb	6h0b-2-6h0b_B-1-6h0b_F-1__ligand.sdf	4256	107	1037.1	59.5644	59.5644	1037.1	59.5644	0	0.0574336	sas_voromqa	1037.1	2882.56
6h0e-1-6h0e_H-1-6h0e_I-1__receptor.pdb	6h0e-1-6h0e_H-1-6h0e_I-1__ligand.sdf	1628	69	814.428	6.46903	4.72189	813.094	5.51841	0	0.00794303	sas_voromqa	814.428	2040.27
6h0e-1-6h0e_L-1-6h0e_I-1__receptor.pdb	6h0e-1-6h0e_L-1-6h0e_I-1__ligand.sdf	1686	69	977.475	14.8367	9.06658	973.07	11.6972	0	0.0151786	sas_voromqa	977.475	2170.51
6h1e-1-6h1e_A-1-6h1e_S-1__receptor.pdb	6h1e-1-6h1e_A-1-6h1e_S-1__ligand.sdf	1562	27	239.319	26.586	26.586	239.319	26.586	0	0.11109	sas_voromqa	239.319	722.696
6h41-1-6h41_A-1-6h41_B-1__receptor.pdb	6h41-1-6h41_A-1-6h41_B-1__ligand.sdf	2483	154	1198.42	31.955	31.955	1198.42	31.955	0	0.0266643	sas_voromqa	1198.42	3857
6h6a-1-6h6a_D-3-6h6a_E-3__receptor.pdb	6h6a-1-6h6a_D-3-6h6a_E-3__ligand.sdf	1388	47	179.427	16.9492	16.9492	179.427	16.9492	0	0.0944629	sas_voromqa	179.427	1135.7
6h7b-1-6h7b_A-1-6h7b_B-1__receptor.pdb	6h7b-1-6h7b_A-1-6h7b_B-1__ligand.sdf	625	98	1030.33	22.4847	22.4847	1030.33	22.4847	0	0.0218228	sas_voromqa	1030.33	2710.63
6h7b-1-6h7b_A-1-6h7b_D-1__receptor.pdb	6h7b-1-6h7b_A-1-6h7b_D-1__ligand.sdf	625	98	1600.94	151.456	151.456	1600.94	151.456	0	0.0946044	sas_voromqa	1600.94	3192.64
6h7b-1-6h7b_C-1-6h7b_B-1__receptor.pdb	6h7b-1-6h7b_C-1-6h7b_B-1__ligand.sdf	618	98	1625.41	168.755	168.755	1625.41	168.755	0	0.103823	sas_voromqa	1625.41	3196.3
6hip-1-6hip_A-1-6hip_C-1__receptor.pdb	6hip-1-6hip_A-1-6hip_C-1__ligand.sdf	804	95	1038.61	-124.729	-154.13	1016.16	-140.726	0	-0.120092	sas_voromqa	1038.61	2685.5
6hk3-2-6hk3_B-1-6hk3_N-2__receptor.pdb	6hk3-2-6hk3_B-1-6hk3_N-2__ligand.sdf	2753	59	630.736	43.4373	43.4373	630.736	43.4373	0	0.0688676	sas_voromqa	630.736	1613.44
6hl1-1-6hl1_A-1-6hl1_B-1__receptor.pdb	6hl1-1-6hl1_A-1-6hl1_B-1__ligand.sdf	1855	111	1028.75	-44.192	-44.192	1028.75	-44.192	0	-0.042957	sas_voromqa	1028.75	2988.12
6hm5-1-6hm5_A-1-6hm5_B-1__receptor.pdb	6hm5-1-6hm5_A-1-6hm5_B-1__ligand.sdf	1995	60	592.176	-35.5085	-36.6367	591.315	-36.1224	0	-0.0599627	sas_voromqa	592.176	1585.58
6hmz-1-6hmz_X-1-6hmz_A-1__receptor.pdb	6hmz-1-6hmz_X-1-6hmz_A-1__ligand.sdf	1279	85	697.725	54.6689	54.6689	697.725	54.6689	0	0.0783531	sas_voromqa	697.725	2264.44
6hos-2-6hos_B-1-6hos_C-1__receptor.pdb	6hos-2-6hos_B-1-6hos_C-1__ligand.sdf	1675	86	964.747	56.0235	56.0235	964.747	56.0235	0	0.0580707	sas_voromqa	964.747	2345.66
6hpg-1-6hpg_A-1-6hpg_a-1__receptor.pdb	6hpg-1-6hpg_A-1-6hpg_a-1__ligand.sdf	965	61	598.847	-108.852	-108.852	598.847	-108.852	0	-0.181769	sas_voromqa	598.847	1663.25
6hqu-7-6hqu_G-1-6hqu_O-1__receptor.pdb	6hqu-7-6hqu_G-1-6hqu_O-1__ligand.sdf	1534	107	868.053	104.412	104.412	868.053	104.412	0	0.120283	sas_voromqa	868.053	2721.57
6hv2-1-6hv2_A-1-6hv2_B-1__receptor.pdb	6hv2-1-6hv2_A-1-6hv2_B-1__ligand.sdf	1315	41	370.383	107.776	107.776	370.383	107.776	0	0.290985	sas_voromqa	370.383	1132.09
6hwn-1-6hwn_A-1-6hwn_H-1__receptor.pdb	6hwn-1-6hwn_A-1-6hwn_H-1__ligand.sdf	1425	16	103.549	-8.72471	-8.72471	103.549	-8.72471	0	-0.0842568	sas_voromqa	103.549	397.012
6hy2-1-6hy2_X-1-6hy2_A-1__receptor.pdb	6hy2-1-6hy2_X-1-6hy2_A-1__ligand.sdf	1971	103	978.176	-19.0741	-19.0741	978.176	-19.0741	0	-0.0194997	sas_voromqa	978.176	2764.6
6hy2-1-6hy2_X-1-6hy2_A-3__receptor.pdb	6hy2-1-6hy2_X-1-6hy2_A-3__ligand.sdf	1971	103	1103.7	73.9008	73.9008	1103.7	73.9008	0	0.0669573	sas_voromqa	1103.7	2923.24
6hy7-1-6hy7_A-1-6hy7_B-1__receptor.pdb	6hy7-1-6hy7_A-1-6hy7_B-1__ligand.sdf	1701	106	1008.6	-1.81173	-1.81173	1008.6	-1.81173	0	-0.00179628	sas_voromqa	1008.6	2839.35
6i2g-1-6i2g_A-1-6i2g_B-1__receptor.pdb	6i2g-1-6i2g_A-1-6i2g_B-1__ligand.sdf	931	135	997.406	-131.426	-131.426	997.406	-131.426	0	-0.131768	sas_voromqa	997.406	3303.32
6i2p-1-6i2p_A-1-6i2p_C-1__receptor.pdb	6i2p-1-6i2p_A-1-6i2p_C-1__ligand.sdf	2034	25	381.084	42.1629	42.1629	381.084	42.1629	0	0.110639	sas_voromqa	381.084	840.265
6i5n-2-6i5n_D-1-6i5n_J-1__receptor.pdb	6i5n-2-6i5n_D-1-6i5n_J-1__ligand.sdf	1188	84	840.633	35.6095	35.6095	840.633	35.6095	0	0.0423603	sas_voromqa	840.633	2271.4
6i5n-2-6i5n_D-1-6i5n_L-1__receptor.pdb	6i5n-2-6i5n_D-1-6i5n_L-1__ligand.sdf	1188	74	857.44	1.65744	-2.28516	854.43	-0.487733	0	0.00193301	sas_voromqa	857.44	2164.56
6i6h-1-6i6h_A-1-6i6h_B-1__receptor.pdb	6i6h-1-6i6h_A-1-6i6h_B-1__ligand.sdf	1700	49	378.066	-43.5071	-43.5071	378.066	-43.5071	0	-0.115078	sas_voromqa	378.066	1290.86
6ic9-1-6ic9_A-1-6ic9_C-1__receptor.pdb	6ic9-1-6ic9_A-1-6ic9_C-1__ligand.sdf	1161	108	1260.91	-14.8834	-28.8121	1250.27	-22.462	0	-0.0118037	sas_voromqa	1260.91	3005.64
6ie4-1-6ie4_A-1-6ie4_B-1__receptor.pdb	6ie4-1-6ie4_A-1-6ie4_B-1__ligand.sdf	1122	87	678.619	-7.81955	-7.81955	678.619	-7.81955	0	-0.0115227	sas_voromqa	678.619	2239.69
6ie6-1-6ie6_A-1-6ie6_P-1__receptor.pdb	6ie6-1-6ie6_A-1-6ie6_P-1__ligand.sdf	1217	81	651.518	-27.9834	-27.9834	651.518	-27.9834	0	-0.0429511	sas_voromqa	651.518	2107.14
6ieu-1-6ieu_A-1-6ieu_C-1__receptor.pdb	6ieu-1-6ieu_A-1-6ieu_C-1__ligand.sdf	1348	85	938.401	28.4463	28.4463	938.401	28.4463	0	0.0303136	sas_voromqa	938.401	2422.89
6ifg-2-6ifg_B-1-6ifg_F-1__receptor.pdb	6ifg-2-6ifg_B-1-6ifg_F-1__ligand.sdf	3301	24	86.0866	-5.25099	-5.25099	86.0866	-5.25099	0	-0.0609966	sas_voromqa	86.0866	495.682
6igl-1-6igl_A-1-6igl_B-1__receptor.pdb	6igl-1-6igl_A-1-6igl_B-1__ligand.sdf	3733	130	438.684	-47.5815	-47.5815	438.684	-47.5815	0	-0.108464	sas_voromqa	438.684	2776.01
6iht-1-6iht_A-1-6iht_X-1__receptor.pdb	6iht-1-6iht_A-1-6iht_X-1__ligand.sdf	1932	19	86.7109	-28.5157	-28.5157	86.7109	-28.5157	0	-0.328859	sas_voromqa	86.7109	421.744
6iit-1-6iit_B-1-6iit_F-1__receptor.pdb	6iit-1-6iit_B-1-6iit_F-1__ligand.sdf	822	35	407.099	28.0063	28.0063	407.099	28.0063	0	0.0687948	sas_voromqa	407.099	1049.77
6ikg-1-6ikg_A-1-6ikg_F-1__receptor.pdb	6ikg-1-6ikg_A-1-6ikg_F-1__ligand.sdf	4982	19	110.622	19.5861	19.5861	110.622	19.5861	0	0.177054	sas_voromqa	110.622	493.388
6ip4-1-6ip4_A-1-6ip4_B-1__receptor.pdb	6ip4-1-6ip4_A-1-6ip4_B-1__ligand.sdf	3731	56	630.048	12.1484	12.1484	630.048	12.1484	0	0.0192817	sas_voromqa	630.048	1660.83
6iqj-2-6iqj_A-1-6iqj_C-1__receptor.pdb	6iqj-2-6iqj_A-1-6iqj_C-1__ligand.sdf	983	85	917.009	82.6177	82.6177	917.009	82.6177	0	0.0900948	sas_voromqa	917.009	2322.42
6itu-1-6itu_A-1-6itu_B-1__receptor.pdb	6itu-1-6itu_A-1-6itu_B-1__ligand.sdf	1177	111	873.483	108.387	108.387	873.483	108.387	0	0.124086	sas_voromqa	873.483	2798.36
6iw7-7-6iw7_E-1-6iw7_b-1__receptor.pdb	6iw7-7-6iw7_E-1-6iw7_b-1__ligand.sdf	1474	25	169.471	-25.9616	-25.9616	169.471	-25.9616	0	-0.153192	sas_voromqa	169.471	645.395
6iw7-7-6iw7_G-1-6iw7_a-1__receptor.pdb	6iw7-7-6iw7_G-1-6iw7_a-1__ligand.sdf	1330	25	159.219	38.6636	38.6636	159.219	38.6636	0	0.242833	sas_voromqa	159.219	621.122
6iwg-1-6iwg_A-1-6iwg_C-1__receptor.pdb	6iwg-1-6iwg_A-1-6iwg_C-1__ligand.sdf	2256	37	154.709	17.4295	17.4295	154.709	17.4295	0	0.11266	sas_voromqa	154.709	915.654
6ixp-1-6ixp_A-1-6ixp_B-1__receptor.pdb	6ixp-1-6ixp_A-1-6ixp_B-1__ligand.sdf	3142	120	1170.31	52.931	52.931	1170.31	52.931	0	0.0452282	sas_voromqa	1170.31	3455.18
6ixp-1-6ixp_A-1-6ixp_C-1__receptor.pdb	6ixp-1-6ixp_A-1-6ixp_C-1__ligand.sdf	3142	146	1513.12	-77.0532	-77.0532	1513.12	-77.0532	0	-0.0509234	sas_voromqa	1513.12	4136.69
6ixr-1-6ixr_A-1-6ixr_B-1__receptor.pdb	6ixr-1-6ixr_A-1-6ixr_B-1__ligand.sdf	3136	76	576.914	0.702193	0.702193	576.914	0.702193	0	0.00121715	sas_voromqa	576.914	1965.5
6j0x-4-6j0x_D-1-6j0x_H-1__receptor.pdb	6j0x-4-6j0x_D-1-6j0x_H-1__ligand.sdf	3799	143	1291.75	-58.1063	-58.1063	1291.75	-58.1063	0	-0.0449826	sas_voromqa	1291.75	3805.16
6j19-1-6j19_A-1-6j19_B-1__receptor.pdb	6j19-1-6j19_A-1-6j19_B-1__ligand.sdf	1995	110	1228.51	-98.3647	-98.3647	1228.51	-98.3647	0	-0.0800683	sas_voromqa	1228.51	3061.13
6j2p-4-6j2p_D-1-6j2p_G-1__receptor.pdb	6j2p-4-6j2p_D-1-6j2p_G-1__ligand.sdf	714	51	563.588	17.3122	17.3122	563.588	17.3122	0	0.0307178	sas_voromqa	563.588	1485.05
6j31-4-6j31_D-1-6j31_H-1__receptor.pdb	6j31-4-6j31_D-1-6j31_H-1__ligand.sdf	2983	78	238.559	21.9063	21.9063	238.559	21.9063	0	0.0918276	sas_voromqa	238.559	1690.36
6j4v-1-6j4v_A-1-6j4v_C-1__receptor.pdb	6j4v-1-6j4v_A-1-6j4v_C-1__ligand.sdf	2018	38	159.325	-3.93946	-3.93946	159.325	-3.93946	0	-0.0247259	sas_voromqa	159.325	840.987
6j8e-1-6j8e_A-1-6j8e_D-1__receptor.pdb	6j8e-1-6j8e_A-1-6j8e_D-1__ligand.sdf	9193	125	651.989	52.4467	52.4467	651.989	52.4467	0	0.0804411	sas_voromqa	651.989	3060.49
6j8o-1-6j8o_B-1-6j8o_C-1__receptor.pdb	6j8o-1-6j8o_B-1-6j8o_C-1__ligand.sdf	1925	53	433.146	-93.7929	-93.7929	433.146	-93.7929	0	-0.216539	sas_voromqa	433.146	1336.22
6jf6-1-6jf6_C-1-6jf6_E-1__receptor.pdb	6jf6-1-6jf6_C-1-6jf6_E-1__ligand.sdf	1222	20	50.9574	-20.609	-20.609	50.9574	-20.609	0	-0.404436	sas_voromqa	50.9574	439.139
6jfa-1-6jfa_A-1-6jfa_C-1__receptor.pdb	6jfa-1-6jfa_A-1-6jfa_C-1__ligand.sdf	1244	20	142.902	-34.3812	-34.3812	142.902	-34.3812	0	-0.240593	sas_voromqa	142.902	538.388
6jfo-1-6jfo_A-1-6jfo_B-1__receptor.pdb	6jfo-1-6jfo_A-1-6jfo_B-1__ligand.sdf	1438	22	113.816	-37.9244	-37.9244	113.816	-37.9244	0	-0.333208	sas_voromqa	113.816	530.869
6ji2-1-6ji2_A-1-6ji2_X-1__receptor.pdb	6ji2-1-6ji2_A-1-6ji2_X-1__ligand.sdf	3391	63	535.781	16.0683	16.0683	535.781	16.0683	0	0.0299904	sas_voromqa	535.781	1760.47
6jij-1-6jij_B-1-6jij_D-1__receptor.pdb	6jij-1-6jij_B-1-6jij_D-1__ligand.sdf	2279	49	315.541	78.6598	78.6598	315.541	78.6598	0	0.249286	sas_voromqa	315.541	1221.16
6jjx-2-6jjx_B-1-6jjx_D-1__receptor.pdb	6jjx-2-6jjx_B-1-6jjx_D-1__ligand.sdf	1038	125	1626.85	63.9108	63.9108	1626.85	63.9108	0	0.039285	sas_voromqa	1626.85	3699.8
6jjy-1-6jjy_A-1-6jjy_U-1__receptor.pdb	6jjy-1-6jjy_A-1-6jjy_U-1__ligand.sdf	1062	136	1446.4	-87.3049	-93.4272	1441.73	-90.6361	0	-0.0603601	sas_voromqa	1446.4	3745.07
6jjz-2-6jjz_B-1-6jjz_D-1__receptor.pdb	6jjz-2-6jjz_B-1-6jjz_D-1__ligand.sdf	780	96	980.153	39.6192	39.6192	980.153	39.6192	0	0.0404214	sas_voromqa	980.153	2572.83
6jlh-1-6jlh_A-1-6jlh_B-1__receptor.pdb	6jlh-1-6jlh_A-1-6jlh_B-1__ligand.sdf	2052	126	967.011	-83.0264	-83.0264	967.011	-83.0264	0	-0.0858588	sas_voromqa	967.011	3261.91
6jmt-1-6jmt_A-1-6jmt_L-1__receptor.pdb	6jmt-1-6jmt_A-1-6jmt_L-1__ligand.sdf	2619	125	897.277	-58.277	-58.277	897.277	-58.277	0	-0.0649487	sas_voromqa	897.277	3174.09
6joz-1-6joz_A-1-6joz_C-1__receptor.pdb	6joz-1-6joz_A-1-6joz_C-1__ligand.sdf	2235	72	248.267	35.676	35.676	248.267	35.676	0	0.1437	sas_voromqa	248.267	1626.12
6jp3-1-6jp3_A-1-6jp3_C-1__receptor.pdb	6jp3-1-6jp3_A-1-6jp3_C-1__ligand.sdf	2235	31	186.235	27.5503	27.5503	186.235	27.5503	0	0.147933	sas_voromqa	186.235	755.443
6jp3-1-6jp3_A-1-6jp3_D-1__receptor.pdb	6jp3-1-6jp3_A-1-6jp3_D-1__ligand.sdf	2235	35	227.219	37.8441	37.8441	227.219	37.8441	0	0.166553	sas_voromqa	227.219	906.05
6jpw-4-6jpw_G-1-6jpw_L-1__receptor.pdb	6jpw-4-6jpw_G-1-6jpw_L-1__ligand.sdf	284	59	1007.24	-12.0543	-12.0543	1007.24	-12.0543	0	-0.0119677	sas_voromqa	1007.24	1991.85
6jto-1-6jto_A-1-6jto_C-1__receptor.pdb	6jto-1-6jto_A-1-6jto_C-1__ligand.sdf	2244	61	306.077	14.4631	14.4631	306.077	14.4631	0	0.0472531	sas_voromqa	306.077	1447.04
6jue-1-6jue_L-1-6jue_A-1__receptor.pdb	6jue-1-6jue_L-1-6jue_A-1__ligand.sdf	670	38	359.981	11.5847	11.5847	359.981	11.5847	0	0.0321814	sas_voromqa	359.981	1081.13
6jwj-1-6jwj_A-1-6jwj_C-1__receptor.pdb	6jwj-1-6jwj_A-1-6jwj_C-1__ligand.sdf	3732	163	1363.65	57.4561	57.4561	1363.65	57.4561	0	0.0421341	sas_voromqa	1363.65	4346.57
6jwm-1-6jwm_A-1-6jwm_B-1__receptor.pdb	6jwm-1-6jwm_A-1-6jwm_B-1__ligand.sdf	1565	55	538.3	-25.7355	-25.7355	538.3	-25.7355	0	-0.0478088	sas_voromqa	538.3	1381.05
6jx3-1-6jx3_B-1-6jx3_A-1__receptor.pdb	6jx3-1-6jx3_B-1-6jx3_A-1__ligand.sdf	663	143	1749.5	52.3361	52.3361	1749.5	52.3361	0	0.0299149	sas_voromqa	1749.5	4156.2
6jzd-1-6jzd_A-1-6jzd_C-1__receptor.pdb	6jzd-1-6jzd_A-1-6jzd_C-1__ligand.sdf	2060	43	371.07	-71.8704	-71.8704	371.07	-71.8704	0	-0.193684	sas_voromqa	371.07	1120.95
6jzd-1-6jzd_B-1-6jzd_C-1__receptor.pdb	6jzd-1-6jzd_B-1-6jzd_C-1__ligand.sdf	299	43	680.011	26.5163	26.5163	680.011	26.5163	0	0.0389939	sas_voromqa	680.011	1374.82
6jzn-1-6jzn_C-1-6jzn_G-1__receptor.pdb	6jzn-1-6jzn_C-1-6jzn_G-1__ligand.sdf	1085	70	414.48	9.28959	9.28959	414.48	9.28959	0	0.0224126	sas_voromqa	414.48	1660.44
6k3f-1-6k3f_A-1-6k3f_U-1__receptor.pdb	6k3f-1-6k3f_A-1-6k3f_U-1__ligand.sdf	2722	112	1352.1	-10.8716	-14.5533	1349.29	-12.8748	0	-0.00804053	sas_voromqa	1352.1	3335.85
6k3f-1-6k3f_A-1-6k3f_Y-1__receptor.pdb	6k3f-1-6k3f_A-1-6k3f_Y-1__ligand.sdf	2722	104	1803.74	-44.3238	-56.7566	1794.25	-51.0885	0	-0.0245733	sas_voromqa	1803.74	3485.13
6k3f-1-6k3f_C-1-6k3f_V-1__receptor.pdb	6k3f-1-6k3f_C-1-6k3f_V-1__ligand.sdf	2687	104	1717.68	-4.52642	-12.2545	1711.78	-8.73125	0	-0.00263519	sas_voromqa	1717.68	3447.29
6k3f-1-6k3f_C-1-6k3f_W-1__receptor.pdb	6k3f-1-6k3f_C-1-6k3f_W-1__ligand.sdf	2687	73	831.285	11.5731	8.24527	828.745	9.7624	0	0.0139219	sas_voromqa	831.285	2153.92
6k7t-1-6k7t_A-1-6k7t_C-1__receptor.pdb	6k7t-1-6k7t_A-1-6k7t_C-1__ligand.sdf	2075	66	176.05	-0.643231	-0.643231	176.05	-0.643231	0	-0.00365368	sas_voromqa	176.05	1389.09
6kc4-6-6kc4_K-1-6kc4_L-1__receptor.pdb	6kc4-6-6kc4_K-1-6kc4_L-1__ligand.sdf	827	57	521.649	-74.9405	-75.7571	521.026	-75.3849	0	-0.143661	sas_voromqa	521.649	1504.03
6kd5-1-6kd5_B-1-6kd5_C-1__receptor.pdb	6kd5-1-6kd5_B-1-6kd5_C-1__ligand.sdf	1864	55	531.349	-73.6466	-76.3774	529.265	-75.1324	0	-0.138603	sas_voromqa	531.349	1556.14
6kkb-1-6kkb_X-1-6kkb_D-1__receptor.pdb	6kkb-1-6kkb_X-1-6kkb_D-1__ligand.sdf	1883	82	698.169	74.2482	74.2482	698.169	74.2482	0	0.106347	sas_voromqa	698.169	2170.72
6kmj-1-6kmj_A-1-6kmj_C-1__receptor.pdb	6kmj-1-6kmj_A-1-6kmj_C-1__ligand.sdf	936	131	1286.3	50.343	50.343	1286.3	50.343	0	0.0391378	sas_voromqa	1286.3	3597.85
6ko2-1-6ko2_A-1-6ko2_B-1__receptor.pdb	6ko2-1-6ko2_A-1-6ko2_B-1__ligand.sdf	875	51	545.531	-9.19448	-9.19448	545.531	-9.19448	0	-0.0168542	sas_voromqa	545.531	1436.83
6kpb-1-6kpb_C-1-6kpb_B-1__receptor.pdb	6kpb-1-6kpb_C-1-6kpb_B-1__ligand.sdf	2969	89	913.605	67.9667	67.9667	913.605	67.9667	0	0.074394	sas_voromqa	913.605	2491.26
6kva-1-6kva_H-1-6kva_B-1__receptor.pdb	6kva-1-6kva_H-1-6kva_B-1__ligand.sdf	1592	62	570.101	108.592	108.592	570.101	108.592	0	0.190479	sas_voromqa	570.101	1640.55
6kva-1-6kva_L-1-6kva_B-1__receptor.pdb	6kva-1-6kva_L-1-6kva_B-1__ligand.sdf	1629	62	840.235	151.908	151.908	840.235	151.908	0	0.180792	sas_voromqa	840.235	1874.07
6kvm-1-6kvm_A-1-6kvm_C-1__receptor.pdb	6kvm-1-6kvm_A-1-6kvm_C-1__ligand.sdf	1496	130	1691.15	-115.134	-115.134	1691.15	-115.134	0	-0.0680803	sas_voromqa	1691.15	3872.56
6kvm-1-6kvm_B-1-6kvm_C-1__receptor.pdb	6kvm-1-6kvm_B-1-6kvm_C-1__ligand.sdf	1475	130	1621.71	-105.5	-105.5	1621.71	-105.5	0	-0.0650548	sas_voromqa	1621.71	3805.47
6kwl-1-6kwl_A-1-6kwl_C-1__receptor.pdb	6kwl-1-6kwl_A-1-6kwl_C-1__ligand.sdf	2226	72	290.48	22.2147	22.2147	290.48	22.2147	0	0.0764758	sas_voromqa	290.48	1640.03
6kx1-1-6kx1_A-1-6kx1_C-1__receptor.pdb	6kx1-1-6kx1_A-1-6kx1_C-1__ligand.sdf	1596	87	1290.8	48.1813	48.1813	1290.8	48.1813	0	0.0373267	sas_voromqa	1290.8	2685.06
6kx1-1-6kx1_B-1-6kx1_C-1__receptor.pdb	6kx1-1-6kx1_B-1-6kx1_C-1__ligand.sdf	1699	87	1049.83	4.46467	4.46467	1049.83	4.46467	0	0.00425276	sas_voromqa	1049.83	2505.82
6kyu-1-6kyu_A-1-6kyu_C-1__receptor.pdb	6kyu-1-6kyu_A-1-6kyu_C-1__ligand.sdf	2219	78	317.323	3.31424	3.31424	317.323	3.31424	0	0.0104444	sas_voromqa	317.323	1844.9
6kz1-1-6kz1_A-1-6kz1_B-2__receptor.pdb	6kz1-1-6kz1_A-1-6kz1_B-2__ligand.sdf	726	85	1013.25	34.1107	34.1107	1013.25	34.1107	0	0.0336646	sas_voromqa	1013.25	2504.67
6kzq-1-6kzq_A-1-6kzq_F-1__receptor.pdb	6kzq-1-6kzq_A-1-6kzq_F-1__ligand.sdf	2347	60	672.084	100.615	100.615	672.084	100.615	0	0.149706	sas_voromqa	672.084	1644.09
6l0v-4-6l0v_G-1-6l0v_H-1__receptor.pdb	6l0v-4-6l0v_G-1-6l0v_H-1__ligand.sdf	503	131	1134.43	-24.5899	-24.5899	1134.43	-24.5899	0	-0.021676	sas_voromqa	1134.43	3452
6l1f-1-6l1f_B-1-6l1f_A-1__receptor.pdb	6l1f-1-6l1f_B-1-6l1f_A-1__ligand.sdf	590	45	620.559	-36.9623	-36.9623	620.559	-36.9623	0	-0.0595629	sas_voromqa	620.559	1372.57
6l63-1-6l63_A-1-6l63_B-1__receptor.pdb	6l63-1-6l63_A-1-6l63_B-1__ligand.sdf	1713	162	1233.55	116.222	116.222	1233.55	116.222	0	0.0942175	sas_voromqa	1233.55	4015.65
6l7i-1-6l7i_G-1-6l7i_H-1__receptor.pdb	6l7i-1-6l7i_G-1-6l7i_H-1__ligand.sdf	5242	121	971.735	-12.2466	-12.2466	971.735	-12.2466	0	-0.0126028	sas_voromqa	971.735	3288.57
6l9k-1-6l9k_A-1-6l9k_Q-1__receptor.pdb	6l9k-1-6l9k_A-1-6l9k_Q-1__ligand.sdf	1449	79	354.18	83.891	83.891	354.18	83.891	0	0.23686	sas_voromqa	354.18	1684.84
6l9l-1-6l9l_C-1-6l9l_B-1__receptor.pdb	6l9l-1-6l9l_C-1-6l9l_B-1__ligand.sdf	1528	79	1159.58	142.312	142.312	1159.58	142.312	0	0.122727	sas_voromqa	1159.58	2405.64
6l9l-1-6l9l_D-1-6l9l_B-1__receptor.pdb	6l9l-1-6l9l_D-1-6l9l_B-1__ligand.sdf	1905	79	1190.52	179.981	179.981	1190.52	179.981	0	0.151178	sas_voromqa	1190.52	2431.99
6lb4-1-6lb4_A-1-6lb4_B-1__receptor.pdb	6lb4-1-6lb4_A-1-6lb4_B-1__ligand.sdf	1722	90	837.286	-23.7117	-23.7117	837.286	-23.7117	0	-0.0283197	sas_voromqa	837.286	2428.53
6ldv-1-6ldv_L-1-6ldv_P-1__receptor.pdb	6ldv-1-6ldv_L-1-6ldv_P-1__ligand.sdf	1579	51	842.46	98.8799	98.8799	842.46	98.8799	0	0.11737	sas_voromqa	842.46	1675.17
6ldw-1-6ldw_H-1-6ldw_C-1__receptor.pdb	6ldw-1-6ldw_H-1-6ldw_C-1__ligand.sdf	1463	72	1100.85	166.002	166.002	1100.85	166.002	0	0.150794	sas_voromqa	1100.85	2329.82
6ldw-1-6ldw_L-1-6ldw_C-1__receptor.pdb	6ldw-1-6ldw_L-1-6ldw_C-1__ligand.sdf	1574	72	1113.12	62.5372	62.5372	1113.12	62.5372	0	0.0561819	sas_voromqa	1113.12	2327.49
6ldx-1-6ldx_H-1-6ldx_B-1__receptor.pdb	6ldx-1-6ldx_H-1-6ldx_B-1__ligand.sdf	1584	51	474.325	56.9629	56.9629	474.325	56.9629	0	0.120093	sas_voromqa	474.325	1333.18
6ldx-1-6ldx_L-1-6ldx_B-1__receptor.pdb	6ldx-1-6ldx_L-1-6ldx_B-1__ligand.sdf	1588	51	822.619	92.6453	92.6453	822.619	92.6453	0	0.112622	sas_voromqa	822.619	1662.82
6ldy-1-6ldy_A-1-6ldy_C-1__receptor.pdb	6ldy-1-6ldy_A-1-6ldy_C-1__ligand.sdf	1565	71	782.709	81.0886	81.0886	782.709	81.0886	0	0.1036	sas_voromqa	782.709	1980.78
6ldy-1-6ldy_B-1-6ldy_C-1__receptor.pdb	6ldy-1-6ldy_B-1-6ldy_C-1__ligand.sdf	1599	71	1046.33	131.48	131.48	1046.33	131.48	0	0.125658	sas_voromqa	1046.33	2236.77
6lit-1-6lit_A-1-6lit_D-1__receptor.pdb	6lit-1-6lit_A-1-6lit_D-1__ligand.sdf	1602	90	797.857	-6.3186	-6.3186	797.857	-6.3186	0	-0.00791946	sas_voromqa	797.857	2414.19
6ljk-1-6ljk_A-1-6ljk_B-1__receptor.pdb	6ljk-1-6ljk_A-1-6ljk_B-1__ligand.sdf	2058	77	697.241	69.8957	69.8957	697.241	69.8957	0	0.100246	sas_voromqa	697.241	1991.78
6ljm-1-6ljm_A-1-6ljm_B-1__receptor.pdb	6ljm-1-6ljm_A-1-6ljm_B-1__ligand.sdf	2041	50	399.616	51.9917	51.9917	399.616	51.9917	0	0.130104	sas_voromqa	399.616	1278.79
6lqe-1-6lqe_A-1-6lqe_P-1__receptor.pdb	6lqe-1-6lqe_A-1-6lqe_P-1__ligand.sdf	411	67	813.99	-69.9119	-69.9119	813.99	-69.9119	0	-0.0858879	sas_voromqa	813.99	1961.28
6lqf-1-6lqf_A-1-6lqf_P-1__receptor.pdb	6lqf-1-6lqf_A-1-6lqf_P-1__ligand.sdf	1385	51	260.011	-4.2967	-4.2967	260.011	-4.2967	0	-0.0165251	sas_voromqa	260.011	1193.03
6lra-1-6lra_L-1-6lra_C-1__receptor.pdb	6lra-1-6lra_L-1-6lra_C-1__ligand.sdf	1667	49	685.539	31.9144	31.9144	685.539	31.9144	0	0.0465537	sas_voromqa	685.539	1549.68
6lrd-1-6lrd_A-1-6lrd_B-1__receptor.pdb	6lrd-1-6lrd_A-1-6lrd_B-1__ligand.sdf	5279	34	287.596	-14.3304	-14.3304	287.596	-14.3304	0	-0.0498282	sas_voromqa	287.596	877.629
6lsd-1-6lsd_A-1-6lsd_C-2__receptor.pdb	6lsd-1-6lsd_A-1-6lsd_C-2__ligand.sdf	1096	70	951.322	104.168	100.284	948.357	102.055	0	0.109498	sas_voromqa	951.322	2129.37
6lup-1-6lup_A-1-6lup_C-1__receptor.pdb	6lup-1-6lup_A-1-6lup_C-1__ligand.sdf	2162	78	386.959	33.2134	33.2134	386.959	33.2134	0	0.0858318	sas_voromqa	386.959	1806.56
6lw5-1-6lw5_A-1-6lw5_B-1__receptor.pdb	6lw5-1-6lw5_A-1-6lw5_B-1__ligand.sdf	3337	59	88.165	10.2892	10.2892	88.165	10.2892	0	0.116704	sas_voromqa	88.165	1308.11
6lyc-1-6lyc_A-1-6lyc_B-1__receptor.pdb	6lyc-1-6lyc_A-1-6lyc_B-1__ligand.sdf	851	130	893.481	181.35	181.35	893.481	181.35	0	0.20297	sas_voromqa	893.481	3138.36
6lz4-1-6lz4_A-1-6lz4_C-1__receptor.pdb	6lz4-1-6lz4_A-1-6lz4_C-1__ligand.sdf	1308	49	573.09	49.5906	49.5906	573.09	49.5906	0	0.086532	sas_voromqa	573.09	1392.26
6lz4-1-6lz4_B-1-6lz4_C-1__receptor.pdb	6lz4-1-6lz4_B-1-6lz4_C-1__ligand.sdf	1284	49	622.169	44.8427	44.8427	622.169	44.8427	0	0.0720748	sas_voromqa	622.169	1456.95
6lz9-1-6lz9_B-1-6lz9_A-1__receptor.pdb	6lz9-1-6lz9_B-1-6lz9_A-1__ligand.sdf	1654	48	585.577	48.0006	48.0006	585.577	48.0006	0	0.0819715	sas_voromqa	585.577	1453.52
6m2j-1-6m2j_A-1-6m2j_C-1__receptor.pdb	6m2j-1-6m2j_A-1-6m2j_C-1__ligand.sdf	2235	72	277.689	-3.3728	-3.3728	277.689	-3.3728	0	-0.012146	sas_voromqa	277.689	1715.59
6m2m-1-6m2m_B-1-6m2m_M-1__receptor.pdb	6m2m-1-6m2m_B-1-6m2m_M-1__ligand.sdf	664	81	946.924	-150.288	-150.288	946.924	-150.288	0	-0.158712	sas_voromqa	946.924	2276.58
6m2m-1-6m2m_G-1-6m2m_N-1__receptor.pdb	6m2m-1-6m2m_G-1-6m2m_N-1__ligand.sdf	575	121	2026.58	-291.016	-291.016	2026.58	-291.016	0	-0.1436	sas_voromqa	2026.58	3943.76
6m5e-1-6m5e_A-1-6m5e_F-1__receptor.pdb	6m5e-1-6m5e_A-1-6m5e_F-1__ligand.sdf	4618	128	1131.73	196.336	138.293	1087.42	164.755	0	0.173483	sas_voromqa	1131.73	3245.22
6m5e-2-6m5e_B-1-6m5e_J-1__receptor.pdb	6m5e-2-6m5e_B-1-6m5e_J-1__ligand.sdf	4604	128	1437.48	249.254	181.895	1386.06	212.604	0	0.173396	sas_voromqa	1437.48	3459.28
6m5e-3-6m5e_C-1-6m5e_I-1__receptor.pdb	6m5e-3-6m5e_C-1-6m5e_I-1__ligand.sdf	4618	128	1253.96	222.884	122.612	1177.41	168.326	0	0.177744	sas_voromqa	1253.96	3339.1
6m7y-2-6m7y_B-1-6m7y_D-1__receptor.pdb	6m7y-2-6m7y_B-1-6m7y_D-1__ligand.sdf	7779	127	1567.15	-29.2865	-29.2865	1567.15	-29.2865	0	-0.0186877	sas_voromqa	1567.15	3764.87
6m8y-1-6m8y_A-1-6m8y_B-1__receptor.pdb	6m8y-1-6m8y_A-1-6m8y_B-1__ligand.sdf	2697	29	150.01	15.0734	15.0734	150.01	15.0734	0	0.100483	sas_voromqa	150.01	666.734
6m90-1-6m90_A-1-6m90_C-1__receptor.pdb	6m90-1-6m90_A-1-6m90_C-1__ligand.sdf	3183	65	607.486	21.3989	18.6265	605.369	19.8904	0	0.0352253	sas_voromqa	607.486	1692.13
6mbk-1-6mbk_A-1-6mbk_Y-1__receptor.pdb	6mbk-1-6mbk_A-1-6mbk_Y-1__ligand.sdf	3922	126	874.088	32.5395	32.5395	874.088	32.5395	0	0.0372268	sas_voromqa	874.088	3100.09
6mf5-2-6mf5_B-1-6mf5_D-1__receptor.pdb	6mf5-2-6mf5_B-1-6mf5_D-1__ligand.sdf	1861	47	478.64	4.01441	2.95952	477.835	3.44044	0	0.00838712	sas_voromqa	478.64	1295.09
6mg1-1-6mg1_A-1-6mg1_C-1__receptor.pdb	6mg1-1-6mg1_A-1-6mg1_C-1__ligand.sdf	561	319	3425.54	-340.904	-412.785	3370.67	-380.014	0	-0.0995183	sas_voromqa	3425.54	8229.22
6mg1-1-6mg1_A-1-6mg1_D-1__receptor.pdb	6mg1-1-6mg1_A-1-6mg1_D-1__ligand.sdf	561	324	3507.8	-360.168	-435.647	3450.18	-401.236	0	-0.102676	sas_voromqa	3507.8	8402.95
6mgq-3-6mgq_C-1-6mgq_F-1__receptor.pdb	6mgq-3-6mgq_C-1-6mgq_F-1__ligand.sdf	6673	46	187.698	58.5763	58.5763	187.698	58.5763	0	0.312077	sas_voromqa	187.698	994.777
6mha-1-6mha_A-1-6mha_B-1__receptor.pdb	6mha-1-6mha_A-1-6mha_B-1__ligand.sdf	458	50	461.685	-41.1527	-41.1527	461.685	-41.1527	0	-0.0891359	sas_voromqa	461.685	1332.05
6mhf-1-6mhf_A-1-6mhf_C-1__receptor.pdb	6mhf-1-6mhf_A-1-6mhf_C-1__ligand.sdf	2632	134	1045.24	-47.9282	-47.9282	1045.24	-47.9282	0	-0.0458538	sas_voromqa	1045.24	3328.07
6miq-1-6miq_A-1-6miq_C-1__receptor.pdb	6miq-1-6miq_A-1-6miq_C-1__ligand.sdf	1141	49	482.893	-13.9348	-13.9348	482.893	-13.9348	0	-0.0288569	sas_voromqa	482.893	1351.83
6mlc-1-6mlc_A-1-6mlc_E-1__receptor.pdb	6mlc-1-6mlc_A-1-6mlc_E-1__ligand.sdf	663	50	537.139	14.9393	-59.4013	480.387	-25.5094	0	0.0278127	sas_voromqa	537.139	1451.35
6mnq-1-6mnq_H-1-6mnq_P-1__receptor.pdb	6mnq-1-6mnq_H-1-6mnq_P-1__ligand.sdf	1568	102	1140.05	73.0421	73.0421	1140.05	73.0421	0	0.0640692	sas_voromqa	1140.05	2961.56
6mnq-1-6mnq_L-1-6mnq_P-1__receptor.pdb	6mnq-1-6mnq_L-1-6mnq_P-1__ligand.sdf	1681	102	1269.05	131.681	131.681	1269.05	131.681	0	0.103763	sas_voromqa	1269.05	3054.98
6mnr-1-6mnr_H-1-6mnr_P-1__receptor.pdb	6mnr-1-6mnr_H-1-6mnr_P-1__ligand.sdf	1637	111	988.58	42.0952	38.2603	985.652	40.0086	0	0.0425815	sas_voromqa	988.58	2944.82
6mnr-1-6mnr_L-1-6mnr_P-1__receptor.pdb	6mnr-1-6mnr_L-1-6mnr_P-1__ligand.sdf	1566	111	1113.72	57.8896	54.0546	1110.8	55.8029	0	0.0519786	sas_voromqa	1113.72	3081.01
6mpz-1-6mpz_A-1-6mpz_M-1__receptor.pdb	6mpz-1-6mpz_A-1-6mpz_M-1__ligand.sdf	1132	92	757.718	-108.16	-108.16	757.718	-108.16	0	-0.142744	sas_voromqa	757.718	2299.95
6mqc-2-6mqc_H-1-6mqc_C-1__receptor.pdb	6mqc-2-6mqc_H-1-6mqc_C-1__ligand.sdf	1642	51	451.036	83.8176	83.8176	451.036	83.8176	0	0.185834	sas_voromqa	451.036	1354.83
6mqc-2-6mqc_L-1-6mqc_C-1__receptor.pdb	6mqc-2-6mqc_L-1-6mqc_C-1__ligand.sdf	1660	51	825.287	155.177	155.177	825.287	155.177	0	0.188028	sas_voromqa	825.287	1681.47
6mqe-2-6mqe_H-1-6mqe_C-1__receptor.pdb	6mqe-2-6mqe_H-1-6mqe_C-1__ligand.sdf	1689	51	367.704	40.0115	40.0115	367.704	40.0115	0	0.108814	sas_voromqa	367.704	1278.73
6mqe-2-6mqe_L-1-6mqe_C-1__receptor.pdb	6mqe-2-6mqe_L-1-6mqe_C-1__ligand.sdf	1612	51	833.054	140.294	140.294	833.054	140.294	0	0.168409	sas_voromqa	833.054	1690.7
6mqr-1-6mqr_H-1-6mqr_A-1__receptor.pdb	6mqr-1-6mqr_H-1-6mqr_A-1__ligand.sdf	1727	51	591.295	67.4112	67.4112	591.295	67.4112	0	0.114006	sas_voromqa	591.295	1486.66
6mqr-1-6mqr_L-1-6mqr_A-1__receptor.pdb	6mqr-1-6mqr_L-1-6mqr_A-1__ligand.sdf	1642	51	659.827	148.684	148.684	659.827	148.684	0	0.225338	sas_voromqa	659.827	1547.68
6mqs-2-6mqs_C-1-6mqs_F-1__receptor.pdb	6mqs-2-6mqs_C-1-6mqs_F-1__ligand.sdf	1647	40	494.334	20.8738	20.8738	494.334	20.8738	0	0.0422261	sas_voromqa	494.334	1232.19
6mt6-1-6mt6_A-1-6mt6_B-1__receptor.pdb	6mt6-1-6mt6_A-1-6mt6_B-1__ligand.sdf	2252	80	294.967	-3.28037	-3.28037	294.967	-3.28037	0	-0.0111211	sas_voromqa	294.967	1756.01
6mtm-1-6mtm_D-1-6mtm_C-1__receptor.pdb	6mtm-1-6mtm_D-1-6mtm_C-1__ligand.sdf	1505	80	1351.09	87.6797	87.6797	1351.09	87.6797	0	0.0648955	sas_voromqa	1351.09	2659.16
6mtm-1-6mtm_E-1-6mtm_C-1__receptor.pdb	6mtm-1-6mtm_E-1-6mtm_C-1__ligand.sdf	1895	80	1294.25	78.4058	78.4058	1294.25	78.4058	0	0.0605801	sas_voromqa	1294.25	2638.42
6mtp-1-6mtp_H-1-6mtp_P-1__receptor.pdb	6mtp-1-6mtp_H-1-6mtp_P-1__ligand.sdf	1618	172	1598.46	298.235	298.235	1598.46	298.235	0	0.186576	sas_voromqa	1598.46	4666.39
6mtp-1-6mtp_L-1-6mtp_P-1__receptor.pdb	6mtp-1-6mtp_L-1-6mtp_P-1__ligand.sdf	1646	172	2040.46	406.494	406.494	2040.46	406.494	0	0.199217	sas_voromqa	2040.46	4990.66
6mtt-1-6mtt_H-1-6mtt_P-1__receptor.pdb	6mtt-1-6mtt_H-1-6mtt_P-1__ligand.sdf	1620	182	1499.86	350.442	350.442	1499.86	350.442	0	0.23365	sas_voromqa	1499.86	4605.26
6mtt-1-6mtt_L-1-6mtt_P-1__receptor.pdb	6mtt-1-6mtt_L-1-6mtt_P-1__ligand.sdf	1601	182	2486.71	532.443	532.443	2486.71	532.443	0	0.214115	sas_voromqa	2486.71	5440.83
6mwz-1-6mwz_A-1-6mwz_M-1__receptor.pdb	6mwz-1-6mwz_A-1-6mwz_M-1__ligand.sdf	1286	50	493.023	34.7605	34.7605	493.023	34.7605	0	0.0705048	sas_voromqa	493.023	1333.15
6mwz-1-6mwz_B-1-6mwz_M-1__receptor.pdb	6mwz-1-6mwz_B-1-6mwz_M-1__ligand.sdf	1230	50	809.822	55.9357	55.9357	809.822	55.9357	0	0.0690716	sas_voromqa	809.822	1600.73
6myd-1-6myd_A-1-6myd_B-1__receptor.pdb	6myd-1-6myd_A-1-6myd_B-1__ligand.sdf	1266	67	612.465	19.2327	19.2327	612.465	19.2327	0	0.0314021	sas_voromqa	612.465	1699.92
6mye-1-6mye_A-1-6mye_B-1__receptor.pdb	6mye-1-6mye_A-1-6mye_B-1__ligand.sdf	685	89	967.966	29.2905	29.2905	967.966	29.2905	0	0.0302598	sas_voromqa	967.966	2493.03
6n16-4-6n16_C-1-6n16_I-1__receptor.pdb	6n16-4-6n16_C-1-6n16_I-1__ligand.sdf	1637	51	542.289	102.827	102.827	542.289	102.827	0	0.189617	sas_voromqa	542.289	1464.56
6n16-4-6n16_D-1-6n16_I-1__receptor.pdb	6n16-4-6n16_D-1-6n16_I-1__ligand.sdf	1660	51	514.171	107.808	107.808	514.171	107.808	0	0.209673	sas_voromqa	514.171	1411.12
6n3e-1-6n3e_A-1-6n3e_B-1__receptor.pdb	6n3e-1-6n3e_A-1-6n3e_B-1__ligand.sdf	773	64	590.858	-48.6279	-48.6279	590.858	-48.6279	0	-0.0823005	sas_voromqa	590.858	1628.91
6n5w-1-6n5w_B-1-6n5w_A-1__receptor.pdb	6n5w-1-6n5w_B-1-6n5w_A-1__ligand.sdf	207	156	1734.09	-1.53522	-1.53522	1734.09	-1.53522	0	-0.000885317	sas_voromqa	1734.09	4333.8
6n5w-1-6n5w_C-1-6n5w_A-1__receptor.pdb	6n5w-1-6n5w_C-1-6n5w_A-1__ligand.sdf	1134	156	1203.39	-12.67	-12.67	1203.39	-12.67	0	-0.0105286	sas_voromqa	1203.39	3870.31
6n87-1-6n87_A-1-6n87_C-1__receptor.pdb	6n87-1-6n87_A-1-6n87_C-1__ligand.sdf	2442	117	925.951	129.531	129.531	925.951	129.531	0	0.13989	sas_voromqa	925.951	3032.99
6n9j-2-6n9j_B-1-6n9j_D-1__receptor.pdb	6n9j-2-6n9j_B-1-6n9j_D-1__ligand.sdf	2764	35	179.278	11.5056	11.5056	179.278	11.5056	0	0.0641774	sas_voromqa	179.278	855.139
6ncp-1-6ncp_B-1-6ncp_F-1__receptor.pdb	6ncp-1-6ncp_B-1-6ncp_F-1__ligand.sdf	1633	51	606.258	-10.0077	-10.0077	606.258	-10.0077	0	-0.0165073	sas_voromqa	606.258	1454.64
6ncp-2-6ncp_C-1-6ncp_E-1__receptor.pdb	6ncp-2-6ncp_C-1-6ncp_E-1__ligand.sdf	1731	59	771.041	116.043	116.043	771.041	116.043	0	0.150502	sas_voromqa	771.041	1831.87
6ncp-2-6ncp_D-1-6ncp_E-1__receptor.pdb	6ncp-2-6ncp_D-1-6ncp_E-1__ligand.sdf	1634	59	1117.41	168.482	168.482	1117.41	168.482	0	0.150779	sas_voromqa	1117.41	2102.64
6nid-3-6nid_C-1-6nid_F-1__receptor.pdb	6nid-3-6nid_C-1-6nid_F-1__ligand.sdf	672	46	300.365	33.5775	33.5775	300.365	33.5775	0	0.111789	sas_voromqa	300.365	1090
6njg-1-6njg_C-1-6njg_B-1__receptor.pdb	6njg-1-6njg_C-1-6njg_B-1__ligand.sdf	579	139	1304.98	-80.8493	-80.8493	1304.98	-80.8493	0	-0.0619544	sas_voromqa	1304.98	3711.29
6njg-1-6njg_C-1-6njg_B-2__receptor.pdb	6njg-1-6njg_C-1-6njg_B-2__ligand.sdf	579	139	1648.23	-95.7556	-95.7556	1648.23	-95.7556	0	-0.058096	sas_voromqa	1648.23	4015.7
6nk0-1-6nk0_A-1-6nk0_C-1__receptor.pdb	6nk0-1-6nk0_A-1-6nk0_C-1__ligand.sdf	1442	92	725.239	78.6079	78.6079	725.239	78.6079	0	0.108389	sas_voromqa	725.239	2318.86
6nnv-1-6nnv_A-1-6nnv_J-1__receptor.pdb	6nnv-1-6nnv_A-1-6nnv_J-1__ligand.sdf	925	134	1061.93	142.201	142.201	1061.93	142.201	0	0.133908	sas_voromqa	1061.93	3400.89
6npo-1-6npo_A-1-6npo_C-1__receptor.pdb	6npo-1-6npo_A-1-6npo_C-1__ligand.sdf	4102	20	52.5623	5.43267	5.43267	52.5623	5.43267	0	0.103357	sas_voromqa	52.5623	477.678
6nq3-1-6nq3_C-1-6nq3_D-1__receptor.pdb	6nq3-1-6nq3_C-1-6nq3_D-1__ligand.sdf	416	143	2083.29	95.0572	95.0572	2083.29	95.0572	0	0.0456284	sas_voromqa	2083.29	4519.76
6nq3-2-6nq3_F-1-6nq3_H-1__receptor.pdb	6nq3-2-6nq3_F-1-6nq3_H-1__ligand.sdf	2317	143	1215.21	82.7748	82.7748	1215.21	82.7748	0	0.0681156	sas_voromqa	1215.21	3787.37
6nsv-2-6nsv_B-1-6nsv_D-1__receptor.pdb	6nsv-2-6nsv_B-1-6nsv_D-1__ligand.sdf	1039	55	385.346	65.9608	65.9608	385.346	65.9608	0	0.171173	sas_voromqa	385.346	1320.79
6nuf-1-6nuf_A-1-6nuf_C-1__receptor.pdb	6nuf-1-6nuf_A-1-6nuf_C-1__ligand.sdf	2916	142	1742.38	0.0405251	0.0405251	1742.38	0.0405251	0	2.32585e-05	sas_voromqa	1742.38	4162.59
6nuf-1-6nuf_B-1-6nuf_C-1__receptor.pdb	6nuf-1-6nuf_B-1-6nuf_C-1__ligand.sdf	1240	142	2422.18	-15.2577	-15.2577	2422.18	-15.2577	0	-0.00629916	sas_voromqa	2422.18	4717.52
6nyy-1-6nyy_B-1-6nyy_G-1__receptor.pdb	6nyy-1-6nyy_B-1-6nyy_G-1__ligand.sdf	3786	55	1002.4	76.607	76.607	1002.4	76.607	0	0.0764236	sas_voromqa	1002.4	1913.13
6nyy-1-6nyy_B-1-6nyy_H-1__receptor.pdb	6nyy-1-6nyy_B-1-6nyy_H-1__ligand.sdf	3786	55	567.899	47.1435	47.1435	567.899	47.1435	0	0.0830139	sas_voromqa	567.899	1662.4
6nyy-1-6nyy_C-1-6nyy_H-1__receptor.pdb	6nyy-1-6nyy_C-1-6nyy_H-1__ligand.sdf	3818	55	1058.38	85.1804	85.1804	1058.38	85.1804	0	0.0804819	sas_voromqa	1058.38	1969.57
6o23-1-6o23_A-1-6o23_E-1__receptor.pdb	6o23-1-6o23_A-1-6o23_E-1__ligand.sdf	1676	136	1412.42	-46.382	-50.4027	1409.35	-48.5696	0	-0.0328387	sas_voromqa	1412.42	3626.13
6o24-1-6o24_A-1-6o24_I-1__receptor.pdb	6o24-1-6o24_A-1-6o24_I-1__ligand.sdf	1736	76	726.445	-4.53008	-4.53008	726.445	-4.53008	0	-0.00623596	sas_voromqa	726.445	1981.44
6o24-1-6o24_B-1-6o24_I-1__receptor.pdb	6o24-1-6o24_B-1-6o24_I-1__ligand.sdf	1644	76	1079.39	35.0677	35.0677	1079.39	35.0677	0	0.0324884	sas_voromqa	1079.39	2277.42
6o25-1-6o25_A-1-6o25_D-1__receptor.pdb	6o25-1-6o25_A-1-6o25_D-1__ligand.sdf	1665	76	636.05	2.06746	2.06746	636.05	2.06746	0	0.00325047	sas_voromqa	636.05	1902.87
6o26-1-6o26_A-1-6o26_C-1__receptor.pdb	6o26-1-6o26_A-1-6o26_C-1__ligand.sdf	1604	69	722.771	-49.6463	-49.6463	722.771	-49.6463	0	-0.0686888	sas_voromqa	722.771	1856.09
6o26-1-6o26_B-1-6o26_C-1__receptor.pdb	6o26-1-6o26_B-1-6o26_C-1__ligand.sdf	1634	69	1053.26	-13.9363	-13.9363	1053.26	-13.9363	0	-0.0132316	sas_voromqa	1053.26	2126.29
6o28-1-6o28_A-1-6o28_E-1__receptor.pdb	6o28-1-6o28_A-1-6o28_E-1__ligand.sdf	1622	70	657.616	-18.6294	-18.6294	657.616	-18.6294	0	-0.0283287	sas_voromqa	657.616	1800.67
6o3l-2-6o3l_A-1-6o3l_E-1__receptor.pdb	6o3l-2-6o3l_A-1-6o3l_E-1__ligand.sdf	1671	163	1500.41	147.971	147.971	1500.41	147.971	0	0.0986204	sas_voromqa	1500.41	4329.65
6o3l-2-6o3l_B-1-6o3l_E-1__receptor.pdb	6o3l-2-6o3l_B-1-6o3l_E-1__ligand.sdf	1630	163	1981.18	248.414	248.414	1981.18	248.414	0	0.125387	sas_voromqa	1981.18	4718
6o3x-3-6o3x_C-1-6o3x_F-1__receptor.pdb	6o3x-3-6o3x_C-1-6o3x_F-1__ligand.sdf	1152	48	541.845	-22.5426	-22.5426	541.845	-22.5426	0	-0.0416034	sas_voromqa	541.845	1312.01
6o42-2-6o42_B-1-6o42_I-1__receptor.pdb	6o42-2-6o42_B-1-6o42_I-1__ligand.sdf	1641	139	1240.84	239.023	239.023	1240.84	239.023	0	0.19263	sas_voromqa	1240.84	3636.53
6o5o-2-6o5o_B-1-6o5o_D-1__receptor.pdb	6o5o-2-6o5o_B-1-6o5o_D-1__ligand.sdf	1181	103	790.664	26.5898	26.5898	790.664	26.5898	0	0.0336297	sas_voromqa	790.664	2489.75
6oax-1-6oax_A-1-6oax_P-1__receptor.pdb	6oax-1-6oax_A-1-6oax_P-1__ligand.sdf	4577	130	2360.18	183.904	183.904	2360.18	183.904	0	0.0779195	sas_voromqa	2360.18	4455.74
6obd-2-6obd_H-1-6obd_F-1__receptor.pdb	6obd-2-6obd_H-1-6obd_F-1__ligand.sdf	1587	78	986.977	-62.4975	-68.9506	982.051	-66.0086	0	-0.0633221	sas_voromqa	986.977	2254.15
6obd-2-6obd_L-1-6obd_F-1__receptor.pdb	6obd-2-6obd_L-1-6obd_F-1__ligand.sdf	1659	78	1000.91	-67.5599	-69.7406	999.246	-68.7464	0	-0.0674985	sas_voromqa	1000.91	2269.76
6ocp-1-6ocp_B-1-6ocp_P-1__receptor.pdb	6ocp-1-6ocp_B-1-6ocp_P-1__ligand.sdf	833	114	1729.47	138.088	138.088	1729.47	138.088	0	0.0798441	sas_voromqa	1729.47	3617.92
6ocp-1-6ocp_C-1-6ocp_P-1__receptor.pdb	6ocp-1-6ocp_C-1-6ocp_P-1__ligand.sdf	802	114	1360.8	85.9312	85.9312	1360.8	85.9312	0	0.0631476	sas_voromqa	1360.8	3324.51
6ocp-1-6ocp_E-1-6ocp_P-1__receptor.pdb	6ocp-1-6ocp_E-1-6ocp_P-1__ligand.sdf	814	114	1591.52	136.562	136.562	1591.52	136.562	0	0.085806	sas_voromqa	1591.52	3507.18
6ocx-4-6ocx_D-1-6ocx_F-1__receptor.pdb	6ocx-4-6ocx_D-1-6ocx_F-1__ligand.sdf	1228	121	677.331	24.4781	24.4781	677.331	24.4781	0	0.0361391	sas_voromqa	677.331	2830.3
6ofq-2-6ofq_A-1-6ofq_B-1__receptor.pdb	6ofq-2-6ofq_A-1-6ofq_B-1__ligand.sdf	4121	25	134.427	-23.0405	-23.0405	134.427	-23.0405	0	-0.171398	sas_voromqa	134.427	584.786
6om2-1-6om2_B-1-6om2_E-1__receptor.pdb	6om2-1-6om2_B-1-6om2_E-1__ligand.sdf	2446	68	761.246	-48.5502	-48.5502	761.246	-48.5502	0	-0.0637773	sas_voromqa	761.246	1997.86
6om4-2-6om4_B-1-6om4_D-1__receptor.pdb	6om4-2-6om4_B-1-6om4_D-1__ligand.sdf	2699	76	382.494	-55.3608	-55.3636	382.492	-55.3623	0	-0.144736	sas_voromqa	382.494	1664.52
6on2-1-6on2_A-1-6on2_G-1__receptor.pdb	6on2-1-6on2_A-1-6on2_G-1__ligand.sdf	4041	36	679.795	-8.11668	-8.11668	679.795	-8.11668	0	-0.0119399	sas_voromqa	679.795	1276.24
6os2-1-6os2_A-1-6os2_B-1__receptor.pdb	6os2-1-6os2_A-1-6os2_B-1__ligand.sdf	2927	65	69.9758	8.96913	8.96913	69.9758	8.96913	0	0.128175	sas_voromqa	69.9758	1293.48
6osa-1-6osa_R-1-6osa_L-1__receptor.pdb	6osa-1-6osa_R-1-6osa_L-1__ligand.sdf	2532	53	172.247	5.53702	5.53702	172.247	5.53702	0	0.0321458	sas_voromqa	172.247	1257.43
6p60-1-6p60_A-1-6p60_E-1__receptor.pdb	6p60-1-6p60_A-1-6p60_E-1__ligand.sdf	1663	51	675.531	138.461	138.461	675.531	138.461	0	0.204966	sas_voromqa	675.531	1586.59
6p60-1-6p60_B-1-6p60_E-1__receptor.pdb	6p60-1-6p60_B-1-6p60_E-1__ligand.sdf	1572	51	581.504	106.617	106.617	581.504	106.617	0	0.183347	sas_voromqa	581.504	1530.31
6p7h-1-6p7h_A-1-6p7h_C-1__receptor.pdb	6p7h-1-6p7h_A-1-6p7h_C-1__ligand.sdf	1617	51	526.114	98.0384	98.0384	526.114	98.0384	0	0.186344	sas_voromqa	526.114	1435.87
6p7h-1-6p7h_B-1-6p7h_C-1__receptor.pdb	6p7h-1-6p7h_B-1-6p7h_C-1__ligand.sdf	1642	51	506.022	101.367	101.367	506.022	101.367	0	0.200321	sas_voromqa	506.022	1402.72
6p81-1-6p81_A-1-6p81_B-1__receptor.pdb	6p81-1-6p81_A-1-6p81_B-1__ligand.sdf	3380	79	686.162	57.9481	57.9481	686.162	57.9481	0	0.0844525	sas_voromqa	686.162	2157.17
6p8b-1-6p8b_A-1-6p8b_L-1__receptor.pdb	6p8b-1-6p8b_A-1-6p8b_L-1__ligand.sdf	2468	43	537.816	90.5979	90.5979	537.816	90.5979	0	0.168455	sas_voromqa	537.816	1298.87
6p8b-1-6p8b_C-1-6p8b_L-1__receptor.pdb	6p8b-1-6p8b_C-1-6p8b_L-1__ligand.sdf	2480	43	506.738	56.8311	56.8311	506.738	56.8311	0	0.112151	sas_voromqa	506.738	1275.28
6p8d-1-6p8d_A-1-6p8d_C-1__receptor.pdb	6p8d-1-6p8d_A-1-6p8d_C-1__ligand.sdf	1614	51	578.651	55.0259	55.0259	578.651	55.0259	0	0.0950934	sas_voromqa	578.651	1511.6
6p8d-1-6p8d_B-1-6p8d_C-1__receptor.pdb	6p8d-1-6p8d_B-1-6p8d_C-1__ligand.sdf	1683	51	726.916	123.267	123.267	726.916	123.267	0	0.169575	sas_voromqa	726.916	1621.62
6p8u-1-6p8u_B-1-6p8u_C-1__receptor.pdb	6p8u-1-6p8u_B-1-6p8u_C-1__ligand.sdf	1302	57	362.353	1.20537	1.20537	362.353	1.20537	0	0.00332651	sas_voromqa	362.353	1418.12
6pag-1-6pag_A-1-6pag_C-1__receptor.pdb	6pag-1-6pag_A-1-6pag_C-1__ligand.sdf	2237	73	253.596	-10.3929	-10.3929	253.596	-10.3929	0	-0.0409821	sas_voromqa	253.596	1621.9
6pau-1-6pau_A-1-6pau_C-1__receptor.pdb	6pau-1-6pau_A-1-6pau_C-1__ligand.sdf	2956	74	289.852	75.0667	75.0667	289.852	75.0667	0	0.258983	sas_voromqa	289.852	1730.54
6pbs-1-6pbs_A-1-6pbs_D-1__receptor.pdb	6pbs-1-6pbs_A-1-6pbs_D-1__ligand.sdf	1113	114	948.739	91.278	91.278	948.739	91.278	0	0.0962098	sas_voromqa	948.739	3018.75
6pbs-1-6pbs_A-1-6pbs_E-1__receptor.pdb	6pbs-1-6pbs_A-1-6pbs_E-1__ligand.sdf	1113	114	1194.21	112.686	112.686	1194.21	112.686	0	0.0943603	sas_voromqa	1194.21	3290.05
6pbv-2-6pbv_C-1-6pbv_I-1__receptor.pdb	6pbv-2-6pbv_C-1-6pbv_I-1__ligand.sdf	1560	63	802.416	-64.0979	-64.0979	802.416	-64.0979	0	-0.0798811	sas_voromqa	802.416	1778.62
6pbv-2-6pbv_D-1-6pbv_I-1__receptor.pdb	6pbv-2-6pbv_D-1-6pbv_I-1__ligand.sdf	1673	63	626.311	-14.5667	-14.5667	626.311	-14.5667	0	-0.0232579	sas_voromqa	626.311	1627.71
6pbw-1-6pbw_C-1-6pbw_E-1__receptor.pdb	6pbw-1-6pbw_C-1-6pbw_E-1__ligand.sdf	1567	59	857.337	-5.93635	-5.93635	857.337	-5.93635	0	-0.00692417	sas_voromqa	857.337	1787.4
6pbw-1-6pbw_D-1-6pbw_E-1__receptor.pdb	6pbw-1-6pbw_D-1-6pbw_E-1__ligand.sdf	1687	59	659.453	26.4831	26.4831	659.453	26.4831	0	0.0401592	sas_voromqa	659.453	1605.18
6pdq-1-6pdq_A-1-6pdq_G-1__receptor.pdb	6pdq-1-6pdq_A-1-6pdq_G-1__ligand.sdf	1049	35	550.262	-51.9701	-51.9701	550.262	-51.9701	0	-0.0944461	sas_voromqa	550.262	1114.1
6pdq-1-6pdq_B-1-6pdq_G-1__receptor.pdb	6pdq-1-6pdq_B-1-6pdq_G-1__ligand.sdf	675	35	357.692	-39.462	-39.462	357.692	-39.462	0	-0.110324	sas_voromqa	357.692	956.848
6pdr-1-6pdr_H-1-6pdr_A-1__receptor.pdb	6pdr-1-6pdr_H-1-6pdr_A-1__ligand.sdf	1595	51	547.942	77.1836	77.1836	547.942	77.1836	0	0.140861	sas_voromqa	547.942	1453.87
6pdr-1-6pdr_L-1-6pdr_A-1__receptor.pdb	6pdr-1-6pdr_L-1-6pdr_A-1__ligand.sdf	1691	51	518.413	86.4897	86.4897	518.413	86.4897	0	0.166836	sas_voromqa	518.413	1470.31
6pds-1-6pds_A-1-6pds_C-1__receptor.pdb	6pds-1-6pds_A-1-6pds_C-1__ligand.sdf	1618	51	662.862	141.301	141.301	662.862	141.301	0	0.213168	sas_voromqa	662.862	1556.28
6pds-1-6pds_B-1-6pds_C-1__receptor.pdb	6pds-1-6pds_B-1-6pds_C-1__ligand.sdf	1678	51	574.138	62.6728	62.6728	574.138	62.6728	0	0.10916	sas_voromqa	574.138	1482.02
6pdu-1-6pdu_H-1-6pdu_C-1__receptor.pdb	6pdu-1-6pdu_H-1-6pdu_C-1__ligand.sdf	1604	51	642.661	128.422	128.422	642.661	128.422	0	0.199829	sas_voromqa	642.661	1565.59
6pdu-1-6pdu_L-1-6pdu_C-1__receptor.pdb	6pdu-1-6pdu_L-1-6pdu_C-1__ligand.sdf	1678	51	630.578	94.417	94.417	630.578	94.417	0	0.149731	sas_voromqa	630.578	1546.47
6pec-1-6pec_H-1-6pec_A-1__receptor.pdb	6pec-1-6pec_H-1-6pec_A-1__ligand.sdf	1607	51	491.267	42.0512	42.0512	491.267	42.0512	0	0.0855974	sas_voromqa	491.267	1395.02
6pec-1-6pec_L-1-6pec_A-1__receptor.pdb	6pec-1-6pec_L-1-6pec_A-1__ligand.sdf	1592	51	589.086	130.702	130.702	589.086	130.702	0	0.221873	sas_voromqa	589.086	1488.96
6pef-1-6pef_A-1-6pef_C-1__receptor.pdb	6pef-1-6pef_A-1-6pef_C-1__ligand.sdf	1628	51	584.759	90.0074	90.0074	584.759	90.0074	0	0.153922	sas_voromqa	584.759	1519.8
6pef-1-6pef_B-1-6pef_C-1__receptor.pdb	6pef-1-6pef_B-1-6pef_C-1__ligand.sdf	1557	51	561.074	95.8198	95.8198	561.074	95.8198	0	0.170779	sas_voromqa	561.074	1482.85
6peu-4-6peu_D-1-6peu_Q-1__receptor.pdb	6peu-4-6peu_D-1-6peu_Q-1__ligand.sdf	3063	99	507.73	-22.918	-22.918	507.73	-22.918	0	-0.0451382	sas_voromqa	507.73	2355.35
6pfo-2-6pfo_B-1-6pfo_D-1__receptor.pdb	6pfo-2-6pfo_B-1-6pfo_D-1__ligand.sdf	3740	132	838.744	-17.2172	-17.2172	838.744	-17.2172	0	-0.0205274	sas_voromqa	838.744	3208.99
6pgq-1-6pgq_A-1-6pgq_B-1__receptor.pdb	6pgq-1-6pgq_A-1-6pgq_B-1__ligand.sdf	3729	74	675.788	-10.1942	-10.1942	675.788	-10.1942	0	-0.0150849	sas_voromqa	675.788	1957.43
6pi7-1-6pi7_A-1-6pi7_G-1__receptor.pdb	6pi7-1-6pi7_A-1-6pi7_G-1__ligand.sdf	1490	38	502.49	-9.71681	-9.71681	502.49	-9.71681	0	-0.0193373	sas_voromqa	502.49	1171.79
6pit-1-6pit_A-1-6pit_C-1__receptor.pdb	6pit-1-6pit_A-1-6pit_C-1__ligand.sdf	1694	17	260.403	24.6657	24.6657	260.403	24.6657	0	0.0947213	sas_voromqa	260.403	587.893
6plh-1-6plh_A-1-6plh_C-1__receptor.pdb	6plh-1-6plh_A-1-6plh_C-1__ligand.sdf	1695	82	943.49	73.4638	73.4638	943.49	73.4638	0	0.0778639	sas_voromqa	943.49	2238.38
6pmd-1-6pmd_C-1-6pmd_J-1__receptor.pdb	6pmd-1-6pmd_C-1-6pmd_J-1__ligand.sdf	1386	55	651.669	103.856	73.1854	628.255	87.168	0	0.159369	sas_voromqa	651.669	1543.26
6pmd-1-6pmd_S-1-6pmd_Y-1__receptor.pdb	6pmd-1-6pmd_S-1-6pmd_Y-1__ligand.sdf	1390	55	485.775	98.7088	57.8659	454.596	76.4862	0	0.203199	sas_voromqa	485.775	1368.72
6ppm-3-6ppm_D-1-6ppm_F-1__receptor.pdb	6ppm-3-6ppm_D-1-6ppm_F-1__ligand.sdf	739	7	106.872	11.9465	11.9465	106.872	11.9465	0	0.111783	sas_voromqa	106.872	262.527
6ppm-4-6ppm_J-1-6ppm_L-1__receptor.pdb	6ppm-4-6ppm_J-1-6ppm_L-1__ligand.sdf	1084	32	457.642	-14.7955	-14.7955	457.642	-14.7955	0	-0.0323299	sas_voromqa	457.642	1021.15
6ppm-4-6ppm_K-1-6ppm_L-1__receptor.pdb	6ppm-4-6ppm_K-1-6ppm_L-1__ligand.sdf	691	32	352.185	-37.7102	-37.7102	352.185	-37.7102	0	-0.107075	sas_voromqa	352.185	912.801
6psa-1-6psa_A-1-6psa_H-1__receptor.pdb	6psa-1-6psa_A-1-6psa_H-1__ligand.sdf	374	144	1375.34	92.7764	92.7764	1375.34	92.7764	0	0.0674571	sas_voromqa	1375.34	3775.18
6psa-1-6psa_A-1-6psa_H-3__receptor.pdb	6psa-1-6psa_A-1-6psa_H-3__ligand.sdf	374	144	1546.83	83.6028	83.6028	1546.83	83.6028	0	0.0540478	sas_voromqa	1546.83	3931.63
6psd-1-6psd_E-1-6psd_F-1__receptor.pdb	6psd-1-6psd_E-1-6psd_F-1__ligand.sdf	589	99	714.02	-26.2838	-26.2838	714.02	-26.2838	0	-0.036811	sas_voromqa	714.02	2434.46
6pse-1-6pse_A-1-6pse_C-1__receptor.pdb	6pse-1-6pse_A-1-6pse_C-1__ligand.sdf	633	93	956.281	61.6901	61.6901	956.281	61.6901	0	0.0645104	sas_voromqa	956.281	2519.44
6pse-1-6pse_B-1-6pse_C-1__receptor.pdb	6pse-1-6pse_B-1-6pse_C-1__ligand.sdf	551	93	1024.21	40.634	40.634	1024.21	40.634	0	0.0396735	sas_voromqa	1024.21	2610.91
6ptr-1-6ptr_A-1-6ptr_X-1__receptor.pdb	6ptr-1-6ptr_A-1-6ptr_X-1__ligand.sdf	2823	79	637.236	51.316	51.316	637.236	51.316	0	0.080529	sas_voromqa	637.236	2070.42
6ptv-2-6ptv_C-1-6ptv_Y-1__receptor.pdb	6ptv-2-6ptv_C-1-6ptv_Y-1__ligand.sdf	2858	79	758.715	64.6095	64.6095	758.715	64.6095	0	0.0851565	sas_voromqa	758.715	2175.62
6pu1-1-6pu1_A-1-6pu1_B-6__receptor.pdb	6pu1-1-6pu1_A-1-6pu1_B-6__ligand.sdf	1627	79	968.727	152.634	152.634	968.727	152.634	0	0.157561	sas_voromqa	968.727	2325.1
6pun-2-6pun_C-1-6pun_F-1__receptor.pdb	6pun-2-6pun_C-1-6pun_F-1__ligand.sdf	3085	135	1396.76	26.9818	26.9818	1396.76	26.9818	0	0.0193174	sas_voromqa	1396.76	3752.26
6pv9-1-6pv9_A-1-6pv9_B-1__receptor.pdb	6pv9-1-6pv9_A-1-6pv9_B-1__ligand.sdf	1587	132	995.312	24.2986	24.2986	995.312	24.2986	0	0.024413	sas_voromqa	995.312	3255.49
6pw8-1-6pw8_A-1-6pw8_B-1__receptor.pdb	6pw8-1-6pw8_A-1-6pw8_B-1__ligand.sdf	977	118	930.571	-92.1106	-92.1106	930.571	-92.1106	0	-0.0989829	sas_voromqa	930.571	3049.76
6px6-1-6px6_E-1-6px6_C-1__receptor.pdb	6px6-1-6px6_E-1-6px6_C-1__ligand.sdf	1880	91	1482.81	75.6772	75.6772	1482.81	75.6772	0	0.0510363	sas_voromqa	1482.81	2962.38
6pxc-1-6pxc_A-1-6pxc_U-1__receptor.pdb	6pxc-1-6pxc_A-1-6pxc_U-1__ligand.sdf	828	106	1143.2	-38.952	-38.952	1143.2	-38.952	0	-0.0340728	sas_voromqa	1143.2	2914.97
6pxr-1-6pxr_H-1-6pxr_A-1__receptor.pdb	6pxr-1-6pxr_H-1-6pxr_A-1__ligand.sdf	1585	52	495.211	75.3436	75.3436	495.211	75.3436	0	0.152144	sas_voromqa	495.211	1386.62
6pxr-1-6pxr_L-1-6pxr_A-1__receptor.pdb	6pxr-1-6pxr_L-1-6pxr_A-1__ligand.sdf	1688	52	706.284	26.9182	26.9182	706.284	26.9182	0	0.0381124	sas_voromqa	706.284	1577.6
6pxu-2-6pxu_B-1-6pxu_D-1__receptor.pdb	6pxu-2-6pxu_B-1-6pxu_D-1__ligand.sdf	4348	130	1304.31	117.707	117.707	1304.31	117.707	0	0.0902447	sas_voromqa	1304.31	3564.25
6py2-1-6py2_A-1-6py2_C-1__receptor.pdb	6py2-1-6py2_A-1-6py2_C-1__ligand.sdf	1461	91	1171.39	59.5193	59.5193	1171.39	59.5193	0	0.0508108	sas_voromqa	1171.39	2686.92
6py2-1-6py2_B-1-6py2_C-1__receptor.pdb	6py2-1-6py2_B-1-6py2_C-1__ligand.sdf	1458	91	1033.41	101.014	101.014	1033.41	101.014	0	0.0977482	sas_voromqa	1033.41	2564.82
6py2-1-6py2_E-1-6py2_C-1__receptor.pdb	6py2-1-6py2_E-1-6py2_C-1__ligand.sdf	1909	91	1555.6	109.422	109.422	1555.6	109.422	0	0.0703407	sas_voromqa	1555.6	2975.06
6q0m-2-6q0m_B-1-6q0m_D-1__receptor.pdb	6q0m-2-6q0m_B-1-6q0m_D-1__ligand.sdf	718	70	482.042	56.7178	56.7178	482.042	56.7178	0	0.117662	sas_voromqa	482.042	1656.28
6q0n-2-6q0n_B-1-6q0n_D-1__receptor.pdb	6q0n-2-6q0n_B-1-6q0n_D-1__ligand.sdf	706	61	429.314	45.132	45.132	429.314	45.132	0	0.105126	sas_voromqa	429.314	1467.98
6q36-1-6q36_A-1-6q36_C-1__receptor.pdb	6q36-1-6q36_A-1-6q36_C-1__ligand.sdf	1765	147	1141.8	-32.6535	-32.6535	1141.8	-32.6535	0	-0.0285983	sas_voromqa	1141.8	3711.3
6q4q-1-6q4q_A-1-6q4q_C-1__receptor.pdb	6q4q-1-6q4q_A-1-6q4q_C-1__ligand.sdf	2760	124	1120.47	-16.4112	-16.4112	1120.47	-16.4112	0	-0.0146467	sas_voromqa	1120.47	3193.67
6q8g-1-6q8g_A-1-6q8g_E-1__receptor.pdb	6q8g-1-6q8g_A-1-6q8g_E-1__ligand.sdf	818	96	1275.48	67.2732	67.2732	1275.48	67.2732	0	0.0527434	sas_voromqa	1275.48	2925.37
6qbb-1-6qbb_A-1-6qbb_P-1__receptor.pdb	6qbb-1-6qbb_A-1-6qbb_P-1__ligand.sdf	903	76	721.696	114.324	114.324	721.696	114.324	0	0.15841	sas_voromqa	721.696	1997.47
6qbb-1-6qbb_A-1-6qbb_P-2__receptor.pdb	6qbb-1-6qbb_A-1-6qbb_P-2__ligand.sdf	903	76	1060.55	85.2216	85.2216	1060.55	85.2216	0	0.080356	sas_voromqa	1060.55	2285.18
6qfk-1-6qfk_A-1-6qfk_B-1__receptor.pdb	6qfk-1-6qfk_A-1-6qfk_B-1__ligand.sdf	10343	113	816.674	31.2589	31.2589	816.674	31.2589	0	0.0382759	sas_voromqa	816.674	2841.86
6qfm-1-6qfm_A-1-6qfm_B-1__receptor.pdb	6qfm-1-6qfm_A-1-6qfm_B-1__ligand.sdf	1119	160	1134.74	-166.729	-212.206	1100.03	-191.473	0	-0.146931	sas_voromqa	1134.74	3934.91
6qh1-1-6qh1_C-1-6qh1_D-1__receptor.pdb	6qh1-1-6qh1_C-1-6qh1_D-1__ligand.sdf	1881	70	626.651	35.7239	35.7239	626.651	35.7239	0	0.0570076	sas_voromqa	626.651	1907.45
6qk8-2-6qk8_B-1-6qk8_H-1__receptor.pdb	6qk8-2-6qk8_B-1-6qk8_H-1__ligand.sdf	1717	69	558.667	30.5067	28.8922	557.434	29.6283	0	0.0546062	sas_voromqa	558.667	1834.76
6qms-1-6qms_B-1-6qms_A-1__receptor.pdb	6qms-1-6qms_B-1-6qms_A-1__ligand.sdf	669	156	1588.32	35.982	35.982	1588.32	35.982	0	0.0226541	sas_voromqa	1588.32	4311.5
6qms-1-6qms_C-1-6qms_A-1__receptor.pdb	6qms-1-6qms_C-1-6qms_A-1__ligand.sdf	612	156	1705.85	24.3235	24.3235	1705.85	24.3235	0	0.0142589	sas_voromqa	1705.85	4445.9
6qnx-1-6qnx_A-1-6qnx_C-1__receptor.pdb	6qnx-1-6qnx_A-1-6qnx_C-1__ligand.sdf	7549	78	833.627	-47.4124	-47.4124	833.627	-47.4124	0	-0.0568748	sas_voromqa	833.627	2161.14
6qnx-1-6qnx_B-1-6qnx_C-1__receptor.pdb	6qnx-1-6qnx_B-1-6qnx_C-1__ligand.sdf	596	78	1162.55	-13.5502	-13.5502	1162.55	-13.5502	0	-0.0116556	sas_voromqa	1162.55	2414.54
6qp2-1-6qp2_A-1-6qp2_C-1__receptor.pdb	6qp2-1-6qp2_A-1-6qp2_C-1__ligand.sdf	3111	60	569.527	32.7547	32.7547	569.527	32.7547	0	0.0575121	sas_voromqa	569.527	1568.57
6qp2-1-6qp2_B-1-6qp2_C-1__receptor.pdb	6qp2-1-6qp2_B-1-6qp2_C-1__ligand.sdf	3166	60	843.826	55.4923	55.4923	843.826	55.4923	0	0.0657627	sas_voromqa	843.826	1768.39
6qs1-1-6qs1_A-1-6qs1_E-1__receptor.pdb	6qs1-1-6qs1_A-1-6qs1_E-1__ligand.sdf	4964	84	345.249	-13.4234	-13.4234	345.249	-13.4234	0	-0.0388803	sas_voromqa	345.249	1907.2
6qts-1-6qts_A-1-6qts_B-1__receptor.pdb	6qts-1-6qts_A-1-6qts_B-1__ligand.sdf	2378	57	515.738	-39.3659	-39.3659	515.738	-39.3659	0	-0.0763293	sas_voromqa	515.738	1521
6qw4-1-6qw4_A-1-6qw4_P-1__receptor.pdb	6qw4-1-6qw4_A-1-6qw4_P-1__ligand.sdf	902	62	502.163	21.4181	21.4181	502.163	21.4181	0	0.0426517	sas_voromqa	502.163	1573.81
6qw4-1-6qw4_A-1-6qw4_P-3__receptor.pdb	6qw4-1-6qw4_A-1-6qw4_P-3__ligand.sdf	902	62	896.612	31.354	31.354	896.612	31.354	0	0.0349694	sas_voromqa	896.612	1868.27
6qzv-1-6qzv_A-1-6qzv_E-1__receptor.pdb	6qzv-1-6qzv_A-1-6qzv_E-1__ligand.sdf	6563	16	59.1667	15.4116	15.4116	59.1667	15.4116	0	0.260478	sas_voromqa	59.1667	387.807
6qzy-1-6qzy_A-1-6qzy_B-1__receptor.pdb	6qzy-1-6qzy_A-1-6qzy_B-1__ligand.sdf	2965	98	602.051	67.8091	67.8091	602.051	67.8091	0	0.11263	sas_voromqa	602.051	2414.72
6qzy-1-6qzy_A-1-6qzy_B-2__receptor.pdb	6qzy-1-6qzy_A-1-6qzy_B-2__ligand.sdf	2965	98	1235.23	199.115	199.115	1235.23	199.115	0	0.161197	sas_voromqa	1235.23	2980.99
6r00-1-6r00_A-1-6r00_B-2__receptor.pdb	6r00-1-6r00_A-1-6r00_B-2__ligand.sdf	2975	110	1348.54	181.626	181.626	1348.54	181.626	0	0.134683	sas_voromqa	1348.54	3334.41
6r0q-3-6r0q_C-1-6r0q_E-1__receptor.pdb	6r0q-3-6r0q_C-1-6r0q_E-1__ligand.sdf	851	15	278.174	18.8792	18.8792	278.174	18.8792	0	0.0678683	sas_voromqa	278.174	545.483
6r12-3-6r12_C-1-6r12_F-2__receptor.pdb	6r12-3-6r12_C-1-6r12_F-2__ligand.sdf	808	25	333.99	18.6817	18.6817	333.99	18.6817	0	0.0559349	sas_voromqa	333.99	812.469
6r18-3-6r18_C-1-6r18_D-1__receptor.pdb	6r18-3-6r18_C-1-6r18_D-1__ligand.sdf	828	20	290	-15.8878	-19.5746	287.186	-17.8938	0	-0.0547855	sas_voromqa	290	637.535
6r2i-1-6r2i_A-1-6r2i_B-1__receptor.pdb	6r2i-1-6r2i_A-1-6r2i_B-1__ligand.sdf	1563	154	1825.46	127.676	127.676	1825.46	127.676	0	0.0699418	sas_voromqa	1825.46	4463.29
6r2i-1-6r2i_A-1-6r2i_B-3__receptor.pdb	6r2i-1-6r2i_A-1-6r2i_B-3__ligand.sdf	1563	154	1798.07	191.502	191.502	1798.07	191.502	0	0.106504	sas_voromqa	1798.07	4449.04
6r2l-1-6r2l_D-1-6r2l_C-1__receptor.pdb	6r2l-1-6r2l_D-1-6r2l_C-1__ligand.sdf	1523	68	1210.8	-5.97461	-5.97461	1210.8	-5.97461	0	-0.00493443	sas_voromqa	1210.8	2340.81
6r2l-1-6r2l_E-1-6r2l_C-1__receptor.pdb	6r2l-1-6r2l_E-1-6r2l_C-1__ligand.sdf	1972	68	1132.79	3.65807	3.65807	1132.79	3.65807	0	0.00322926	sas_voromqa	1132.79	2279.97
6r4z-2-6r4z_B-1-6r4z_D-1__receptor.pdb	6r4z-2-6r4z_B-1-6r4z_D-1__ligand.sdf	1504	35	194.498	-20.421	-20.421	194.498	-20.421	0	-0.104993	sas_voromqa	194.498	828.269
6r6a-1-6r6a_A-1-6r6a_D-1__receptor.pdb	6r6a-1-6r6a_A-1-6r6a_D-1__ligand.sdf	2546	48	268.337	18.4553	18.4553	268.337	18.4553	0	0.0687766	sas_voromqa	268.337	1214.62
6r7w-1-6r7w_A-1-6r7w_B-1__receptor.pdb	6r7w-1-6r7w_A-1-6r7w_B-1__ligand.sdf	2119	120	1272.79	117.249	117.249	1272.79	117.249	0	0.0921197	sas_voromqa	1272.79	3387.25
6r8i-1-6r8i_A-1-6r8i_B-1__receptor.pdb	6r8i-1-6r8i_A-1-6r8i_B-1__ligand.sdf	895	127	1528.44	172.276	172.276	1528.44	172.276	0	0.112714	sas_voromqa	1528.44	3679.2
6rd2-1-6rd2_B-1-6rd2_C-1__receptor.pdb	6rd2-1-6rd2_B-1-6rd2_C-1__ligand.sdf	857	89	785.664	-39.2119	-39.2119	785.664	-39.2119	0	-0.0499092	sas_voromqa	785.664	2264.24
6rjp-2-6rjp_B-1-6rjp_D-1__receptor.pdb	6rjp-2-6rjp_B-1-6rjp_D-1__ligand.sdf	1214	133	878.14	-24.4934	-24.4934	878.14	-24.4934	0	-0.0278924	sas_voromqa	878.14	3189.66
6rl3-1-6rl3_A-1-6rl3_P-1__receptor.pdb	6rl3-1-6rl3_A-1-6rl3_P-1__ligand.sdf	1782	99	753.834	-42.9249	-44.0071	753.008	-43.5137	0	-0.0569421	sas_voromqa	753.834	2542.28
6rml-1-6rml_B-1-6rml_C-1__receptor.pdb	6rml-1-6rml_B-1-6rml_C-1__ligand.sdf	2259	75	892.881	-8.90522	-10.9773	891.299	-10.0327	0	-0.00997358	sas_voromqa	892.881	2131.35
6rmv-1-6rmv_A-1-6rmv_C-1__receptor.pdb	6rmv-1-6rmv_A-1-6rmv_C-1__ligand.sdf	2592	103	1066.85	-93.8182	-93.8182	1066.85	-93.8182	0	-0.0879394	sas_voromqa	1066.85	2969.68
6rpa-1-6rpa_D-1-6rpa_C-1__receptor.pdb	6rpa-1-6rpa_D-1-6rpa_C-1__ligand.sdf	1292	76	1145.76	19.096	19.096	1145.76	19.096	0	0.0166667	sas_voromqa	1145.76	2432.94
6rpa-1-6rpa_E-1-6rpa_C-1__receptor.pdb	6rpa-1-6rpa_E-1-6rpa_C-1__ligand.sdf	1827	76	1238.85	98.0203	98.0203	1238.85	98.0203	0	0.079122	sas_voromqa	1238.85	2515.18
6rpb-4-6rpb_S-1-6rpb_R-1__receptor.pdb	6rpb-4-6rpb_S-1-6rpb_R-1__ligand.sdf	1476	76	1262.27	24.2465	24.2465	1262.27	24.2465	0	0.0192086	sas_voromqa	1262.27	2536.93
6rpb-4-6rpb_T-1-6rpb_R-1__receptor.pdb	6rpb-4-6rpb_T-1-6rpb_R-1__ligand.sdf	1896	76	1221.2	89.6363	89.6363	1221.2	89.6363	0	0.0734002	sas_voromqa	1221.2	2505.79
6rqx-1-6rqx_A-1-6rqx_B-1__receptor.pdb	6rqx-1-6rqx_A-1-6rqx_B-1__ligand.sdf	6941	93	312.113	50.9054	50.9054	312.113	50.9054	0	0.163099	sas_voromqa	312.113	2078
6rr0-7-6rr0_G-1-6rr0_N-1__receptor.pdb	6rr0-7-6rr0_G-1-6rr0_N-1__ligand.sdf	929	70	826.744	-36.3688	-37.8227	825.634	-37.1599	0	-0.0439904	sas_voromqa	826.744	1997.04
6rsy-1-6rsy_D-1-6rsy_C-1__receptor.pdb	6rsy-1-6rsy_D-1-6rsy_C-1__ligand.sdf	1468	78	1296.2	139.073	139.073	1296.2	139.073	0	0.107293	sas_voromqa	1296.2	2567.73
6ru8-2-6ru8_B-1-6ru8_F-1__receptor.pdb	6ru8-2-6ru8_B-1-6ru8_F-1__ligand.sdf	2389	91	574.85	-55.0483	-61.0453	570.272	-58.3113	0	-0.0957612	sas_voromqa	574.85	2120.16
6rup-1-6rup_A-1-6rup_C-1__receptor.pdb	6rup-1-6rup_A-1-6rup_C-1__ligand.sdf	868	24	394.223	28.6018	28.6018	394.223	28.6018	0	0.0725523	sas_voromqa	394.223	785.909
6rw2-1-6rw2_A-1-6rw2_B-1__receptor.pdb	6rw2-1-6rw2_A-1-6rw2_B-1__ligand.sdf	1408	156	1058.73	-32.9808	-32.9808	1058.73	-32.9808	0	-0.0311513	sas_voromqa	1058.73	3808.65
6rxk-1-6rxk_A-1-6rxk_B-1__receptor.pdb	6rxk-1-6rxk_A-1-6rxk_B-1__ligand.sdf	1835	77	740.965	-49.4365	-49.4365	740.965	-49.4365	0	-0.0667191	sas_voromqa	740.965	2082.87
6ryf-1-6ryf_A-1-6ryf_G-1__receptor.pdb	6ryf-1-6ryf_A-1-6ryf_G-1__ligand.sdf	6877	84	502.202	40.072	40.072	502.202	40.072	0	0.0797926	sas_voromqa	502.202	2143.04
6ryo-1-6ryo_A-1-6ryo_B-1__receptor.pdb	6ryo-1-6ryo_A-1-6ryo_B-1__ligand.sdf	1232	74	435.184	24.261	24.261	435.184	24.261	0	0.0557488	sas_voromqa	435.184	1867.72
6s07-1-6s07_A-1-6s07_C-1__receptor.pdb	6s07-1-6s07_A-1-6s07_C-1__ligand.sdf	2356	114	969.636	116.655	116.655	969.636	116.655	0	0.120308	sas_voromqa	969.636	2998.94
6s0y-2-6s0y_B-1-6s0y_D-1__receptor.pdb	6s0y-2-6s0y_B-1-6s0y_D-1__ligand.sdf	891	107	1329.07	93.2459	93.2459	1329.07	93.2459	0	0.0701588	sas_voromqa	1329.07	3135.62
6s1r-1-6s1r_A-1-6s1r_B-1__receptor.pdb	6s1r-1-6s1r_A-1-6s1r_B-1__ligand.sdf	3108	116	798.523	-48.9077	-48.9077	798.523	-48.9077	0	-0.0612477	sas_voromqa	798.523	2951.94
6s1v-1-6s1v_A-1-6s1v_I-1__receptor.pdb	6s1v-1-6s1v_A-1-6s1v_I-1__ligand.sdf	829	60	750.147	129.834	129.834	750.147	129.834	0	0.173078	sas_voromqa	750.147	1819.53
6s22-1-6s22_A-1-6s22_F-1__receptor.pdb	6s22-1-6s22_A-1-6s22_F-1__ligand.sdf	4269	112	891.123	-48.3341	-48.3341	891.123	-48.3341	0	-0.0542395	sas_voromqa	891.123	2943.27
6s24-1-6s24_A-1-6s24_F-1__receptor.pdb	6s24-1-6s24_A-1-6s24_F-1__ligand.sdf	4335	94	750.058	-6.20438	-8.1865	748.544	-7.28285	0	-0.00827187	sas_voromqa	750.058	2457.67
6sa8-1-6sa8_A-1-6sa8_B-1__receptor.pdb	6sa8-1-6sa8_A-1-6sa8_B-1__ligand.sdf	4933	101	696.915	-19.2637	-19.2637	696.915	-19.2637	0	-0.0276414	sas_voromqa	696.915	2562.46
6sat-1-6sat_A-1-6sat_P-1__receptor.pdb	6sat-1-6sat_A-1-6sat_P-1__ligand.sdf	638	73	1007.6	-47.6776	-47.6776	1007.6	-47.6776	0	-0.047318	sas_voromqa	1007.6	2224.62
6sat-1-6sat_A-1-6sat_Q-1__receptor.pdb	6sat-1-6sat_A-1-6sat_Q-1__ligand.sdf	638	63	650.764	19.0588	19.0588	650.764	19.0588	0	0.0292868	sas_voromqa	650.764	1776.66
6sen-2-6sen_B-1-6sen_M-1__receptor.pdb	6sen-2-6sen_B-1-6sen_M-1__ligand.sdf	1717	142	1206.18	-4.64156	-4.64156	1206.18	-4.64156	0	-0.00384815	sas_voromqa	1206.18	3682.05
6sf6-1-6sf6_H-1-6sf6_C-1__receptor.pdb	6sf6-1-6sf6_H-1-6sf6_C-1__ligand.sdf	1672	87	850.526	-86.3016	-115.797	828.009	-102.35	0	-0.101469	sas_voromqa	850.526	2318.14
6sf6-1-6sf6_L-1-6sf6_C-1__receptor.pdb	6sf6-1-6sf6_L-1-6sf6_C-1__ligand.sdf	1680	87	1151.29	-132.333	-161.829	1128.77	-148.382	0	-0.114943	sas_voromqa	1151.29	2611.25
6sgc-1-6sgc_C2-1-6sgc_XX-1__receptor.pdb	6sgc-1-6sgc_C2-1-6sgc_XX-1__ligand.sdf	2883	100	1913.71	99.4648	99.4648	1913.71	99.4648	0	0.0519749	sas_voromqa	1913.71	3557.55
6sh2-1-6sh2_AAA-1-6sh2_DDD-1__receptor.pdb	6sh2-1-6sh2_AAA-1-6sh2_DDD-1__ligand.sdf	5456	19	109.899	4.8814	4.8814	109.899	4.8814	0	0.0444171	sas_voromqa	109.899	517.332
6sh9-1-6sh9_B-1-6sh9_E-1__receptor.pdb	6sh9-1-6sh9_B-1-6sh9_E-1__ligand.sdf	10277	80	688.639	54.501	54.501	688.639	54.501	0	0.0791431	sas_voromqa	688.639	2168.5
6sk8-2-6sk8_B-1-6sk8_D-1__receptor.pdb	6sk8-2-6sk8_B-1-6sk8_D-1__ligand.sdf	3108	63	315.673	-43.029	-43.029	315.673	-43.029	0	-0.136309	sas_voromqa	315.673	1475.92
6slg-1-6slg_A-1-6slg_B-1__receptor.pdb	6slg-1-6slg_A-1-6slg_B-1__ligand.sdf	2610	34	494.28	48.1798	48.1798	494.28	48.1798	0	0.0974747	sas_voromqa	494.28	1094.6
6sln-1-6sln_A-1-6sln_Q-1__receptor.pdb	6sln-1-6sln_A-1-6sln_Q-1__ligand.sdf	7068	83	684.143	14.3256	14.3256	684.143	14.3256	0	0.0209395	sas_voromqa	684.143	2157.94
6sln-1-6sln_C-1-6sln_P-1__receptor.pdb	6sln-1-6sln_C-1-6sln_P-1__ligand.sdf	3834	83	1269.1	-2.42988	-2.42988	1269.1	-2.42988	0	-0.00191465	sas_voromqa	1269.1	2633.49
6sok-1-6sok_A-1-6sok_S-1__receptor.pdb	6sok-1-6sok_A-1-6sok_S-1__ligand.sdf	917	62	926.489	10.7598	10.7598	926.489	10.7598	0	0.0116135	sas_voromqa	926.489	1894.43
6spw-1-6spw_A-1-6spw_B-1__receptor.pdb	6spw-1-6spw_A-1-6spw_B-1__ligand.sdf	2765	80	477.174	-65.3126	-95.4197	454.19	-81.6939	0	-0.136874	sas_voromqa	477.174	2015.37
6spw-1-6spw_A-1-6spw_D-1__receptor.pdb	6spw-1-6spw_A-1-6spw_D-1__ligand.sdf	2765	80	1142.12	-85.312	-273.224	998.663	-187.555	0	-0.0746962	sas_voromqa	1142.12	2536.53
6spz-1-6spz_A-1-6spz_P-1__receptor.pdb	6spz-1-6spz_A-1-6spz_P-1__ligand.sdf	1416	55	580.636	-130.528	-130.528	580.636	-130.528	0	-0.224802	sas_voromqa	580.636	1547.83
6spz-1-6spz_A-1-6spz_Q-1__receptor.pdb	6spz-1-6spz_A-1-6spz_Q-1__ligand.sdf	1416	55	613.886	-157.842	-157.842	613.886	-157.842	0	-0.257119	sas_voromqa	613.886	1579.45
6sqk-1-6sqk_A-1-6sqk_E-1__receptor.pdb	6sqk-1-6sqk_A-1-6sqk_E-1__ligand.sdf	2652	58	291.096	15.3492	15.3492	291.096	15.3492	0	0.052729	sas_voromqa	291.096	1323.4
6syf-1-6syf_A-1-6syf_E-1__receptor.pdb	6syf-1-6syf_A-1-6syf_E-1__ligand.sdf	1222	51	515.969	-75.4618	-75.4618	515.969	-75.4618	0	-0.146253	sas_voromqa	515.969	1474.21
6syf-1-6syf_A-1-6syf_F-1__receptor.pdb	6syf-1-6syf_A-1-6syf_F-1__ligand.sdf	1222	38	502.347	28.9457	28.9457	502.347	28.9457	0	0.0576209	sas_voromqa	502.347	1171.28
6syf-2-6syf_B-1-6syf_H-1__receptor.pdb	6syf-2-6syf_B-1-6syf_H-1__ligand.sdf	1240	38	505.045	26.7906	26.7906	505.045	26.7906	0	0.053046	sas_voromqa	505.045	1171.66
6syi-1-6syi_A-1-6syi_B-1__receptor.pdb	6syi-1-6syi_A-1-6syi_B-1__ligand.sdf	3310	92	428.636	8.37172	8.37172	428.636	8.37172	0	0.0195311	sas_voromqa	428.636	2092.53
6t36-1-6t36_A-1-6t36_B-1__receptor.pdb	6t36-1-6t36_A-1-6t36_B-1__ligand.sdf	736	63	641.841	-58.951	-58.951	641.841	-58.951	0	-0.0918467	sas_voromqa	641.841	1719.46
6t46-1-6t46_A-1-6t46_B-1__receptor.pdb	6t46-1-6t46_A-1-6t46_B-1__ligand.sdf	2998	43	106.881	20.8761	20.8761	106.881	20.8761	0	0.195321	sas_voromqa	106.881	947.238
6t7y-1-6t7y_A-1-6t7y_B-1__receptor.pdb	6t7y-1-6t7y_A-1-6t7y_B-1__ligand.sdf	1874	78	832.904	-46.045	-46.045	832.904	-46.045	0	-0.0552825	sas_voromqa	832.904	2194.39
6ta7-3-6ta7_D-1-6ta7_G-1__receptor.pdb	6ta7-3-6ta7_D-1-6ta7_G-1__ligand.sdf	1008	137	1337.09	73.8523	73.8523	1337.09	73.8523	0	0.0552336	sas_voromqa	1337.09	3709.18
6tbt-1-6tbt_A-1-6tbt_C-1__receptor.pdb	6tbt-1-6tbt_A-1-6tbt_C-1__ligand.sdf	994	51	862.934	164.834	164.834	862.934	164.834	0	0.191016	sas_voromqa	862.934	1711.75
6tbt-1-6tbt_A-1-6tbt_D-1__receptor.pdb	6tbt-1-6tbt_A-1-6tbt_D-1__ligand.sdf	994	51	650.655	111.31	111.31	650.655	111.31	0	0.171074	sas_voromqa	650.655	1530.89
6tcj-1-6tcj_A-1-6tcj_C-1__receptor.pdb	6tcj-1-6tcj_A-1-6tcj_C-1__ligand.sdf	1000	137	1936.42	59.4289	59.4289	1936.42	59.4289	0	0.0306901	sas_voromqa	1936.42	4243.69
6tcj-1-6tcj_A-1-6tcj_D-1__receptor.pdb	6tcj-1-6tcj_A-1-6tcj_D-1__ligand.sdf	1000	137	1477.32	71.5798	71.5798	1477.32	71.5798	0	0.0484525	sas_voromqa	1477.32	3787.74
6te4-1-6te4_A-1-6te4_C-1__receptor.pdb	6te4-1-6te4_A-1-6te4_C-1__ligand.sdf	4202	43	152.001	0.678154	0.678154	152.001	0.678154	0	0.00446151	sas_voromqa	152.001	975.629
6tgx-1-6tgx_A-1-6tgx_C-1__receptor.pdb	6tgx-1-6tgx_A-1-6tgx_C-1__ligand.sdf	1413	79	457.927	0.478168	-0.656873	457.06	-0.139408	0	0.0010442	sas_voromqa	457.927	1877.88
6tj1-1-6tj1_A-1-6tj1_D-1__receptor.pdb	6tj1-1-6tj1_A-1-6tj1_D-1__ligand.sdf	519	30	395.547	30.6193	30.6193	395.547	30.6193	0	0.07741	sas_voromqa	395.547	941.566
6tj1-1-6tj1_C-1-6tj1_D-2__receptor.pdb	6tj1-1-6tj1_C-1-6tj1_D-2__ligand.sdf	530	30	571.851	60.0636	60.0636	571.851	60.0636	0	0.105034	sas_voromqa	571.851	1079.76
6tjt-1-6tjt_A-1-6tjt_D-1__receptor.pdb	6tjt-1-6tjt_A-1-6tjt_D-1__ligand.sdf	1269	31	362.897	-33.3399	-33.3399	362.897	-33.3399	0	-0.0918715	sas_voromqa	362.897	909.691
6tki-1-6tki_H-1-6tki_I-1__receptor.pdb	6tki-1-6tki_H-1-6tki_I-1__ligand.sdf	1974	139	1126.12	-79.1318	-81.4774	1124.33	-80.408	0	-0.0702694	sas_voromqa	1126.12	3585.85
6tkk-1-6tkk_A-1-6tkk_B-1__receptor.pdb	6tkk-1-6tkk_A-1-6tkk_B-1__ligand.sdf	1250	49	647.318	-52.3869	-52.3869	647.318	-52.3869	0	-0.0809292	sas_voromqa	647.318	1454.53
6tmo-1-6tmo_D-1-6tmo_C-1__receptor.pdb	6tmo-1-6tmo_D-1-6tmo_C-1__ligand.sdf	1536	66	1121.88	0.397824	0.397824	1121.88	0.397824	0	0.000354605	sas_voromqa	1121.88	2236.6
6tmo-1-6tmo_E-1-6tmo_C-1__receptor.pdb	6tmo-1-6tmo_E-1-6tmo_C-1__ligand.sdf	1936	66	1095.79	-32.4903	-32.4903	1095.79	-32.4903	0	-0.0296501	sas_voromqa	1095.79	2204.47
6tms-2-6tms_D-1-6tms_Q-1__receptor.pdb	6tms-2-6tms_D-1-6tms_Q-1__ligand.sdf	553	14	258.941	5.66328	5.66328	258.941	5.66328	0	0.0218709	sas_voromqa	258.941	496.564
6tms-2-6tms_H-1-6tms_Q-1__receptor.pdb	6tms-2-6tms_H-1-6tms_Q-1__ligand.sdf	553	14	275.777	12.7941	12.7941	275.777	12.7941	0	0.0463929	sas_voromqa	275.777	506.047
6tms-2-6tms_J-1-6tms_R-1__receptor.pdb	6tms-2-6tms_J-1-6tms_R-1__ligand.sdf	553	20	421.784	37.9046	37.9046	421.784	37.9046	0	0.0898673	sas_voromqa	421.784	741.422
6tnq-1-6tnq_A-1-6tnq_B-1__receptor.pdb	6tnq-1-6tnq_A-1-6tnq_B-1__ligand.sdf	581	50	301.275	-39.3295	-39.3295	301.275	-39.3295	0	-0.130544	sas_voromqa	301.275	1171.98
6ton-1-6ton_A-1-6ton_B-3__receptor.pdb	6ton-1-6ton_A-1-6ton_B-3__ligand.sdf	956	44	564.018	114.788	114.788	564.018	114.788	0	0.203518	sas_voromqa	564.018	1350.86
6tqr-2-6tqr_B-1-6tqr_E-1__receptor.pdb	6tqr-2-6tqr_B-1-6tqr_E-1__ligand.sdf	992	91	1213.74	-1.14446	-9.14817	1207.63	-5.49928	0	-0.00094292	sas_voromqa	1213.74	2684.09
6tqs-1-6tqs_A-1-6tqs_G-1__receptor.pdb	6tqs-1-6tqs_A-1-6tqs_G-1__ligand.sdf	1010	64	637.543	3.37014	3.37014	637.543	3.37014	0	0.00528614	sas_voromqa	637.543	1728.53
6tqu-1-6tqu_A-1-6tqu_C-1__receptor.pdb	6tqu-1-6tqu_A-1-6tqu_C-1__ligand.sdf	946	91	857.277	-23.2352	-26.3876	854.871	-24.9504	0	-0.0271035	sas_voromqa	857.277	2433.32
6tro-1-6tro_D-1-6tro_C-1__receptor.pdb	6tro-1-6tro_D-1-6tro_C-1__ligand.sdf	1465	80	1290.42	-42.6173	-42.6173	1290.42	-42.6173	0	-0.0330259	sas_voromqa	1290.42	2549.27
6tro-1-6tro_E-1-6tro_C-1__receptor.pdb	6tro-1-6tro_E-1-6tro_C-1__ligand.sdf	1957	80	1188.52	-38.7726	-38.7726	1188.52	-38.7726	0	-0.0326226	sas_voromqa	1188.52	2464
6ts3-1-6ts3_A-1-6ts3_C-1__receptor.pdb	6ts3-1-6ts3_A-1-6ts3_C-1__ligand.sdf	549	161	1571.12	-6.95203	-6.95203	1571.12	-6.95203	0	-0.00442489	sas_voromqa	1571.12	4416.62
6tsc-1-6tsc_A-1-6tsc_B-2__receptor.pdb	6tsc-1-6tsc_A-1-6tsc_B-2__ligand.sdf	2871	89	1405.62	283.613	283.613	1405.62	283.613	0	0.201771	sas_voromqa	1405.62	2931.83
6tsm-1-6tsm_AAA-1-6tsm_BBB-1__receptor.pdb	6tsm-1-6tsm_AAA-1-6tsm_BBB-1__ligand.sdf	2272	99	926.503	-30.0151	-30.0151	926.503	-30.0151	0	-0.0323961	sas_voromqa	926.503	2537.2
6tvu-1-6tvu_AaA-1-6tvu_BBB-1__receptor.pdb	6tvu-1-6tvu_AaA-1-6tvu_BBB-1__ligand.sdf	316	135	1654.61	30.7286	30.7286	1654.61	30.7286	0	0.0185715	sas_voromqa	1654.61	3873.95
6tvu-1-6tvu_AaA-1-6tvu_BBB-3__receptor.pdb	6tvu-1-6tvu_AaA-1-6tvu_BBB-3__ligand.sdf	316	135	1543.87	-0.512571	-0.512571	1543.87	-0.512571	0	-0.000332004	sas_voromqa	1543.87	3774.14
6tvu-1-6tvu_AaA-1-6tvu_BbB-1__receptor.pdb	6tvu-1-6tvu_AaA-1-6tvu_BbB-1__ligand.sdf	316	121	1442	21.425	-34.5034	1399.31	-9.00566	0	0.0148578	sas_voromqa	1442	3463.9
6tvu-1-6tvu_AaA-1-6tvu_BbB-3__receptor.pdb	6tvu-1-6tvu_AaA-1-6tvu_BbB-3__ligand.sdf	316	121	1279.52	-20.8254	-60.5271	1249.21	-42.4271	0	-0.0162759	sas_voromqa	1279.52	3281.75
6twc-1-6twc_A-1-6twc_C-1__receptor.pdb	6twc-1-6twc_A-1-6twc_C-1__ligand.sdf	1880	103	643.188	82.6262	82.6262	643.188	82.6262	0	0.128464	sas_voromqa	643.188	2533.5
6twn-1-6twn_A-1-6twn_D-1__receptor.pdb	6twn-1-6twn_A-1-6twn_D-1__ligand.sdf	2255	139	1330.13	-87.0342	-87.0342	1330.13	-87.0342	0	-0.0654329	sas_voromqa	1330.13	3715.9
6txs-1-6txs_AAA-1-6txs_BBB-1__receptor.pdb	6txs-1-6txs_AAA-1-6txs_BBB-1__ligand.sdf	2837	68	706.956	-22.0603	-22.0603	706.956	-22.0603	0	-0.0312046	sas_voromqa	706.956	1937.27
6tyu-1-6tyu_A-1-6tyu_B-1__receptor.pdb	6tyu-1-6tyu_A-1-6tyu_B-1__ligand.sdf	1587	86	786.928	61.6102	61.6102	786.928	61.6102	0	0.078292	sas_voromqa	786.928	2291.02
6tyx-2-6tyx_B-1-6tyx_D-1__receptor.pdb	6tyx-2-6tyx_B-1-6tyx_D-1__ligand.sdf	1630	43	408.167	30.7953	30.7953	408.167	30.7953	0	0.0754478	sas_voromqa	408.167	1193.69
6u3m-2-6u3m_A-1-6u3m_E-1__receptor.pdb	6u3m-2-6u3m_A-1-6u3m_E-1__ligand.sdf	1445	85	1018.31	117.504	117.504	1018.31	117.504	0	0.115391	sas_voromqa	1018.31	2510.5
6u3m-2-6u3m_B-1-6u3m_E-1__receptor.pdb	6u3m-2-6u3m_B-1-6u3m_E-1__ligand.sdf	1474	85	855.413	117.419	117.419	855.413	117.419	0	0.137266	sas_voromqa	855.413	2368.68
6u3n-1-6u3n_E-1-6u3n_C-1__receptor.pdb	6u3n-1-6u3n_E-1-6u3n_C-1__ligand.sdf	1911	85	1421.19	183.027	183.027	1421.19	183.027	0	0.128784	sas_voromqa	1421.19	2825.71
6u71-1-6u71_A-1-6u71_B-1__receptor.pdb	6u71-1-6u71_A-1-6u71_B-1__ligand.sdf	908	105	855.283	102.37	102.37	855.283	102.37	0	0.119691	sas_voromqa	855.283	2704.81
6u74-1-6u74_C-2-6u74_E-1__receptor.pdb	6u74-1-6u74_C-2-6u74_E-1__ligand.sdf	889	136	1483.32	108.329	108.329	1483.32	108.329	0	0.0730314	sas_voromqa	1483.32	3771.83
6uai-1-6uai_S-1-6uai_B-1__receptor.pdb	6uai-1-6uai_S-1-6uai_B-1__ligand.sdf	1841	32	153.37	3.23642	3.23642	153.37	3.23642	0	0.021102	sas_voromqa	153.37	736.389
6ubi-2-6ubi_D-1-6ubi_F-1__receptor.pdb	6ubi-2-6ubi_D-1-6ubi_F-1__ligand.sdf	1653	51	587.674	95.9115	95.9115	587.674	95.9115	0	0.163205	sas_voromqa	587.674	1476.23
6ubi-2-6ubi_E-1-6ubi_F-1__receptor.pdb	6ubi-2-6ubi_E-1-6ubi_F-1__ligand.sdf	1645	51	929.717	169.579	169.579	929.717	169.579	0	0.182399	sas_voromqa	929.717	1749.92
6uc5-1-6uc5_H-1-6uc5_P-1__receptor.pdb	6uc5-1-6uc5_H-1-6uc5_P-1__ligand.sdf	1607	79	1003.92	1.56466	1.56466	1003.92	1.56466	0	0.00155855	sas_voromqa	1003.92	2247.04
6uc5-1-6uc5_L-1-6uc5_P-1__receptor.pdb	6uc5-1-6uc5_L-1-6uc5_P-1__ligand.sdf	1636	79	930.704	20.6165	20.6165	930.704	20.6165	0	0.0221515	sas_voromqa	930.704	2193.63
6ucf-1-6ucf_H-1-6ucf_A-1__receptor.pdb	6ucf-1-6ucf_H-1-6ucf_A-1__ligand.sdf	1697	51	574.369	94.8375	94.8375	574.369	94.8375	0	0.165116	sas_voromqa	574.369	1469.59
6ucf-1-6ucf_L-1-6ucf_A-1__receptor.pdb	6ucf-1-6ucf_L-1-6ucf_A-1__ligand.sdf	1638	51	883.498	142.845	142.845	883.498	142.845	0	0.161681	sas_voromqa	883.498	1733.99
6uib-1-6uib_A-1-6uib_C-1__receptor.pdb	6uib-1-6uib_A-1-6uib_C-1__ligand.sdf	963	122	1219.03	297.28	297.28	1219.03	297.28	0	0.243866	sas_voromqa	1219.03	3251.82
6uib-1-6uib_B-1-6uib_C-1__receptor.pdb	6uib-1-6uib_B-1-6uib_C-1__ligand.sdf	2095	122	1243.98	325.952	325.952	1243.98	325.952	0	0.262024	sas_voromqa	1243.98	3263.71
6uj0-1-6uj0_A-1-6uj0_C-1__receptor.pdb	6uj0-1-6uj0_A-1-6uj0_C-1__ligand.sdf	2844	35	541.709	43.5275	43.5275	541.709	43.5275	0	0.0803522	sas_voromqa	541.709	1158.87
6uj9-1-6uj9_H-1-6uj9_C-1__receptor.pdb	6uj9-1-6uj9_H-1-6uj9_C-1__ligand.sdf	1640	74	1213.95	-38.4243	-38.4243	1213.95	-38.4243	0	-0.0316523	sas_voromqa	1213.95	2408.75
6uj9-1-6uj9_L-1-6uj9_C-1__receptor.pdb	6uj9-1-6uj9_L-1-6uj9_C-1__ligand.sdf	1642	74	1262	-42.2738	-42.2738	1262	-42.2738	0	-0.0334975	sas_voromqa	1262	2472.92
6ule-1-6ule_A-1-6ule_I-1__receptor.pdb	6ule-1-6ule_A-1-6ule_I-1__ligand.sdf	1674	120	1327.73	3.55164	3.55164	1327.73	3.55164	0	0.00267497	sas_voromqa	1327.73	3293.32
6uls-1-6uls_A-1-6uls_B-1__receptor.pdb	6uls-1-6uls_A-1-6uls_B-1__ligand.sdf	1036	74	727.326	27.7445	27.7445	727.326	27.7445	0	0.0381459	sas_voromqa	727.326	2032.4
6ult-1-6ult_C-2-6ult_K-1__receptor.pdb	6ult-1-6ult_C-2-6ult_K-1__ligand.sdf	838	109	1214.39	40.1717	40.1717	1214.39	40.1717	0	0.0330797	sas_voromqa	1214.39	3173.47
6uoe-1-6uoe_H-1-6uoe_P-1__receptor.pdb	6uoe-1-6uoe_H-1-6uoe_P-1__ligand.sdf	1675	99	1176.46	50.1563	50.1563	1176.46	50.1563	0	0.0426332	sas_voromqa	1176.46	2846.32
6uoe-1-6uoe_L-1-6uoe_P-1__receptor.pdb	6uoe-1-6uoe_L-1-6uoe_P-1__ligand.sdf	1648	99	1507.75	118.088	118.088	1507.75	118.088	0	0.0783207	sas_voromqa	1507.75	3141.04
6uqe-1-6uqe_A-1-6uqe_X-1__receptor.pdb	6uqe-1-6uqe_A-1-6uqe_X-1__ligand.sdf	4377	50	907.299	81.205	81.205	907.299	81.205	0	0.0895019	sas_voromqa	907.299	1706.46
6uqe-1-6uqe_A-1-6uqe_Y-1__receptor.pdb	6uqe-1-6uqe_A-1-6uqe_Y-1__ligand.sdf	4377	55	1110.11	81.3603	81.3603	1110.11	81.3603	0	0.0732903	sas_voromqa	1110.11	1982.23
6uri-1-6uri_N-1-6uri_D-1__receptor.pdb	6uri-1-6uri_N-1-6uri_D-1__ligand.sdf	1346	118	765.892	-66.8841	-66.8841	765.892	-66.8841	0	-0.0873284	sas_voromqa	765.892	2848.33
6uud-1-6uud_H-1-6uud_A-1__receptor.pdb	6uud-1-6uud_H-1-6uud_A-1__ligand.sdf	1633	106	1037.74	8.49366	8.49366	1037.74	8.49366	0	0.00818477	sas_voromqa	1037.74	2882.63
6uud-1-6uud_L-1-6uud_A-1__receptor.pdb	6uud-1-6uud_L-1-6uud_A-1__ligand.sdf	1652	106	1399.86	-72.8372	-72.8372	1399.86	-72.8372	0	-0.0520318	sas_voromqa	1399.86	3206.26
6uuq-1-6uuq_A-1-6uuq_B-1__receptor.pdb	6uuq-1-6uuq_A-1-6uuq_B-1__ligand.sdf	2491	62	604.513	48.8462	48.8462	604.513	48.8462	0	0.0808026	sas_voromqa	604.513	1719.23
6uyr-1-6uyr_A-1-6uyr_B-1__receptor.pdb	6uyr-1-6uyr_A-1-6uyr_B-1__ligand.sdf	606	128	1963.08	-136.858	-136.858	1963.08	-136.858	0	-0.069716	sas_voromqa	1963.08	4046.81
6v0n-2-6v0n_A-1-6v0n_C-1__receptor.pdb	6v0n-2-6v0n_A-1-6v0n_C-1__ligand.sdf	5047	74	742.541	-11.2359	-11.2359	742.541	-11.2359	0	-0.0151317	sas_voromqa	742.541	2020.71
6v1a-1-6v1a_D-1-6v1a_C-1__receptor.pdb	6v1a-1-6v1a_D-1-6v1a_C-1__ligand.sdf	1571	96	1781	146.285	146.285	1781	146.285	0	0.0821364	sas_voromqa	1781	3302.19
6v1a-1-6v1a_E-1-6v1a_C-1__receptor.pdb	6v1a-1-6v1a_E-1-6v1a_C-1__ligand.sdf	1943	96	1594.03	115.094	115.094	1594.03	115.094	0	0.0722032	sas_voromqa	1594.03	3188.58
6v2o-1-6v2o_A-1-6v2o_C-1__receptor.pdb	6v2o-1-6v2o_A-1-6v2o_C-1__ligand.sdf	2237	75	430.326	8.55135	8.55135	430.326	8.55135	0	0.0198718	sas_voromqa	430.326	1794.33
6v2s-2-6v2s_B-1-6v2s_D-1__receptor.pdb	6v2s-2-6v2s_B-1-6v2s_D-1__ligand.sdf	488	57	524.598	107.813	107.813	524.598	107.813	0	0.205515	sas_voromqa	524.598	1540.88
6v41-1-6v41_AAA-1-6v41_QQQ-1__receptor.pdb	6v41-1-6v41_AAA-1-6v41_QQQ-1__ligand.sdf	509	79	819.985	79.1783	-20.6704	743.76	24.8506	0	0.0965607	sas_voromqa	819.985	2246.85
6v4g-1-6v4g_A-1-6v4g_B-1__receptor.pdb	6v4g-1-6v4g_A-1-6v4g_B-1__ligand.sdf	720	129	979.722	-58.8396	-58.8396	979.722	-58.8396	0	-0.0600574	sas_voromqa	979.722	3219.91
6v55-1-6v55_A-1-6v55_Q-1__receptor.pdb	6v55-1-6v55_A-1-6v55_Q-1__ligand.sdf	5706	56	74.6184	5.34579	5.34579	74.6184	5.34579	0	0.0716417	sas_voromqa	74.6184	1131.79
6vb2-1-6vb2_A-1-6vb2_C-1__receptor.pdb	6vb2-1-6vb2_A-1-6vb2_C-1__ligand.sdf	2250	81	322.243	-58.6662	-58.6662	322.243	-58.6662	0	-0.182056	sas_voromqa	322.243	1801.12
6vbo-1-6vbo_H-1-6vbo_C-1__receptor.pdb	6vbo-1-6vbo_H-1-6vbo_C-1__ligand.sdf	1574	130	1313.79	133.976	133.976	1313.79	133.976	0	0.101977	sas_voromqa	1313.79	3616.09
6vbo-1-6vbo_L-1-6vbo_C-1__receptor.pdb	6vbo-1-6vbo_L-1-6vbo_C-1__ligand.sdf	1680	130	1731.16	77.8356	77.8356	1731.16	77.8356	0	0.0449615	sas_voromqa	1731.16	3986.52
6vbp-4-6vbp_J-1-6vbp_K-1__receptor.pdb	6vbp-4-6vbp_J-1-6vbp_K-1__ligand.sdf	1608	90	973.25	101.977	101.977	973.25	101.977	0	0.10478	sas_voromqa	973.25	2546.18
6vbq-4-6vbq_C-1-6vbq_K-1__receptor.pdb	6vbq-4-6vbq_C-1-6vbq_K-1__ligand.sdf	1677	111	1272.17	94.667	94.667	1272.17	94.667	0	0.0744138	sas_voromqa	1272.17	3225.03
6vbq-4-6vbq_D-1-6vbq_K-1__receptor.pdb	6vbq-4-6vbq_D-1-6vbq_K-1__ligand.sdf	1563	111	1389.91	170.108	170.108	1389.91	170.108	0	0.122388	sas_voromqa	1389.91	3348.91
6vc2-1-6vc2_A-1-6vc2_C-1__receptor.pdb	6vc2-1-6vc2_A-1-6vc2_C-1__ligand.sdf	1916	101	862.453	-54.9395	-54.9395	862.453	-54.9395	0	-0.0637014	sas_voromqa	862.453	2602
6vcs-1-6vcs_E-1-6vcs_G-1__receptor.pdb	6vcs-1-6vcs_E-1-6vcs_G-1__ligand.sdf	1340	28	452.183	29.037	29.037	452.183	29.037	0	0.0642152	sas_voromqa	452.183	933.725
6vep-1-6vep_A-1-6vep_F-1__receptor.pdb	6vep-1-6vep_A-1-6vep_F-1__ligand.sdf	163	137	1559.57	148.082	148.082	1559.57	148.082	0	0.0949505	sas_voromqa	1559.57	3859.84
6vep-1-6vep_B-1-6vep_F-1__receptor.pdb	6vep-1-6vep_B-1-6vep_F-1__ligand.sdf	212	137	1549.42	69.2328	69.2328	1549.42	69.2328	0	0.044683	sas_voromqa	1549.42	3880.87
6vfx-1-6vfx_A-1-6vfx_G-1__receptor.pdb	6vfx-1-6vfx_A-1-6vfx_G-1__ligand.sdf	2604	34	565.076	46.2702	46.2702	565.076	46.2702	0	0.0818831	sas_voromqa	565.076	1129.17
6vfx-1-6vfx_B-1-6vfx_G-1__receptor.pdb	6vfx-1-6vfx_B-1-6vfx_G-1__ligand.sdf	2588	34	713.747	60.8924	60.8924	713.747	60.8924	0	0.0853137	sas_voromqa	713.747	1240.74
6vjn-1-6vjn_H-1-6vjn_F-1__receptor.pdb	6vjn-1-6vjn_H-1-6vjn_F-1__ligand.sdf	1580	77	1494.56	58.8265	-19.4803	1434.78	16.2198	0	0.0393604	sas_voromqa	1494.56	2820.42
6vjn-1-6vjn_H-1-6vjn_G-1__receptor.pdb	6vjn-1-6vjn_H-1-6vjn_G-1__ligand.sdf	1580	158	1627.89	-56.5799	-103.248	1592.26	-81.9721	0	-0.0347566	sas_voromqa	1627.89	4400.62
6vjn-1-6vjn_L-1-6vjn_G-1__receptor.pdb	6vjn-1-6vjn_L-1-6vjn_G-1__ligand.sdf	1546	158	1655.8	-30.4297	-60.8304	1632.59	-46.9707	0	-0.0183776	sas_voromqa	1655.8	4457.78
6vjt-1-6vjt_H-1-6vjt_P-1__receptor.pdb	6vjt-1-6vjt_H-1-6vjt_P-1__ligand.sdf	1676	68	520.366	32.9104	32.9104	520.366	32.9104	0	0.0632447	sas_voromqa	520.366	1647.53
6vjt-1-6vjt_L-1-6vjt_P-1__receptor.pdb	6vjt-1-6vjt_L-1-6vjt_P-1__ligand.sdf	1633	68	831.812	43.9009	43.9009	831.812	43.9009	0	0.0527774	sas_voromqa	831.812	1928.87
6vm8-1-6vm8_E-2-6vm8_C-1__receptor.pdb	6vm8-1-6vm8_E-2-6vm8_C-1__ligand.sdf	1937	72	1103.98	39.8969	39.8969	1103.98	39.8969	0	0.0361392	sas_voromqa	1103.98	2302.72
6vma-1-6vma_D-2-6vma_C-1__receptor.pdb	6vma-1-6vma_D-2-6vma_C-1__ligand.sdf	1561	71	1196.42	79.3201	79.3201	1196.42	79.3201	0	0.0662979	sas_voromqa	1196.42	2341.95
6vma-1-6vma_E-2-6vma_C-1__receptor.pdb	6vma-1-6vma_E-2-6vma_C-1__ligand.sdf	1917	71	1210.29	27.9728	27.9728	1210.29	27.9728	0	0.0231125	sas_voromqa	1210.29	2319.11
6vme-1-6vme_B-1-6vme_D-1__receptor.pdb	6vme-1-6vme_B-1-6vme_D-1__ligand.sdf	607	135	1282.01	128.689	128.689	1282.01	128.689	0	0.100381	sas_voromqa	1282.01	3683.18
6vme-1-6vme_C-1-6vme_D-1__receptor.pdb	6vme-1-6vme_C-1-6vme_D-1__ligand.sdf	527	135	1779.18	200.219	200.219	1779.18	200.219	0	0.112534	sas_voromqa	1779.18	4098.19
6vo5-2-6vo5_B-1-6vo5_D-1__receptor.pdb	6vo5-2-6vo5_B-1-6vo5_D-1__ligand.sdf	2593	92	1014.8	0.0967404	0.0967404	1014.8	0.0967404	0	9.53295e-05	sas_voromqa	1014.8	2625.98
6vqo-1-6vqo_D-1-6vqo_P-1__receptor.pdb	6vqo-1-6vqo_D-1-6vqo_P-1__ligand.sdf	1493	76	1192.52	39.9832	39.9832	1192.52	39.9832	0	0.0335283	sas_voromqa	1192.52	2491.1
6vqo-1-6vqo_E-1-6vqo_P-1__receptor.pdb	6vqo-1-6vqo_E-1-6vqo_P-1__ligand.sdf	1882	76	1276.54	48.0262	48.0262	1276.54	48.0262	0	0.0376222	sas_voromqa	1276.54	2525.92
6vqp-1-6vqp_A-1-6vqp_Q-1__receptor.pdb	6vqp-1-6vqp_A-1-6vqp_Q-1__ligand.sdf	2304	59	522.313	11.3358	11.3358	522.313	11.3358	0	0.0217031	sas_voromqa	522.313	1571.09
6vrm-1-6vrm_E-1-6vrm_P-1__receptor.pdb	6vrm-1-6vrm_E-1-6vrm_P-1__ligand.sdf	1865	76	1213.64	33.7245	33.7245	1213.64	33.7245	0	0.0277879	sas_voromqa	1213.64	2448.02
6vrn-1-6vrn_D-1-6vrn_P-1__receptor.pdb	6vrn-1-6vrn_D-1-6vrn_P-1__ligand.sdf	1452	76	1200.47	55.3011	55.3011	1200.47	55.3011	0	0.0460662	sas_voromqa	1200.47	2447.46
6vrn-1-6vrn_E-1-6vrn_P-1__receptor.pdb	6vrn-1-6vrn_E-1-6vrn_P-1__ligand.sdf	1907	76	1361.74	39.1106	39.1106	1361.74	39.1106	0	0.028721	sas_voromqa	1361.74	2587.07
6vry-1-6vry_H-1-6vry_G-1__receptor.pdb	6vry-1-6vry_H-1-6vry_G-1__ligand.sdf	1690	95	1011.4	-71.3138	-71.3138	1011.4	-71.3138	0	-0.07051	sas_voromqa	1011.4	2588.3
6vry-1-6vry_L-1-6vry_G-1__receptor.pdb	6vry-1-6vry_L-1-6vry_G-1__ligand.sdf	1648	95	1389.61	-112.003	-112.003	1389.61	-112.003	0	-0.0806003	sas_voromqa	1389.61	2946.66
6vzt-1-6vzt_A-1-6vzt_D-1__receptor.pdb	6vzt-1-6vzt_A-1-6vzt_D-1__ligand.sdf	3090	55	720.898	59.4427	59.4427	720.898	59.4427	0	0.0824565	sas_voromqa	720.898	1644.36
6vzu-1-6vzu_A-1-6vzu_M-1__receptor.pdb	6vzu-1-6vzu_A-1-6vzu_M-1__ligand.sdf	3207	65	808.748	70.6015	70.6015	808.748	70.6015	0	0.0872973	sas_voromqa	808.748	1931.01
6w00-1-6w00_H-1-6w00_P-1__receptor.pdb	6w00-1-6w00_H-1-6w00_P-1__ligand.sdf	1668	59	517.563	-9.64834	-9.64834	517.563	-9.64834	0	-0.0186419	sas_voromqa	517.563	1474.37
6w00-1-6w00_L-1-6w00_P-1__receptor.pdb	6w00-1-6w00_L-1-6w00_P-1__ligand.sdf	1636	59	789.909	38.4536	38.4536	789.909	38.4536	0	0.0486811	sas_voromqa	789.909	1717.2
6w05-1-6w05_H-1-6w05_P-1__receptor.pdb	6w05-1-6w05_H-1-6w05_P-1__ligand.sdf	1683	56	423.004	-0.985111	-0.985111	423.004	-0.985111	0	-0.00232885	sas_voromqa	423.004	1377.3
6w05-1-6w05_L-1-6w05_P-1__receptor.pdb	6w05-1-6w05_L-1-6w05_P-1__ligand.sdf	1598	56	845.273	15.9793	15.9793	845.273	15.9793	0	0.0189043	sas_voromqa	845.273	1707.41
6w1z-1-6w1z_A-1-6w1z_X-1__receptor.pdb	6w1z-1-6w1z_A-1-6w1z_X-1__ligand.sdf	4510	120	2145.67	188.674	188.674	2145.67	188.674	0	0.0879324	sas_voromqa	2145.67	4084.99
6w20-1-6w20_E-1-6w20_X-1__receptor.pdb	6w20-1-6w20_E-1-6w20_X-1__ligand.sdf	4453	120	2385.58	193.771	193.771	2385.58	193.771	0	0.0812259	sas_voromqa	2385.58	4278.15
6w25-1-6w25_A-1-6w25_B-1__receptor.pdb	6w25-1-6w25_A-1-6w25_B-1__ligand.sdf	3609	78	325.091	6.09919	6.09919	325.091	6.09919	0	0.0187615	sas_voromqa	325.091	1702.52
6w9l-1-6w9l_A-1-6w9l_B-1__receptor.pdb	6w9l-1-6w9l_A-1-6w9l_B-1__ligand.sdf	2017	88	859.208	60.6224	60.6224	859.208	60.6224	0	0.0705561	sas_voromqa	859.208	2452.3
6wat-1-6wat_AA-1-6wat_A-1__receptor.pdb	6wat-1-6wat_AA-1-6wat_A-1__ligand.sdf	467	65	866.405	31.88	-36.1839	814.445	-5.1536	0	0.0367957	sas_voromqa	866.405	2040.74
6wat-1-6wat_AA-1-6wat_B-1__receptor.pdb	6wat-1-6wat_AA-1-6wat_B-1__ligand.sdf	467	63	993.46	93.3091	32.3624	946.933	60.1479	0	0.0939234	sas_voromqa	993.46	2102.06
6wau-1-6wau_A-1-6wau_G-1__receptor.pdb	6wau-1-6wau_A-1-6wau_G-1__ligand.sdf	454	66	938.705	2.3693	2.3693	938.705	2.3693	0	0.00252401	sas_voromqa	938.705	2092.71
6wav-1-6wav_A-1-6wav_E-1__receptor.pdb	6wav-1-6wav_A-1-6wav_E-1__ligand.sdf	457	98	1304.81	102.074	-55.8196	1184.27	16.1642	0	0.078229	sas_voromqa	1304.81	3047.21
6way-1-6way_A-1-6way_V-1__receptor.pdb	6way-1-6way_A-1-6way_V-1__ligand.sdf	875	70	654.817	-31.6665	-31.6665	654.817	-31.6665	0	-0.0483593	sas_voromqa	654.817	1835.45
6weg-2-6weg_B-1-6weg_P-1__receptor.pdb	6weg-2-6weg_B-1-6weg_P-1__ligand.sdf	1639	145	2133.75	154.145	154.145	2133.75	154.145	0	0.0722414	sas_voromqa	2133.75	4575.17
6weg-2-6weg_D-1-6weg_P-1__receptor.pdb	6weg-2-6weg_D-1-6weg_P-1__ligand.sdf	1564	145	1744.75	75.0757	75.0757	1744.75	75.0757	0	0.0430295	sas_voromqa	1744.75	4242.87
6wf5-1-6wf5_A-1-6wf5_C-1__receptor.pdb	6wf5-1-6wf5_A-1-6wf5_C-1__ligand.sdf	1337	48	156.798	7.98598	7.98598	156.798	7.98598	0	0.0509316	sas_voromqa	156.798	1078.93
6wfw-1-6wfw_H-1-6wfw_P-1__receptor.pdb	6wfw-1-6wfw_H-1-6wfw_P-1__ligand.sdf	1540	56	523.405	-16.038	-16.038	523.405	-16.038	0	-0.0306417	sas_voromqa	523.405	1442.28
6wfw-1-6wfw_L-1-6wfw_P-1__receptor.pdb	6wfw-1-6wfw_L-1-6wfw_P-1__ligand.sdf	1595	56	810.401	17.7401	17.7401	810.401	17.7401	0	0.0218905	sas_voromqa	810.401	1681.98
6wfx-1-6wfx_H-1-6wfx_P-1__receptor.pdb	6wfx-1-6wfx_H-1-6wfx_P-1__ligand.sdf	1638	43	377.92	38.3323	38.3323	377.92	38.3323	0	0.10143	sas_voromqa	377.92	1103.94
6wfy-1-6wfy_H-1-6wfy_P-1__receptor.pdb	6wfy-1-6wfy_H-1-6wfy_P-1__ligand.sdf	1699	84	656.534	-23.6449	-23.6449	656.534	-23.6449	0	-0.0360147	sas_voromqa	656.534	2069.79
6wfy-1-6wfy_L-1-6wfy_P-1__receptor.pdb	6wfy-1-6wfy_L-1-6wfy_P-1__ligand.sdf	1569	84	898.457	-2.66494	-2.66494	898.457	-2.66494	0	-0.00296613	sas_voromqa	898.457	2254.65
6wfz-1-6wfz_A-1-6wfz_C-1__receptor.pdb	6wfz-1-6wfz_A-1-6wfz_C-1__ligand.sdf	1606	79	781.686	-33.1436	-33.1436	781.686	-33.1436	0	-0.0424001	sas_voromqa	781.686	2087.01
6wfz-1-6wfz_B-1-6wfz_C-1__receptor.pdb	6wfz-1-6wfz_B-1-6wfz_C-1__ligand.sdf	1684	79	938.6	-17.3401	-17.3401	938.6	-17.3401	0	-0.0184744	sas_voromqa	938.6	2224.82
6wg0-1-6wg0_H-1-6wg0_P-1__receptor.pdb	6wg0-1-6wg0_H-1-6wg0_P-1__ligand.sdf	1669	79	951.064	-2.48787	-2.48787	951.064	-2.48787	0	-0.00261588	sas_voromqa	951.064	2217.02
6wg0-1-6wg0_L-1-6wg0_P-1__receptor.pdb	6wg0-1-6wg0_L-1-6wg0_P-1__ligand.sdf	1601	79	1077.29	36.5334	36.5334	1077.29	36.5334	0	0.0339123	sas_voromqa	1077.29	2309.14
6whn-1-6whn_A-1-6whn_F-1__receptor.pdb	6whn-1-6whn_A-1-6whn_F-1__ligand.sdf	3009	70	724.314	113.532	111.303	722.612	112.319	0	0.156744	sas_voromqa	724.314	1955.93
6wi4-1-6wi4_A-1-6wi4_D-1__receptor.pdb	6wi4-1-6wi4_A-1-6wi4_D-1__ligand.sdf	1857	35	176.055	-15.4027	-15.4027	176.055	-15.4027	0	-0.087488	sas_voromqa	176.055	767.857
6wi4-2-6wi4_B-1-6wi4_C-1__receptor.pdb	6wi4-2-6wi4_B-1-6wi4_C-1__ligand.sdf	1866	50	585.776	52.339	52.339	585.776	52.339	0	0.0893499	sas_voromqa	585.776	1460.78
6wj7-1-6wj7_B-1-6wj7_A-1__receptor.pdb	6wj7-1-6wj7_B-1-6wj7_A-1__ligand.sdf	1743	73	454.395	-40.3427	-40.3427	454.395	-40.3427	0	-0.0887833	sas_voromqa	454.395	1713.81
6wly-1-6wly_A-1-6wly_B-1__receptor.pdb	6wly-1-6wly_A-1-6wly_B-1__ligand.sdf	2299	74	698.682	32.8041	32.8041	698.682	32.8041	0	0.0469514	sas_voromqa	698.682	2019.17
6wmd-1-6wmd_A-1-6wmd_B-1__receptor.pdb	6wmd-1-6wmd_A-1-6wmd_B-1__ligand.sdf	1550	134	1569.79	122.722	122.722	1569.79	122.722	0	0.0781773	sas_voromqa	1569.79	3866.16
6wmd-1-6wmd_A-1-6wmd_B-3__receptor.pdb	6wmd-1-6wmd_A-1-6wmd_B-3__ligand.sdf	1550	134	1656.78	11.7905	11.7905	1656.78	11.7905	0	0.00711652	sas_voromqa	1656.78	4003.61
6wms-1-6wms_A-1-6wms_E-1__receptor.pdb	6wms-1-6wms_A-1-6wms_E-1__ligand.sdf	1554	86	770.613	-41.9843	-41.9843	770.613	-41.9843	0	-0.0544817	sas_voromqa	770.613	2344.5
6wn4-1-6wn4_A-1-6wn4_C-1__receptor.pdb	6wn4-1-6wn4_A-1-6wn4_C-1__ligand.sdf	1659	105	923.09	174.473	174.473	923.09	174.473	0	0.18901	sas_voromqa	923.09	2604.46
6wn4-1-6wn4_B-1-6wn4_C-1__receptor.pdb	6wn4-1-6wn4_B-1-6wn4_C-1__ligand.sdf	1594	105	1270.91	209.203	209.203	1270.91	209.203	0	0.164609	sas_voromqa	1270.91	2928.72
6wnx-1-6wnx_A-1-6wnx_C-1__receptor.pdb	6wnx-1-6wnx_A-1-6wnx_C-1__ligand.sdf	3299	68	531.088	-43.7343	-45.6054	529.659	-44.7524	0	-0.0823485	sas_voromqa	531.088	1686.01
6wsj-1-6wsj_A-1-6wsj_I-1__receptor.pdb	6wsj-1-6wsj_A-1-6wsj_I-1__ligand.sdf	2725	68	672.546	8.30097	8.30097	672.546	8.30097	0	0.0123426	sas_voromqa	672.546	1847
6wx2-1-6wx2_A-1-6wx2_C-1__receptor.pdb	6wx2-1-6wx2_A-1-6wx2_C-1__ligand.sdf	1579	51	545.324	106.31	106.31	545.324	106.31	0	0.194948	sas_voromqa	545.324	1465.86
6wx2-1-6wx2_B-1-6wx2_C-1__receptor.pdb	6wx2-1-6wx2_B-1-6wx2_C-1__ligand.sdf	1692	51	694.168	145.17	145.17	694.168	145.17	0	0.209128	sas_voromqa	694.168	1602.41
6wx4-1-6wx4_D-1-6wx4_I-1__receptor.pdb	6wx4-1-6wx4_D-1-6wx4_I-1__ligand.sdf	2545	34	216.618	21.6697	21.6697	216.618	21.6697	0	0.100036	sas_voromqa	216.618	813.852
6wzy-1-6wzy_A-1-6wzy_C-1__receptor.pdb	6wzy-1-6wzy_A-1-6wzy_C-1__ligand.sdf	2262	62	292.918	-16.469	-16.469	292.918	-16.469	0	-0.0562239	sas_voromqa	292.918	1368.19
6x1s-1-6x1s_H-1-6x1s_I-1__receptor.pdb	6x1s-1-6x1s_H-1-6x1s_I-1__ligand.sdf	1604	40	499.566	38.6926	38.6926	499.566	38.6926	0	0.0774524	sas_voromqa	499.566	1188.82
6x1s-1-6x1s_L-1-6x1s_I-1__receptor.pdb	6x1s-1-6x1s_L-1-6x1s_I-1__ligand.sdf	1590	40	543.427	-21.5956	-25.5394	540.416	-23.7414	0	-0.0397397	sas_voromqa	543.427	1202.77
6x1t-1-6x1t_H-1-6x1t_M-1__receptor.pdb	6x1t-1-6x1t_H-1-6x1t_M-1__ligand.sdf	1623	47	583.297	30.2692	30.2692	583.297	30.2692	0	0.0518933	sas_voromqa	583.297	1381.4
6x1u-1-6x1u_H-1-6x1u_D-1__receptor.pdb	6x1u-1-6x1u_H-1-6x1u_D-1__ligand.sdf	1566	27	462.716	16.6872	16.2116	462.353	16.4284	0	0.0360636	sas_voromqa	462.716	865.597
6x1u-1-6x1u_L-1-6x1u_D-1__receptor.pdb	6x1u-1-6x1u_L-1-6x1u_D-1__ligand.sdf	1601	27	371.29	-55.5183	-58.5883	368.946	-57.1887	0	-0.149528	sas_voromqa	371.29	786.651
6x1v-1-6x1v_H-1-6x1v_D-1__receptor.pdb	6x1v-1-6x1v_H-1-6x1v_D-1__ligand.sdf	1571	41	542.443	20.6366	20.442	542.295	20.5307	0	0.0380438	sas_voromqa	542.443	1231.55
6x1v-1-6x1v_L-1-6x1v_D-1__receptor.pdb	6x1v-1-6x1v_L-1-6x1v_D-1__ligand.sdf	1616	41	505.995	-31.2032	-33.5136	504.231	-32.4603	0	-0.061667	sas_voromqa	505.995	1170.32
6x1w-1-6x1w_H-1-6x1w_A-1__receptor.pdb	6x1w-1-6x1w_H-1-6x1w_A-1__ligand.sdf	1560	32	424.529	18.8114	18.7656	424.494	18.7865	0	0.0443112	sas_voromqa	424.529	941.967
6x1w-1-6x1w_L-1-6x1w_A-1__receptor.pdb	6x1w-1-6x1w_L-1-6x1w_A-1__ligand.sdf	1655	32	454.513	-43.1382	-45.6574	452.59	-44.5089	0	-0.0949108	sas_voromqa	454.513	975.13
6x23-1-6x23_A-1-6x23_B-1__receptor.pdb	6x23-1-6x23_A-1-6x23_B-1__ligand.sdf	688	54	416.131	-20.5652	-20.5652	416.131	-20.5652	0	-0.04942	sas_voromqa	416.131	1342.93
6x5g-1-6x5g_A-1-6x5g_B-1__receptor.pdb	6x5g-1-6x5g_A-1-6x5g_B-1__ligand.sdf	2123	119	1204.96	-96.1583	-96.1583	1204.96	-96.1583	0	-0.0798021	sas_voromqa	1204.96	3313.36
6x5v-1-6x5v_A-1-6x5v_B-1__receptor.pdb	6x5v-1-6x5v_A-1-6x5v_B-1__ligand.sdf	3700	29	297.825	68.92	68.92	297.825	68.92	0	0.231411	sas_voromqa	297.825	749.16
6x6h-1-6x6h_A-1-6x6h_P-1__receptor.pdb	6x6h-1-6x6h_A-1-6x6h_P-1__ligand.sdf	2222	47	431.765	47.1668	47.1668	431.765	47.1668	0	0.109242	sas_voromqa	431.765	1259.44
6x78-1-6x78_A-1-6x78_I-1__receptor.pdb	6x78-1-6x78_A-1-6x78_I-1__ligand.sdf	1692	28	416.883	39.7551	39.7551	416.883	39.7551	0	0.0953627	sas_voromqa	416.883	920.574
6x78-1-6x78_B-1-6x78_I-1__receptor.pdb	6x78-1-6x78_B-1-6x78_I-1__ligand.sdf	1645	28	412.323	30.9359	30.9359	412.323	30.9359	0	0.0750283	sas_voromqa	412.323	899.106
6x7w-1-6x7w_A-1-6x7w_D-1__receptor.pdb	6x7w-1-6x7w_A-1-6x7w_D-1__ligand.sdf	1660	51	541.262	77.9727	77.9727	541.262	77.9727	0	0.144057	sas_voromqa	541.262	1454.54
6x7w-1-6x7w_C-1-6x7w_D-1__receptor.pdb	6x7w-1-6x7w_C-1-6x7w_D-1__ligand.sdf	1652	51	811.496	152.011	152.011	811.496	152.011	0	0.187322	sas_voromqa	811.496	1682.18
6x8u-1-6x8u_H-1-6x8u_P-1__receptor.pdb	6x8u-1-6x8u_H-1-6x8u_P-1__ligand.sdf	1574	86	1128.5	33.9628	33.9628	1128.5	33.9628	0	0.0300955	sas_voromqa	1128.5	2508.69
6x8u-1-6x8u_L-1-6x8u_P-1__receptor.pdb	6x8u-1-6x8u_L-1-6x8u_P-1__ligand.sdf	1681	86	1163.51	6.93484	6.93484	1163.51	6.93484	0	0.00596028	sas_voromqa	1163.51	2517.01
6xar-1-6xar_A-1-6xar_C-1__receptor.pdb	6xar-1-6xar_A-1-6xar_C-1__ligand.sdf	2399	140	1213.53	-26.9344	-26.9344	1213.53	-26.9344	0	-0.0221951	sas_voromqa	1213.53	3698.41
6xaw-1-6xaw_A-1-6xaw_B-1__receptor.pdb	6xaw-1-6xaw_A-1-6xaw_B-1__ligand.sdf	587	114	845.389	-90.7284	-90.7284	845.389	-90.7284	0	-0.107321	sas_voromqa	845.389	2845.68
6xbe-1-6xbe_A-1-6xbe_F-1__receptor.pdb	6xbe-1-6xbe_A-1-6xbe_F-1__ligand.sdf	1692	60	482.262	-17.2018	-17.2018	482.262	-17.2018	0	-0.035669	sas_voromqa	482.262	1556.41
6xbg-1-6xbg_A-1-6xbg_C-1__receptor.pdb	6xbg-1-6xbg_A-1-6xbg_C-1__ligand.sdf	2316	35	158.871	49.5334	49.5334	158.871	49.5334	0	0.311784	sas_voromqa	158.871	794.887
6xci-2-6xci_A-1-6xci_H-1__receptor.pdb	6xci-2-6xci_A-1-6xci_H-1__ligand.sdf	1690	67	576.174	88.4322	88.4322	576.174	88.4322	0	0.153482	sas_voromqa	576.174	1749.26
6xfk-1-6xfk_A-1-6xfk_B-1__receptor.pdb	6xfk-1-6xfk_A-1-6xfk_B-1__ligand.sdf	514	104	740.395	-100.054	-100.054	740.395	-100.054	0	-0.135136	sas_voromqa	740.395	2605.93
6xi2-1-6xi2_A-1-6xi2_H-1__receptor.pdb	6xi2-1-6xi2_A-1-6xi2_H-1__ligand.sdf	4246	48	773.649	52.1419	52.1419	773.649	52.1419	0	0.0673974	sas_voromqa	773.649	1596.86
6xkb-1-6xkb_A-1-6xkb_G-1__receptor.pdb	6xkb-1-6xkb_A-1-6xkb_G-1__ligand.sdf	1083	112	1049.83	-39.194	-49.5816	1041.9	-44.8459	0	-0.0373337	sas_voromqa	1049.83	2937.77
6xli-1-6xli_A-1-6xli_E-1__receptor.pdb	6xli-1-6xli_A-1-6xli_E-1__ligand.sdf	1565	109	1369.87	-194.968	-198.024	1367.53	-196.631	0	-0.142326	sas_voromqa	1369.87	3133.63
6xli-1-6xli_B-1-6xli_E-1__receptor.pdb	6xli-1-6xli_B-1-6xli_E-1__ligand.sdf	1660	109	1642.01	-203.536	-211.882	1635.64	-208.077	0	-0.123955	sas_voromqa	1642.01	3375.8
6xlz-1-6xlz_H-1-6xlz_A-1__receptor.pdb	6xlz-1-6xlz_H-1-6xlz_A-1__ligand.sdf	1600	54	984.531	42.8847	42.8847	984.531	42.8847	0	0.0435585	sas_voromqa	984.531	1872.93
6xlz-1-6xlz_H-1-6xlz_P-1__receptor.pdb	6xlz-1-6xlz_H-1-6xlz_P-1__ligand.sdf	1600	162	1733.7	-39.2097	-39.2097	1733.7	-39.2097	0	-0.0226162	sas_voromqa	1733.7	4563.53
6xp6-1-6xp6_H-1-6xp6_C-1__receptor.pdb	6xp6-1-6xp6_H-1-6xp6_C-1__ligand.sdf	1622	96	1458.24	72.9098	72.9098	1458.24	72.9098	0	0.0499985	sas_voromqa	1458.24	2998.34
6xqi-1-6xqi_B-1-6xqi_I-1__receptor.pdb	6xqi-1-6xqi_B-1-6xqi_I-1__ligand.sdf	527	51	466.048	-26.06	-26.06	466.048	-26.06	0	-0.055917	sas_voromqa	466.048	1366.68
6xs8-1-6xs8_A-1-6xs8_B-1__receptor.pdb	6xs8-1-6xs8_A-1-6xs8_B-1__ligand.sdf	1439	110	989.088	190.633	190.633	989.088	190.633	0	0.192736	sas_voromqa	989.088	2834.78
6xs9-1-6xs9_A-1-6xs9_E-1__receptor.pdb	6xs9-1-6xs9_A-1-6xs9_E-1__ligand.sdf	1466	123	1462.89	87.3103	87.3103	1462.89	87.3103	0	0.0596834	sas_voromqa	1462.89	3499.26
6xs9-1-6xs9_A-1-6xs9_F-1__receptor.pdb	6xs9-1-6xs9_A-1-6xs9_F-1__ligand.sdf	1466	129	1437.68	142.724	142.724	1437.68	142.724	0	0.0992738	sas_voromqa	1437.68	3638.04
6xte-1-6xte_A-1-6xte_B-1__receptor.pdb	6xte-1-6xte_A-1-6xte_B-1__ligand.sdf	8407	42	412.249	59.7343	59.7343	412.249	59.7343	0	0.144899	sas_voromqa	412.249	1201.69
6xyx-1-6xyx_A-1-6xyx_C-1__receptor.pdb	6xyx-1-6xyx_A-1-6xyx_C-1__ligand.sdf	973	131	1474.17	-70.6298	-70.6298	1474.17	-70.6298	0	-0.0479116	sas_voromqa	1474.17	3714.42
6xyx-1-6xyx_A-1-6xyx_D-1__receptor.pdb	6xyx-1-6xyx_A-1-6xyx_D-1__ligand.sdf	973	123	1746.47	-111.323	-111.323	1746.47	-111.323	0	-0.0637417	sas_voromqa	1746.47	3831.67
6xzz-1-6xzz_A-1-6xzz_B-1__receptor.pdb	6xzz-1-6xzz_A-1-6xzz_B-1__ligand.sdf	1000	71	823.53	-18.1715	-57.2652	793.686	-39.4424	0	-0.0220654	sas_voromqa	823.53	2001.17
6y0x-1-6y0x_B-1-6y0x_I-1__receptor.pdb	6y0x-1-6y0x_B-1-6y0x_I-1__ligand.sdf	678	57	650.455	68.8042	68.8042	650.455	68.8042	0	0.105779	sas_voromqa	650.455	1606.94
6y0x-2-6y0x_D-1-6y0x_M-1__receptor.pdb	6y0x-2-6y0x_D-1-6y0x_M-1__ligand.sdf	676	112	1294.26	57.6315	57.6315	1294.26	57.6315	0	0.0445285	sas_voromqa	1294.26	3232.96
6y0x-2-6y0x_F-1-6y0x_R-1__receptor.pdb	6y0x-2-6y0x_F-1-6y0x_R-1__ligand.sdf	674	79	1106.3	85.2078	85.2078	1106.3	85.2078	0	0.0770205	sas_voromqa	1106.3	2457.82
6y38-1-6y38_A-1-6y38_D-1__receptor.pdb	6y38-1-6y38_A-1-6y38_D-1__ligand.sdf	700	104	1602.18	-99.9653	-99.9653	1602.18	-99.9653	0	-0.0623933	sas_voromqa	1602.18	3343.58
6y3v-1-6y3v_A-1-6y3v_P-1__receptor.pdb	6y3v-1-6y3v_A-1-6y3v_P-1__ligand.sdf	1831	10	98.6336	-8.3957	-10.3991	97.1042	-9.48577	0	-0.0851201	sas_voromqa	98.6336	290.572
6y8k-1-6y8k_AAA-1-6y8k_PPP-1__receptor.pdb	6y8k-1-6y8k_AAA-1-6y8k_PPP-1__ligand.sdf	952	138	1153.32	93.2301	93.2301	1153.32	93.2301	0	0.0808363	sas_voromqa	1153.32	3504.94
6y9q-1-6y9q_B-1-6y9q_D-1__receptor.pdb	6y9q-1-6y9q_B-1-6y9q_D-1__ligand.sdf	723	84	823.208	5.77793	5.77793	823.208	5.77793	0	0.0070188	sas_voromqa	823.208	2285.26
6ya7-1-6ya7_A-1-6ya7_C-1__receptor.pdb	6ya7-1-6ya7_A-1-6ya7_C-1__ligand.sdf	2754	73	628.314	-4.99978	-8.10016	625.947	-6.6867	0	-0.00795745	sas_voromqa	628.314	1949.11
6yb6-1-6yb6_H-1-6yb6_D-1__receptor.pdb	6yb6-1-6yb6_H-1-6yb6_D-1__ligand.sdf	1996	29	100.937	21.822	21.822	100.937	21.822	0	0.216194	sas_voromqa	100.937	633.541
6ycr-1-6ycr_A-1-6ycr_B-1__receptor.pdb	6ycr-1-6ycr_A-1-6ycr_B-1__ligand.sdf	942	118	1061.9	-19.136	-19.136	1061.9	-19.136	0	-0.0180205	sas_voromqa	1061.9	3098.59
6ydp-1-6ydp_Ah-1-6ydp_AZ-1__receptor.pdb	6ydp-1-6ydp_Ah-1-6ydp_AZ-1__ligand.sdf	1015	90	1422.71	115.162	115.162	1422.71	115.162	0	0.0809455	sas_voromqa	1422.71	2893.84
6ydp-1-6ydp_Ai-1-6ydp_AZ-1__receptor.pdb	6ydp-1-6ydp_Ai-1-6ydp_AZ-1__ligand.sdf	824	90	1437.9	130.882	130.882	1437.9	130.882	0	0.091023	sas_voromqa	1437.9	2914.4
6ydp-1-6ydp_Ak-1-6ydp_AZ-1__receptor.pdb	6ydp-1-6ydp_Ak-1-6ydp_AZ-1__ligand.sdf	2222	90	1435.39	130.052	130.052	1435.39	130.052	0	0.0906039	sas_voromqa	1435.39	2934.61
6ygc-1-6ygc_B-1-6ygc_D-1__receptor.pdb	6ygc-1-6ygc_B-1-6ygc_D-1__ligand.sdf	5847	37	649.903	126.856	126.856	649.903	126.856	0	0.195192	sas_voromqa	649.903	1293.46
6ygd-1-6ygd_A-1-6ygd_D-1__receptor.pdb	6ygd-1-6ygd_A-1-6ygd_D-1__ligand.sdf	1300	49	479.15	52.8304	52.8304	479.15	52.8304	0	0.110259	sas_voromqa	479.15	1413.5
6ygd-1-6ygd_B-1-6ygd_D-1__receptor.pdb	6ygd-1-6ygd_B-1-6ygd_D-1__ligand.sdf	5840	49	779.978	32.6587	32.6587	779.978	32.6587	0	0.0418713	sas_voromqa	779.978	1663.74
6yh0-1-6yh0_AAA-1-6yh0_EEE-2__receptor.pdb	6yh0-1-6yh0_AAA-1-6yh0_EEE-2__ligand.sdf	2267	121	2240.4	25.1679	25.1679	2240.4	25.1679	0	0.0112337	sas_voromqa	2240.4	3983.07
6yif-1-6yif_A-1-6yif_D-1__receptor.pdb	6yif-1-6yif_A-1-6yif_D-1__ligand.sdf	1048	45	537.779	-73.6651	-75.5846	536.314	-74.7095	0	-0.13698	sas_voromqa	537.779	1296.29
6yn0-1-6yn0_A-1-6yn0_B-1__receptor.pdb	6yn0-1-6yn0_A-1-6yn0_B-1__ligand.sdf	5403	122	1191.73	-92.9897	-92.9897	1191.73	-92.9897	0	-0.0780292	sas_voromqa	1191.73	3394.46
6yoo-1-6yoo_A-1-6yoo_B-1__receptor.pdb	6yoo-1-6yoo_A-1-6yoo_B-1__ligand.sdf	997	74	844.576	-48.4301	-48.4301	844.576	-48.4301	0	-0.0573425	sas_voromqa	844.576	2115.59
6yss-1-6yss_E-1-6yss_v-1__receptor.pdb	6yss-1-6yss_E-1-6yss_v-1__ligand.sdf	1552	121	1887.87	-34.4131	-34.4131	1887.87	-34.4131	0	-0.0182285	sas_voromqa	1887.87	3821.9
6yvr-1-6yvr_AAA-1-6yvr_CCC-1__receptor.pdb	6yvr-1-6yvr_AAA-1-6yvr_CCC-1__ligand.sdf	3506	66	270.653	7.804	7.804	270.653	7.804	0	0.028834	sas_voromqa	270.653	1532.59
6yw1-1-6yw1_A-1-6yw1_B-1__receptor.pdb	6yw1-1-6yw1_A-1-6yw1_B-1__ligand.sdf	1639	126	1014.25	93.2894	93.2894	1014.25	93.2894	0	0.0919787	sas_voromqa	1014.25	3195.38
6yx0-1-6yx0_A-1-6yx0_C-1__receptor.pdb	6yx0-1-6yx0_A-1-6yx0_C-1__ligand.sdf	774	45	503.104	12.5684	12.5684	503.104	12.5684	0	0.0249817	sas_voromqa	503.104	1265.32
6yxk-1-6yxk_A-1-6yxk_C-1__receptor.pdb	6yxk-1-6yxk_A-1-6yxk_C-1__ligand.sdf	1654	66	825.611	54.8961	54.8961	825.611	54.8961	0	0.0664915	sas_voromqa	825.611	1932.82
6yxk-1-6yxk_B-1-6yxk_C-1__receptor.pdb	6yxk-1-6yxk_B-1-6yxk_C-1__ligand.sdf	1697	66	869.234	52.9075	52.9075	869.234	52.9075	0	0.0608668	sas_voromqa	869.234	1989.39
6yxm-1-6yxm_LLL-1-6yxm_BBB-1__receptor.pdb	6yxm-1-6yxm_LLL-1-6yxm_BBB-1__ligand.sdf	1618	68	828.035	19.6794	-38.6158	783.532	-12.0391	0	0.0237664	sas_voromqa	828.035	1986.2
6yyx-1-6yyx_A-1-6yyx_B-1__receptor.pdb	6yyx-1-6yyx_A-1-6yyx_B-1__ligand.sdf	3420	124	793.977	12.5584	12.5584	793.977	12.5584	0	0.0158171	sas_voromqa	793.977	3106.69
6yzf-1-6yzf_CCC-1-6yzf_FFF-1__receptor.pdb	6yzf-1-6yzf_CCC-1-6yzf_FFF-1__ligand.sdf	2083	26	380.114	-16.0754	-35.8772	364.997	-26.8495	0	-0.042291	sas_voromqa	380.114	799.507
6yzh-1-6yzh_A-1-6yzh_D-1__receptor.pdb	6yzh-1-6yzh_A-1-6yzh_D-1__ligand.sdf	2878	80	679.648	49.629	49.629	679.648	49.629	0	0.0730216	sas_voromqa	679.648	2064.22
6z00-1-6z00_A-1-6z00_C-1__receptor.pdb	6z00-1-6z00_A-1-6z00_C-1__ligand.sdf	1240	88	423.907	-23.5843	-26.0497	422.025	-24.9257	0	-0.0556356	sas_voromqa	423.907	2030.31
6z13-1-6z13_V-1-6z13_P-1__receptor.pdb	6z13-1-6z13_V-1-6z13_P-1__ligand.sdf	771	136	1457.74	116.714	116.714	1457.74	116.714	0	0.080065	sas_voromqa	1457.74	3705.12
6z1h-1-6z1h_A-1-6z1h_C-1__receptor.pdb	6z1h-1-6z1h_A-1-6z1h_C-1__ligand.sdf	3110	90	1281.24	101.749	101.749	1281.24	101.749	0	0.0794145	sas_voromqa	1281.24	2950.42
6z1h-1-6z1h_B-1-6z1h_D-1__receptor.pdb	6z1h-1-6z1h_B-1-6z1h_D-1__ligand.sdf	3046	65	948.522	65.8276	65.8276	948.522	65.8276	0	0.0694002	sas_voromqa	948.522	2130.33
6z2p-1-6z2p_A-1-6z2p_C-1__receptor.pdb	6z2p-1-6z2p_A-1-6z2p_C-1__ligand.sdf	2767	91	824.455	31.617	31.617	824.455	31.617	0	0.038349	sas_voromqa	824.455	2383.6
6z2q-1-6z2q_A-1-6z2q_D-1__receptor.pdb	6z2q-1-6z2q_A-1-6z2q_D-1__ligand.sdf	2742	37	205.326	11.312	11.312	205.326	11.312	0	0.0550929	sas_voromqa	205.326	857.707
6z3r-1-6z3r_A-1-6z3r_E-1__receptor.pdb	6z3r-1-6z3r_A-1-6z3r_E-1__ligand.sdf	13704	43	519.914	40.2237	40.2237	519.914	40.2237	0	0.0773661	sas_voromqa	519.914	1320.31
6z3t-1-6z3t_A-1-6z3t_C-1__receptor.pdb	6z3t-1-6z3t_A-1-6z3t_C-1__ligand.sdf	2977	100	1150.68	97.478	97.478	1150.68	97.478	0	0.0847134	sas_voromqa	1150.68	2881.16
6z7w-1-6z7w_A-1-6z7w_I-1__receptor.pdb	6z7w-1-6z7w_A-1-6z7w_I-1__ligand.sdf	1672	126	1661.74	168.532	168.532	1661.74	168.532	0	0.101419	sas_voromqa	1661.74	3769.1
6z7w-1-6z7w_B-1-6z7w_I-1__receptor.pdb	6z7w-1-6z7w_B-1-6z7w_I-1__ligand.sdf	1641	126	1546.6	117.464	117.464	1546.6	117.464	0	0.0759498	sas_voromqa	1546.6	3705.94
6z7w-1-6z7w_J-1-6z7w_I-1__receptor.pdb	6z7w-1-6z7w_J-1-6z7w_I-1__ligand.sdf	190	126	1486.21	118.338	118.338	1486.21	118.338	0	0.079624	sas_voromqa	1486.21	3626.01
6z7w-4-6z7w_E-1-6z7w_M-1__receptor.pdb	6z7w-4-6z7w_E-1-6z7w_M-1__ligand.sdf	1672	163	1841.18	67.7742	67.7742	1841.18	67.7742	0	0.0368102	sas_voromqa	1841.18	4606.71
6zbr-1-6zbr_W-1-6zbr_P-1__receptor.pdb	6zbr-1-6zbr_W-1-6zbr_P-1__ligand.sdf	771	127	1155.74	100.665	100.665	1155.74	100.665	0	0.0871	sas_voromqa	1155.74	3251.48
6zbt-1-6zbt_A-1-6zbt_E-1__receptor.pdb	6zbt-1-6zbt_A-1-6zbt_E-1__ligand.sdf	1802	49	550.652	59.4594	57.7278	549.331	58.5173	0	0.10798	sas_voromqa	550.652	1420.84
6zbx-2-6zbx_B-1-6zbx_E-1__receptor.pdb	6zbx-2-6zbx_B-1-6zbx_E-1__ligand.sdf	2668	20	349.718	24.1404	24.1404	349.718	24.1404	0	0.0690282	sas_voromqa	349.718	707.779
6zfm-1-6zfm_A-1-6zfm_C-1__receptor.pdb	6zfm-1-6zfm_A-1-6zfm_C-1__ligand.sdf	541	89	1102.31	214.739	214.739	1102.31	214.739	0	0.194808	sas_voromqa	1102.31	2577.56
6zfm-1-6zfm_B-1-6zfm_C-1__receptor.pdb	6zfm-1-6zfm_B-1-6zfm_C-1__ligand.sdf	488	89	992.224	134.255	134.255	992.224	134.255	0	0.135307	sas_voromqa	992.224	2495.86
6zhx-1-6zhx_D-1-6zhx_L-1__receptor.pdb	6zhx-1-6zhx_D-1-6zhx_L-1__ligand.sdf	745	29	527.095	-16.8044	-16.8044	527.095	-16.8044	0	-0.0318812	sas_voromqa	527.095	1026.28
6zjg-1-6zjg_LLL-1-6zjg_CCC-1__receptor.pdb	6zjg-1-6zjg_LLL-1-6zjg_CCC-1__ligand.sdf	1610	65	1002.08	5.50143	5.50143	1002.08	5.50143	0	0.00549001	sas_voromqa	1002.08	2078.74
6zkv-1-6zkv_M-1-6zkv_V-1__receptor.pdb	6zkv-1-6zkv_M-1-6zkv_V-1__ligand.sdf	3601	149	2100.28	185.513	185.513	2100.28	185.513	0	0.0883277	sas_voromqa	2100.28	4626.67
6zkv-1-6zkv_N-1-6zkv_V-1__receptor.pdb	6zkv-1-6zkv_N-1-6zkv_V-1__ligand.sdf	2723	149	1743.71	115.729	115.729	1743.71	115.729	0	0.0663694	sas_voromqa	1743.71	4354.37
6zkv-1-6zkv_W-1-6zkv_V-1__receptor.pdb	6zkv-1-6zkv_W-1-6zkv_V-1__ligand.sdf	1155	149	2053.9	183.164	183.164	2053.9	183.164	0	0.0891786	sas_voromqa	2053.9	4572.88
6zkx-1-6zkx_D-1-6zkx_C-1__receptor.pdb	6zkx-1-6zkx_D-1-6zkx_C-1__ligand.sdf	1435	82	1558.31	103.433	103.433	1558.31	103.433	0	0.0663751	sas_voromqa	1558.31	2926.66
6zkx-1-6zkx_E-1-6zkx_C-1__receptor.pdb	6zkx-1-6zkx_E-1-6zkx_C-1__ligand.sdf	1935	82	1638.79	104.927	104.927	1638.79	104.927	0	0.0640271	sas_voromqa	1638.79	2985.03
6zmp-1-6zmp_A-1-6zmp_C-1__receptor.pdb	6zmp-1-6zmp_A-1-6zmp_C-1__ligand.sdf	1564	85	397.198	-75.7625	-83.4555	391.325	-79.9483	0	-0.190742	sas_voromqa	397.198	1901.83
6zqs-1-6zqs_A-1-6zqs_B-1__receptor.pdb	6zqs-1-6zqs_A-1-6zqs_B-1__ligand.sdf	2756	103	950.814	-2.83514	-2.83514	950.814	-2.83514	0	-0.0029818	sas_voromqa	950.814	2691.29
6zuf-1-6zuf_A-1-6zuf_C-1__receptor.pdb	6zuf-1-6zuf_A-1-6zuf_C-1__ligand.sdf	1232	99	939.131	38.5455	38.5455	939.131	38.5455	0	0.0410438	sas_voromqa	939.131	2752.1
6zvf-1-6zvf_H-1-6zvf_P-1__receptor.pdb	6zvf-1-6zvf_H-1-6zvf_P-1__ligand.sdf	1654	64	671.911	27.4829	27.4829	671.911	27.4829	0	0.0409026	sas_voromqa	671.911	1747.73
6zvf-1-6zvf_L-1-6zvf_P-1__receptor.pdb	6zvf-1-6zvf_L-1-6zvf_P-1__ligand.sdf	1682	64	839.87	44.8156	44.8156	839.87	44.8156	0	0.0533602	sas_voromqa	839.87	1864.05
6zvn-1-6zvn_AAA-1-6zvn_BBB-1__receptor.pdb	6zvn-1-6zvn_AAA-1-6zvn_BBB-1__ligand.sdf	3444	120	937.329	-7.2511	-7.2511	937.329	-7.2511	0	-0.00773592	sas_voromqa	937.329	3097.35
6zwk-1-6zwk_A-1-6zwk_G-1__receptor.pdb	6zwk-1-6zwk_A-1-6zwk_G-1__ligand.sdf	976	49	496.76	-13.408	-13.4081	496.76	-13.4081	0	-0.0269909	sas_voromqa	496.76	1279.66
7a1i-1-7a1i_A-1-7a1i_B-1__receptor.pdb	7a1i-1-7a1i_A-1-7a1i_B-1__ligand.sdf	841	49	543.289	48.8214	48.8214	543.289	48.8214	0	0.0898627	sas_voromqa	543.289	1401.31
7a1q-1-7a1q_A-1-7a1q_B-1__receptor.pdb	7a1q-1-7a1q_A-1-7a1q_B-1__ligand.sdf	2746	125	1101.32	-51.7635	-51.7635	1101.32	-51.7635	0	-0.0470013	sas_voromqa	1101.32	3348.18
7a1q-1-7a1q_A-1-7a1q_B-2__receptor.pdb	7a1q-1-7a1q_A-1-7a1q_B-2__ligand.sdf	2746	125	2019.62	-37.7043	-37.7043	2019.62	-37.7043	0	-0.018669	sas_voromqa	2019.62	4076.01
7a2x-1-7a2x_A-1-7a2x_B-1__receptor.pdb	7a2x-1-7a2x_A-1-7a2x_B-1__ligand.sdf	482	96	1046.43	-41.8702	-41.8702	1046.43	-41.8702	0	-0.0400124	sas_voromqa	1046.43	2676.44
7a5m-1-7a5m_A-1-7a5m_B-1__receptor.pdb	7a5m-1-7a5m_A-1-7a5m_B-1__ligand.sdf	883	51	479.495	65.7022	65.7022	479.495	65.7022	0	0.137024	sas_voromqa	479.495	1332.99
7a5m-1-7a5m_A-1-7a5m_C-1__receptor.pdb	7a5m-1-7a5m_A-1-7a5m_C-1__ligand.sdf	883	51	483.433	63.0277	60.3596	481.396	61.576	0	0.130375	sas_voromqa	483.433	1343.85
7a77-1-7a77_A-1-7a77_B-1__receptor.pdb	7a77-1-7a77_A-1-7a77_B-1__ligand.sdf	1769	99	950.29	-57.6875	-57.6875	950.29	-57.6875	0	-0.0607052	sas_voromqa	950.29	2681.09
7a78-1-7a78_A-1-7a78_B-1__receptor.pdb	7a78-1-7a78_A-1-7a78_B-1__ligand.sdf	1676	105	959.369	-33.3606	-33.3606	959.369	-33.3606	0	-0.0347735	sas_voromqa	959.369	2775.84
7a79-1-7a79_A-1-7a79_C-1__receptor.pdb	7a79-1-7a79_A-1-7a79_C-1__ligand.sdf	1694	105	1004.25	-53.3247	-53.3247	1004.25	-53.3247	0	-0.053099	sas_voromqa	1004.25	2821.01
7aam-1-7aam_A-1-7aam_C-1__receptor.pdb	7aam-1-7aam_A-1-7aam_C-1__ligand.sdf	2331	109	1484.9	43.2751	43.2751	1484.9	43.2751	0	0.0291434	sas_voromqa	1484.9	3268.34
7aam-1-7aam_B-1-7aam_C-1__receptor.pdb	7aam-1-7aam_B-1-7aam_C-1__ligand.sdf	2293	109	1544.43	113.484	113.484	1544.43	113.484	0	0.0734795	sas_voromqa	1544.43	3366.15
7agc-1-7agc_A-1-7agc_I-1__receptor.pdb	7agc-1-7agc_A-1-7agc_I-1__ligand.sdf	2526	52	243.242	19.6132	19.6132	243.242	19.6132	0	0.0806325	sas_voromqa	243.242	1241.58
7ajz-1-7ajz_A-1-7ajz_C-1__receptor.pdb	7ajz-1-7ajz_A-1-7ajz_C-1__ligand.sdf	3916	51	651.473	-25.2957	-25.2957	651.473	-25.2957	0	-0.0388285	sas_voromqa	651.473	1497.61
7ako-1-7ako_A-1-7ako_C-1__receptor.pdb	7ako-1-7ako_A-1-7ako_C-1__ligand.sdf	2196	80	844.863	-39.5745	-42.0398	842.981	-40.9158	0	-0.0468413	sas_voromqa	844.863	2264.99
7aks-1-7aks_AAA-1-7aks_BaB-1__receptor.pdb	7aks-1-7aks_AAA-1-7aks_BaB-1__ligand.sdf	2496	89	760.278	76.7928	76.7928	760.278	76.7928	0	0.101006	sas_voromqa	760.278	2243.4
7al2-1-7al2_A-1-7al2_B-1__receptor.pdb	7al2-1-7al2_A-1-7al2_B-1__ligand.sdf	663	83	778.011	88.9165	88.9165	778.011	88.9165	0	0.114287	sas_voromqa	778.011	2197.5
7al2-1-7al2_A-1-7al2_B-2__receptor.pdb	7al2-1-7al2_A-1-7al2_B-2__ligand.sdf	663	83	1307.62	4.80363	4.80363	1307.62	4.80363	0	0.00367357	sas_voromqa	1307.62	2648.64
7aqr-1-7aqr_V-1-7aqr_r-1__receptor.pdb	7aqr-1-7aqr_V-1-7aqr_r-1__ligand.sdf	1123	89	1117.34	-54.3376	-54.3376	1117.34	-54.3376	0	-0.0486312	sas_voromqa	1117.34	2642.19
7arx-1-7arx_B-1-7arx_C-1__receptor.pdb	7arx-1-7arx_B-1-7arx_C-1__ligand.sdf	1799	72	523.851	65.3191	65.3191	523.851	65.3191	0	0.12469	sas_voromqa	523.851	1808.87
7atr-1-7atr_A-1-7atr_B-1__receptor.pdb	7atr-1-7atr_A-1-7atr_B-1__ligand.sdf	4747	94	425.25	17.2323	17.2323	425.25	17.2323	0	0.0405228	sas_voromqa	425.25	2175.43
7b1h-1-7b1h_A-1-7b1h_C-1__receptor.pdb	7b1h-1-7b1h_A-1-7b1h_C-1__ligand.sdf	978	145	1591.15	148.527	146.974	1589.97	147.682	0	0.0933457	sas_voromqa	1591.15	4144.19
7b1h-1-7b1h_A-1-7b1h_D-1__receptor.pdb	7b1h-1-7b1h_A-1-7b1h_D-1__ligand.sdf	978	159	1571.08	86.7135	81.9657	1567.46	84.1302	0	0.0551936	sas_voromqa	1571.08	4387.1
7b4t-1-7b4t_A-1-7b4t_B-1__receptor.pdb	7b4t-1-7b4t_A-1-7b4t_B-1__ligand.sdf	1213	113	825.396	11.2186	11.2186	825.396	11.2186	0	0.0135918	sas_voromqa	825.396	2873.68
7b4v-1-7b4v_C-1-7b4v_D-1__receptor.pdb	7b4v-1-7b4v_C-1-7b4v_D-1__ligand.sdf	926	113	883.146	17.7391	17.7391	883.146	17.7391	0	0.0200863	sas_voromqa	883.146	2851.84
7b4w-1-7b4w_A-1-7b4w_B-1__receptor.pdb	7b4w-1-7b4w_A-1-7b4w_B-1__ligand.sdf	1205	113	870.491	11.0171	11.0171	870.491	11.0171	0	0.0126562	sas_voromqa	870.491	2886.76
7b7u-1-7b7u_B-1-7b7u_N-1__receptor.pdb	7b7u-1-7b7u_B-1-7b7u_N-1__ligand.sdf	7842	150	2631.83	217.171	217.171	2631.83	217.171	0	0.0825171	sas_voromqa	2631.83	5096.48
7b7u-1-7b7u_M-1-7b7u_N-1__receptor.pdb	7b7u-1-7b7u_M-1-7b7u_N-1__ligand.sdf	880	150	2260.15	205.606	205.606	2260.15	205.606	0	0.0909701	sas_voromqa	2260.15	4812.16
7bag-1-7bag_A-1-7bag_C-1__receptor.pdb	7bag-1-7bag_A-1-7bag_C-1__ligand.sdf	4992	153	1366.33	65.5164	65.5164	1366.33	65.5164	0	0.0479506	sas_voromqa	1366.33	3999.76
7bbg-1-7bbg_H-1-7bbg_C-1__receptor.pdb	7bbg-1-7bbg_H-1-7bbg_C-1__ligand.sdf	1603	77	1307.1	211.524	211.524	1307.1	211.524	0	0.161827	sas_voromqa	1307.1	2576.46
7bbg-1-7bbg_L-1-7bbg_C-1__receptor.pdb	7bbg-1-7bbg_L-1-7bbg_C-1__ligand.sdf	1633	77	1291.64	155.726	155.726	1291.64	155.726	0	0.120565	sas_voromqa	1291.64	2568.8
7bbp-1-7bbp_AAA-1-7bbp_GGG-1__receptor.pdb	7bbp-1-7bbp_AAA-1-7bbp_GGG-1__ligand.sdf	972	59	900.88	-9.22195	-9.22195	900.88	-9.22195	0	-0.0102366	sas_voromqa	900.88	1949.68
7bf1-1-7bf1_AAA-1-7bf1_CCC-1__receptor.pdb	7bf1-1-7bf1_AAA-1-7bf1_CCC-1__ligand.sdf	1151	158	1298.05	-84.8164	-84.8164	1298.05	-84.8164	0	-0.0653414	sas_voromqa	1298.05	4161.62
7bf1-1-7bf1_AAA-1-7bf1_DDD-1__receptor.pdb	7bf1-1-7bf1_AAA-1-7bf1_DDD-1__ligand.sdf	1151	97	780.065	0.239167	0.239167	780.065	0.239167	0	0.000306599	sas_voromqa	780.065	2603.01
7bf2-1-7bf2_AAA-1-7bf2_CCC-1__receptor.pdb	7bf2-1-7bf2_AAA-1-7bf2_CCC-1__ligand.sdf	1129	135	1349.52	-103.527	-103.527	1349.52	-103.527	0	-0.0767139	sas_voromqa	1349.52	3754.73
7bh8-1-7bh8_E-1-7bh8_Q-1__receptor.pdb	7bh8-1-7bh8_E-1-7bh8_Q-1__ligand.sdf	1649	69	1239.52	9.75015	9.75015	1239.52	9.75015	0	0.00786607	sas_voromqa	1239.52	2413.8
7boc-1-7boc_A-1-7boc_B-1__receptor.pdb	7boc-1-7boc_A-1-7boc_B-1__ligand.sdf	1741	103	1128.85	-75.315	-75.315	1128.85	-75.315	0	-0.0667183	sas_voromqa	1128.85	2834.6
7bp6-1-7bp6_D-1-7bp6_A-1__receptor.pdb	7bp6-1-7bp6_D-1-7bp6_A-1__ligand.sdf	686	56	756.441	-154.94	-154.94	756.441	-154.94	0	-0.204828	sas_voromqa	756.441	1642.18
7bph-1-7bph_A-1-7bph_B-1__receptor.pdb	7bph-1-7bph_A-1-7bph_B-1__ligand.sdf	2966	117	939.507	166.316	166.316	939.507	166.316	0	0.177025	sas_voromqa	939.507	2987.73
7bre-1-7bre_B-1-7bre_C-1__receptor.pdb	7bre-1-7bre_B-1-7bre_C-1__ligand.sdf	1312	179	1998.82	-171.39	-171.39	1998.82	-171.39	0	-0.0857456	sas_voromqa	1998.82	5007.4
7bxv-1-7bxv_H-1-7bxv_A-1__receptor.pdb	7bxv-1-7bxv_H-1-7bxv_A-1__ligand.sdf	1657	48	486.44	13.1389	13.1389	486.44	13.1389	0	0.0270103	sas_voromqa	486.44	1271.02
7bxv-1-7bxv_L-1-7bxv_A-1__receptor.pdb	7bxv-1-7bxv_L-1-7bxv_A-1__ligand.sdf	1660	48	584.787	73.4054	73.4054	584.787	73.4054	0	0.125525	sas_voromqa	584.787	1385.32
7byd-1-7byd_A-1-7byd_C-1__receptor.pdb	7byd-1-7byd_A-1-7byd_C-1__ligand.sdf	2256	37	152.349	3.81892	3.81892	152.349	3.81892	0	0.0250669	sas_voromqa	152.349	935.253
7c0i-1-7c0i_A-1-7c0i_D-1__receptor.pdb	7c0i-1-7c0i_A-1-7c0i_D-1__ligand.sdf	479	123	1141.44	-55.1119	-100.78	1106.58	-79.9601	0	-0.0482828	sas_voromqa	1141.44	2998.12
7c41-1-7c41_A-1-7c41_D-1__receptor.pdb	7c41-1-7c41_A-1-7c41_D-1__ligand.sdf	1337	79	625.463	21.4532	21.4532	625.463	21.4532	0	0.0342997	sas_voromqa	625.463	1987.19
7c94-1-7c94_B-1-7c94_C-1__receptor.pdb	7c94-1-7c94_B-1-7c94_C-1__ligand.sdf	1675	62	603.572	-24.0784	-24.0784	603.572	-24.0784	0	-0.0398932	sas_voromqa	603.572	1683.49
7cce-1-7cce_A-1-7cce_P-1__receptor.pdb	7cce-1-7cce_A-1-7cce_P-1__ligand.sdf	1314	83	897.495	3.95487	3.95487	897.495	3.95487	0	0.00440656	sas_voromqa	897.495	2369.12
7cfc-1-7cfc_A-1-7cfc_F-1__receptor.pdb	7cfc-1-7cfc_A-1-7cfc_F-1__ligand.sdf	1407	90	730.374	-79.3476	-79.3476	730.374	-79.3476	0	-0.10864	sas_voromqa	730.374	2338.15
7cfd-1-7cfd_B-1-7cfd_I-1__receptor.pdb	7cfd-1-7cfd_B-1-7cfd_I-1__ligand.sdf	1460	32	379.733	-30.4315	-30.4315	379.733	-30.4315	0	-0.0801392	sas_voromqa	379.733	947.777
7ci2-1-7ci2_A-1-7ci2_C-1__receptor.pdb	7ci2-1-7ci2_A-1-7ci2_C-1__ligand.sdf	2478	146	1532.74	150.726	150.726	1532.74	150.726	0	0.0983376	sas_voromqa	1532.74	4270.3
7cjb-2-7cjb_E-1-7cjb_H-1__receptor.pdb	7cjb-2-7cjb_E-1-7cjb_H-1__ligand.sdf	1214	64	686.342	98.9737	98.9737	686.342	98.9737	0	0.144205	sas_voromqa	686.342	1758.85
7cmz-1-7cmz_A-1-7cmz_B-1__receptor.pdb	7cmz-1-7cmz_A-1-7cmz_B-1__ligand.sdf	1734	119	1064.63	88.5354	88.5354	1064.63	88.5354	0	0.0831607	sas_voromqa	1064.63	3141.79
7cna-1-7cna_A-1-7cna_C-1__receptor.pdb	7cna-1-7cna_A-1-7cna_C-1__ligand.sdf	1629	101	827.412	15.5487	15.5487	827.412	15.5487	0	0.018792	sas_voromqa	827.412	2712.71
7cnu-1-7cnu_A-1-7cnu_C-1__receptor.pdb	7cnu-1-7cnu_A-1-7cnu_C-1__ligand.sdf	708	71	761.078	-27.9365	-27.9365	761.078	-27.9365	0	-0.0367065	sas_voromqa	761.078	1981.7
7co3-1-7co3_A-1-7co3_C-1__receptor.pdb	7co3-1-7co3_A-1-7co3_C-1__ligand.sdf	2174	32	144.277	34.3844	34.3844	144.277	34.3844	0	0.238322	sas_voromqa	144.277	737.771
7co5-1-7co5_D-1-7co5_K-1__receptor.pdb	7co5-1-7co5_D-1-7co5_K-1__ligand.sdf	2388	86	1325.13	114.567	114.567	1325.13	114.567	0	0.0864572	sas_voromqa	1325.13	2727.9
7cpo-1-7cpo_A-1-7cpo_C-1__receptor.pdb	7cpo-1-7cpo_A-1-7cpo_C-1__ligand.sdf	2269	73	352.507	22.9731	22.9731	352.507	22.9731	0	0.0651706	sas_voromqa	352.507	1680.98
7d0e-1-7d0e_A-1-7d0e_B-1__receptor.pdb	7d0e-1-7d0e_A-1-7d0e_B-1__ligand.sdf	791	89	999.871	-152.274	-157.344	995.999	-155.033	0	-0.152294	sas_voromqa	999.871	2483.44
7d6r-1-7d6r_A-1-7d6r_G-1__receptor.pdb	7d6r-1-7d6r_A-1-7d6r_G-1__ligand.sdf	2200	50	449.585	-79.3376	-79.3376	449.585	-79.3376	0	-0.176469	sas_voromqa	449.585	1337.21
7d6r-1-7d6r_D-1-7d6r_G-1__receptor.pdb	7d6r-1-7d6r_D-1-7d6r_G-1__ligand.sdf	541	50	847.673	-152.458	-152.458	847.673	-152.458	0	-0.179855	sas_voromqa	847.673	1663.95
7d8a-1-7d8a_A-1-7d8a_E-1__receptor.pdb	7d8a-1-7d8a_A-1-7d8a_E-1__ligand.sdf	1542	73	578.616	46.9819	46.9819	578.616	46.9819	0	0.081197	sas_voromqa	578.616	1895.87
7d8d-1-7d8d_A-1-7d8d_D-1__receptor.pdb	7d8d-1-7d8d_A-1-7d8d_D-1__ligand.sdf	1831	49	391.283	7.55466	7.55466	391.283	7.55466	0	0.0193074	sas_voromqa	391.283	1279.27
7dc6-1-7dc6_A-1-7dc6_E-1__receptor.pdb	7dc6-1-7dc6_A-1-7dc6_E-1__ligand.sdf	2242	79	258.283	53.3471	53.3471	258.283	53.3471	0	0.206545	sas_voromqa	258.283	1668.53
7dd1-1-7dd1_A-1-7dd1_B-1__receptor.pdb	7dd1-1-7dd1_A-1-7dd1_B-1__ligand.sdf	2848	45	523.754	-37.3349	-37.3349	523.754	-37.3349	0	-0.0712833	sas_voromqa	523.754	1369.46
7ddm-1-7ddm_A-1-7ddm_E-1__receptor.pdb	7ddm-1-7ddm_A-1-7ddm_E-1__ligand.sdf	1917	75	947.975	-52.5241	-52.5241	947.975	-52.5241	0	-0.0554066	sas_voromqa	947.975	2195.21
7de9-1-7de9_A-1-7de9_P-1__receptor.pdb	7de9-1-7de9_A-1-7de9_P-1__ligand.sdf	467	42	518.694	28.8378	28.8378	518.694	28.8378	0	0.0555969	sas_voromqa	518.694	1218.22
7dfc-1-7dfc_A-1-7dfc_V-1__receptor.pdb	7dfc-1-7dfc_A-1-7dfc_V-1__ligand.sdf	2729	146	1643.08	-164.09	-181.986	1629.42	-173.827	0	-0.0998673	sas_voromqa	1643.08	4107.18
7dne-1-7dne_A-1-7dne_C-1__receptor.pdb	7dne-1-7dne_A-1-7dne_C-1__ligand.sdf	1178	128	1072.64	-10.4713	-10.4713	1072.64	-10.4713	0	-0.00976218	sas_voromqa	1072.64	3290.21
7dnf-1-7dnf_C-1-7dnf_B-1__receptor.pdb	7dnf-1-7dnf_C-1-7dnf_B-1__ligand.sdf	1197	133	1415.09	13.0013	8.89798	1411.96	10.7687	0	0.00918761	sas_voromqa	1415.09	3713.43
7dng-1-7dng_A-1-7dng_B-1__receptor.pdb	7dng-1-7dng_A-1-7dng_B-1__ligand.sdf	1225	115	1025.39	4.16985	4.16985	1025.39	4.16985	0	0.0040666	sas_voromqa	1025.39	3058.33
7doh-1-7doh_H-1-7doh_I-1__receptor.pdb	7doh-1-7doh_H-1-7doh_I-1__ligand.sdf	1588	56	598.369	-28.4415	-28.4415	598.369	-28.4415	0	-0.0475317	sas_voromqa	598.369	1505.88
7doh-1-7doh_L-1-7doh_I-1__receptor.pdb	7doh-1-7doh_L-1-7doh_I-1__ligand.sdf	1702	56	483.637	-50.68	-50.68	483.637	-50.68	0	-0.104789	sas_voromqa	483.637	1399.88
7drp-1-7drp_A-1-7drp_E-1__receptor.pdb	7drp-1-7drp_A-1-7drp_E-1__ligand.sdf	2338	109	965.975	16.9978	-21.0479	936.931	-3.70288	0	0.0175965	sas_voromqa	965.975	2937.92
7drp-1-7drp_B-1-7drp_E-1__receptor.pdb	7drp-1-7drp_B-1-7drp_E-1__ligand.sdf	2203	109	1552.54	46.8597	-17	1503.79	12.1136	0	0.0301826	sas_voromqa	1552.54	3443.85
7ds4-1-7ds4_B-1-7ds4_C-1__receptor.pdb	7ds4-1-7ds4_B-1-7ds4_C-1__ligand.sdf	1841	111	1035.89	-18.1071	-18.1071	1035.89	-18.1071	0	-0.0174798	sas_voromqa	1035.89	3093.41
7ds6-1-7ds6_B-1-7ds6_C-1__receptor.pdb	7ds6-1-7ds6_B-1-7ds6_C-1__ligand.sdf	1871	131	1109.9	56.6698	56.6698	1109.9	56.6698	0	0.0510585	sas_voromqa	1109.9	3510.35
7du4-1-7du4_A-1-7du4_Q-1__receptor.pdb	7du4-1-7du4_A-1-7du4_Q-1__ligand.sdf	777	74	799.156	-52.4721	-52.4721	799.156	-52.4721	0	-0.0656594	sas_voromqa	799.156	2045.1
7du5-1-7du5_A-1-7du5_C-1__receptor.pdb	7du5-1-7du5_A-1-7du5_C-1__ligand.sdf	868	127	1149.74	62.8024	62.8024	1149.74	62.8024	0	0.0546231	sas_voromqa	1149.74	3240.36
7du5-1-7du5_B-1-7du5_C-1__receptor.pdb	7du5-1-7du5_B-1-7du5_C-1__ligand.sdf	878	127	1382.32	37.9189	37.9189	1382.32	37.9189	0	0.0274313	sas_voromqa	1382.32	3435.56
7dvq-1-7dvq_3-1-7dvq_y-1__receptor.pdb	7dvq-1-7dvq_3-1-7dvq_y-1__ligand.sdf	9341	105	1201.65	-69.9197	-69.9197	1201.65	-69.9197	0	-0.0581864	sas_voromqa	1201.65	3084.6
7dw9-1-7dw9_R-1-7dw9_C-1__receptor.pdb	7dw9-1-7dw9_R-1-7dw9_C-1__ligand.sdf	2177	75	176.427	5.41322	5.41322	176.427	5.41322	0	0.0306825	sas_voromqa	176.427	1643.35
7dzm-1-7dzm_D-1-7dzm_C-1__receptor.pdb	7dzm-1-7dzm_D-1-7dzm_C-1__ligand.sdf	1919	71	1186.27	-30.8964	-30.8964	1186.27	-30.8964	0	-0.026045	sas_voromqa	1186.27	2357.18
7dzm-1-7dzm_E-1-7dzm_C-1__receptor.pdb	7dzm-1-7dzm_E-1-7dzm_C-1__ligand.sdf	1566	71	1196.17	-4.59546	-4.59546	1196.17	-4.59546	0	-0.00384181	sas_voromqa	1196.17	2348.17
7e5e-1-7e5e_A-1-7e5e_E-1__receptor.pdb	7e5e-1-7e5e_A-1-7e5e_E-1__ligand.sdf	2778	133	968.269	90.0889	90.0889	968.269	90.0889	0	0.0930412	sas_voromqa	968.269	3263.01
7e6p-1-7e6p_H-1-7e6p_A-1__receptor.pdb	7e6p-1-7e6p_H-1-7e6p_A-1__ligand.sdf	1644	102	1061.64	78.3374	78.3374	1061.64	78.3374	0	0.073789	sas_voromqa	1061.64	2875.87
7e6p-1-7e6p_L-1-7e6p_A-1__receptor.pdb	7e6p-1-7e6p_L-1-7e6p_A-1__ligand.sdf	1689	102	1254.51	110.692	110.692	1254.51	110.692	0	0.0882352	sas_voromqa	1254.51	3032.14
7e7c-1-7e7c_A-1-7e7c_B-1__receptor.pdb	7e7c-1-7e7c_A-1-7e7c_B-1__ligand.sdf	1229	33	340.112	7.58927	7.58927	340.112	7.58927	0	0.022314	sas_voromqa	340.112	936.915
7e9l-1-7e9l_A-1-7e9l_C-1__receptor.pdb	7e9l-1-7e9l_A-1-7e9l_C-1__ligand.sdf	4211	134	1721.85	-20.7632	-20.7632	1721.85	-20.7632	0	-0.0120587	sas_voromqa	1721.85	3948.74
7e9l-1-7e9l_B-1-7e9l_C-1__receptor.pdb	7e9l-1-7e9l_B-1-7e9l_C-1__ligand.sdf	4108	134	2122.47	46.6947	46.6947	2122.47	46.6947	0	0.0220002	sas_voromqa	2122.47	4216.66
7e9s-1-7e9s_A-1-7e9s_B-1__receptor.pdb	7e9s-1-7e9s_A-1-7e9s_B-1__ligand.sdf	6970	62	380.444	26.029	26.029	380.444	26.029	0	0.0684174	sas_voromqa	380.444	1522.02
7ea1-1-7ea1_A-1-7ea1_B-1__receptor.pdb	7ea1-1-7ea1_A-1-7ea1_B-1__ligand.sdf	1615	47	598.196	-43.8886	-43.8886	598.196	-43.8886	0	-0.0733683	sas_voromqa	598.196	1440.55
7ea1-2-7ea1_C-1-7ea1_D-1__receptor.pdb	7ea1-2-7ea1_C-1-7ea1_D-1__ligand.sdf	1486	20	289.386	16.0869	16.0869	289.386	16.0869	0	0.0555898	sas_voromqa	289.386	658.376
7ebk-1-7ebk_A-1-7ebk_B-1__receptor.pdb	7ebk-1-7ebk_A-1-7ebk_B-1__ligand.sdf	1472	88	1055.81	-6.00135	-6.00135	1055.81	-6.00135	0	-0.00568412	sas_voromqa	1055.81	2626.42
7edo-1-7edo_A-1-7edo_C-1__receptor.pdb	7edo-1-7edo_A-1-7edo_C-1__ligand.sdf	2263	64	322.285	67.6783	67.6783	322.285	67.6783	0	0.209995	sas_voromqa	322.285	1498.5
7eeb-1-7eeb_M-1-7eeb_N-1__receptor.pdb	7eeb-1-7eeb_M-1-7eeb_N-1__ligand.sdf	946	140	1876.25	168.31	168.31	1876.25	168.31	0	0.0897055	sas_voromqa	1876.25	4203.06
7ef0-1-7ef0_A-1-7ef0_P-1__receptor.pdb	7ef0-1-7ef0_A-1-7ef0_P-1__ligand.sdf	1192	102	1277.49	44.3394	44.3394	1277.49	44.3394	0	0.0347082	sas_voromqa	1277.49	3063.13
7egu-1-7egu_A-1-7egu_B-1__receptor.pdb	7egu-1-7egu_A-1-7egu_B-1__ligand.sdf	1935	90	88.3857	17.6747	17.6747	88.3857	17.6747	0	0.199972	sas_voromqa	88.3857	1757.8
7ei2-1-7ei2_A-1-7ei2_B-1__receptor.pdb	7ei2-1-7ei2_A-1-7ei2_B-1__ligand.sdf	1801	82	391.158	134.084	134.084	391.158	134.084	0	0.342787	sas_voromqa	391.158	1894.1
7eib-1-7eib_A-1-7eib_D-1__receptor.pdb	7eib-1-7eib_A-1-7eib_D-1__ligand.sdf	2419	74	161.564	-6.44784	-6.44784	161.564	-6.44784	0	-0.0399089	sas_voromqa	161.564	1507.55
7emd-1-7emd_A-1-7emd_C-1__receptor.pdb	7emd-1-7emd_A-1-7emd_C-1__ligand.sdf	2239	80	423.7	156.504	156.504	423.7	156.504	0	0.369375	sas_voromqa	423.7	1863.44
7ep7-1-7ep7_A-1-7ep7_B-1__receptor.pdb	7ep7-1-7ep7_A-1-7ep7_B-1__ligand.sdf	2410	116	798.279	-25.8917	-25.8917	798.279	-25.8917	0	-0.0324344	sas_voromqa	798.279	2951.6
7etv-1-7etv_A-1-7etv_B-1__receptor.pdb	7etv-1-7etv_A-1-7etv_B-1__ligand.sdf	969	39	318.526	78.8951	78.8951	318.526	78.8951	0	0.247688	sas_voromqa	318.526	986.095
7ev6-1-7ev6_A-1-7ev6_S-1__receptor.pdb	7ev6-1-7ev6_A-1-7ev6_S-1__ligand.sdf	4560	42	221.29	-2.83915	-2.83915	221.29	-2.83915	0	-0.01283	sas_voromqa	221.29	943.061
7evs-1-7evs_A-1-7evs_C-1__receptor.pdb	7evs-1-7evs_A-1-7evs_C-1__ligand.sdf	773	86	950.472	15.2092	15.2092	950.472	15.2092	0	0.0160017	sas_voromqa	950.472	2418.75
7exe-1-7exe_A-1-7exe_C-1__receptor.pdb	7exe-1-7exe_A-1-7exe_C-1__ligand.sdf	1799	105	1545.63	6.14303	-0.42773	1540.62	2.56788	0	0.00397445	sas_voromqa	1545.63	3213.28
7eyc-1-7eyc_H-1-7eyc_P-1__receptor.pdb	7eyc-1-7eyc_H-1-7eyc_P-1__ligand.sdf	1600	61	837.351	15.0569	15.0569	837.351	15.0569	0	0.0179816	sas_voromqa	837.351	1891.77
7eyc-1-7eyc_L-1-7eyc_P-1__receptor.pdb	7eyc-1-7eyc_L-1-7eyc_P-1__ligand.sdf	1673	61	710.468	-4.29298	-4.29298	710.468	-4.29298	0	-0.00604247	sas_voromqa	710.468	1793.02
7ezw-1-7ezw_A-1-7ezw_B-1__receptor.pdb	7ezw-1-7ezw_A-1-7ezw_B-1__ligand.sdf	1449	82	580.779	-46.8193	-46.8193	580.779	-46.8193	0	-0.0806147	sas_voromqa	580.779	2075.17
7f0c-1-7f0c_A-1-7f0c_C-1__receptor.pdb	7f0c-1-7f0c_A-1-7f0c_C-1__ligand.sdf	2116	47	298.37	6.03168	6.03168	298.37	6.03168	0	0.0202154	sas_voromqa	298.37	1101.37
7f2o-1-7f2o_R-1-7f2o_D-1__receptor.pdb	7f2o-1-7f2o_R-1-7f2o_D-1__ligand.sdf	2308	76	160.339	-4.68725	-4.68725	160.339	-4.68725	0	-0.0292334	sas_voromqa	160.339	1574.06
7f4e-1-7f4e_A-1-7f4e_C-1__receptor.pdb	7f4e-1-7f4e_A-1-7f4e_C-1__ligand.sdf	2223	70	807.548	13.1771	13.1771	807.548	13.1771	0	0.0163174	sas_voromqa	807.548	2008.35
7f4h-1-7f4h_R-1-7f4h_F-1__receptor.pdb	7f4h-1-7f4h_R-1-7f4h_F-1__ligand.sdf	2054	101	672.327	1.297	1.297	672.327	1.297	0	0.00192912	sas_voromqa	672.327	2513.6
7f4v-1-7f4v_aF-1-7f4v_aJ-1__receptor.pdb	7f4v-1-7f4v_aF-1-7f4v_aJ-1__ligand.sdf	1182	204	2627.25	217.571	217.571	2627.25	217.571	0	0.0828132	sas_voromqa	2627.25	6221.08
7f53-1-7f53_R-1-7f53_L-1__receptor.pdb	7f53-1-7f53_R-1-7f53_L-1__ligand.sdf	2133	114	834.358	32.1753	32.1753	834.358	32.1753	0	0.0385629	sas_voromqa	834.358	2888.04
7f66-1-7f66_S-1-7f66_O-1__receptor.pdb	7f66-1-7f66_S-1-7f66_O-1__ligand.sdf	2210	70	999.15	87.0788	87.0788	999.15	87.0788	0	0.0871529	sas_voromqa	999.15	2204.3
7f6g-1-7f6g_A-1-7f6g_L-1__receptor.pdb	7f6g-1-7f6g_A-1-7f6g_L-1__ligand.sdf	2520	72	113.296	11.6204	11.6204	113.296	11.6204	0	0.102567	sas_voromqa	113.296	1527.08
7f6h-1-7f6h_A-1-7f6h_L-1__receptor.pdb	7f6h-1-7f6h_A-1-7f6h_L-1__ligand.sdf	2448	75	159.037	0.201801	0.201801	159.037	0.201801	0	0.00126889	sas_voromqa	159.037	1589.75
7f6i-1-7f6i_A-1-7f6i_L-1__receptor.pdb	7f6i-1-7f6i_A-1-7f6i_L-1__ligand.sdf	2448	84	165.045	8.17755	8.17755	165.045	8.17755	0	0.0495474	sas_voromqa	165.045	1796.53
7f87-1-7f87_A-1-7f87_F-1__receptor.pdb	7f87-1-7f87_A-1-7f87_F-1__ligand.sdf	1100	20	201.864	12.5906	12.5906	201.864	12.5906	0	0.0623717	sas_voromqa	201.864	597.361
7f8x-1-7f8x_A-1-7f8x_C-1__receptor.pdb	7f8x-1-7f8x_A-1-7f8x_C-1__ligand.sdf	3517	80	236.409	-30.3569	-30.3569	236.409	-30.3569	0	-0.128408	sas_voromqa	236.409	1712.72
7f90-1-7f90_A-1-7f90_E-1__receptor.pdb	7f90-1-7f90_A-1-7f90_E-1__ligand.sdf	2597	86	1005	-54.7445	-54.7445	1005	-54.7445	0	-0.0544721	sas_voromqa	1005	2433.82
7f9y-1-7f9y_R-1-7f9y_C-1__receptor.pdb	7f9y-1-7f9y_R-1-7f9y_C-1__ligand.sdf	2279	132	977.684	-83.5623	-83.5623	977.684	-83.5623	0	-0.0854696	sas_voromqa	977.684	3408.65
7fax-1-7fax_A-1-7fax_B-1__receptor.pdb	7fax-1-7fax_A-1-7fax_B-1__ligand.sdf	784	110	795.854	27.8984	27.8984	795.854	27.8984	0	0.0350547	sas_voromqa	795.854	2717.42
7fd5-1-7fd5_E-1-7fd5_S-1__receptor.pdb	7fd5-1-7fd5_E-1-7fd5_S-1__ligand.sdf	6118	111	2205.73	108.552	108.552	2205.73	108.552	0	0.0492136	sas_voromqa	2205.73	3960.99
7fdm-1-7fdm_A-1-7fdm_C-1__receptor.pdb	7fdm-1-7fdm_A-1-7fdm_C-1__ligand.sdf	1321	139	1120.81	16.7561	16.7561	1120.81	16.7561	0	0.01495	sas_voromqa	1120.81	3675.36
7fgj-1-7fgj_H-1-7fgj_C-1__receptor.pdb	7fgj-1-7fgj_H-1-7fgj_C-1__ligand.sdf	1612	49	740.554	10.4457	10.4457	740.554	10.4457	0	0.0141053	sas_voromqa	740.554	1621.86
7fgj-1-7fgj_L-1-7fgj_C-1__receptor.pdb	7fgj-1-7fgj_L-1-7fgj_C-1__ligand.sdf	1644	49	670.772	18.6081	18.6081	670.772	18.6081	0	0.0277413	sas_voromqa	670.772	1549.44
7fi3-1-7fi3_A-1-7fi3_E-1__receptor.pdb	7fi3-1-7fi3_A-1-7fi3_E-1__ligand.sdf	5742	25	108.2	3.05847	3.05847	108.2	3.05847	0	0.0282668	sas_voromqa	108.2	638.373
7fie-1-7fie_A-1-7fie_S-1__receptor.pdb	7fie-1-7fie_A-1-7fie_S-1__ligand.sdf	6118	111	2114.88	111.875	111.875	2114.88	111.875	0	0.052899	sas_voromqa	2114.88	3920.12
7fie-1-7fie_B-1-7fie_S-1__receptor.pdb	7fie-1-7fie_B-1-7fie_S-1__ligand.sdf	6118	111	2141.21	117.045	117.045	2141.21	117.045	0	0.054663	sas_voromqa	2141.21	3927.39
7ins-1-7ins_A-1-7ins_G-1__receptor.pdb	7ins-1-7ins_A-1-7ins_G-1__ligand.sdf	163	124	2685.58	-245.034	-245.034	2685.58	-245.034	0	-0.0912406	sas_voromqa	2685.58	4576.42
7ins-1-7ins_B-1-7ins_G-1__receptor.pdb	7ins-1-7ins_B-1-7ins_G-1__ligand.sdf	240	124	2372.5	-195.81	-195.81	2372.5	-195.81	0	-0.0825332	sas_voromqa	2372.5	4330.37
7ins-5-7ins_E-1-7ins_G-1__receptor.pdb	7ins-5-7ins_E-1-7ins_G-1__ligand.sdf	163	124	2909.4	-231.254	-231.254	2909.4	-231.254	0	-0.0794851	sas_voromqa	2909.4	4715.88
7ins-6-7ins_C-4-7ins_G-1__receptor.pdb	7ins-6-7ins_C-4-7ins_G-1__ligand.sdf	163	124	2790.12	-266.107	-266.107	2790.12	-266.107	0	-0.0953748	sas_voromqa	2790.12	4625.64
7ins-8-7ins_B-2-7ins_G-1__receptor.pdb	7ins-8-7ins_B-2-7ins_G-1__ligand.sdf	240	124	2883.44	-260.142	-260.142	2883.44	-260.142	0	-0.0902193	sas_voromqa	2883.44	4710.28
7ins-8-7ins_D-1-7ins_G-1__receptor.pdb	7ins-8-7ins_D-1-7ins_G-1__ligand.sdf	240	124	2570.18	-194.825	-194.825	2570.18	-194.825	0	-0.0758021	sas_voromqa	2570.18	4449.27
7ins-8-7ins_F-2-7ins_G-1__receptor.pdb	7ins-8-7ins_F-2-7ins_G-1__ligand.sdf	240	124	2827.37	-205.302	-205.302	2827.37	-205.302	0	-0.0726124	sas_voromqa	2827.37	4610.72
7ins-8-7ins_F-2-7ins_G-2__receptor.pdb	7ins-8-7ins_F-2-7ins_G-2__ligand.sdf	240	124	2724.19	-214.173	-214.173	2724.19	-214.173	0	-0.078619	sas_voromqa	2724.19	4607.4
7jfr-1-7jfr_B-1-7jfr_L-1__receptor.pdb	7jfr-1-7jfr_B-1-7jfr_L-1__ligand.sdf	3369	62	684.657	33.1924	33.1924	684.657	33.1924	0	0.0484803	sas_voromqa	684.657	1832.85
7jfr-1-7jfr_C-1-7jfr_L-1__receptor.pdb	7jfr-1-7jfr_C-1-7jfr_L-1__ligand.sdf	3437	62	759.239	81.3479	81.3479	759.239	81.3479	0	0.107144	sas_voromqa	759.239	1894.79
7ji0-1-7ji0_A-1-7ji0_C-1__receptor.pdb	7ji0-1-7ji0_A-1-7ji0_C-1__ligand.sdf	1722	56	155.615	-18.1332	-18.1332	155.615	-18.1332	0	-0.116526	sas_voromqa	155.615	1310.61
7jl7-1-7jl7_A-1-7jl7_F-1__receptor.pdb	7jl7-1-7jl7_A-1-7jl7_F-1__ligand.sdf	1087	32	477.523	-67.7838	-67.7838	477.523	-67.7838	0	-0.141949	sas_voromqa	477.523	995.909
7jl7-1-7jl7_C-1-7jl7_F-1__receptor.pdb	7jl7-1-7jl7_C-1-7jl7_F-1__ligand.sdf	770	32	281.354	-51.8565	-51.8565	281.354	-51.8565	0	-0.184311	sas_voromqa	281.354	828.566
7jr9-1-7jr9_D-1-7jr9_F-1__receptor.pdb	7jr9-1-7jr9_D-1-7jr9_F-1__ligand.sdf	2574	40	807.242	65.6094	65.6094	807.242	65.6094	0	0.081276	sas_voromqa	807.242	1448.39
7jr9-1-7jr9_E-1-7jr9_F-1__receptor.pdb	7jr9-1-7jr9_E-1-7jr9_F-1__ligand.sdf	1351	40	626.623	46.3705	46.3705	626.623	46.3705	0	0.0740006	sas_voromqa	626.623	1330.8
7jr9-1-7jr9_E-1-7jr9_G-1__receptor.pdb	7jr9-1-7jr9_E-1-7jr9_G-1__ligand.sdf	1351	30	485.31	38.2979	38.2979	485.31	38.2979	0	0.0789143	sas_voromqa	485.31	1002.19
7jtv-1-7jtv_B-1-7jtv_E-1__receptor.pdb	7jtv-1-7jtv_B-1-7jtv_E-1__ligand.sdf	6777	32	484.312	-16.7721	-16.7721	484.312	-16.7721	0	-0.0346308	sas_voromqa	484.312	983.773
7jvs-1-7jvs_D-1-7jvs_C-1__receptor.pdb	7jvs-1-7jvs_D-1-7jvs_C-1__ligand.sdf	790	81	1164.25	230.16	230.16	1164.25	230.16	0	0.197689	sas_voromqa	1164.25	2519.85
7jwq-1-7jwq_A-1-7jwq_V-1__receptor.pdb	7jwq-1-7jwq_A-1-7jwq_V-1__ligand.sdf	1555	55	605.111	135.463	135.463	605.111	135.463	0	0.223865	sas_voromqa	605.111	1539.92
7jwq-1-7jwq_B-1-7jwq_V-1__receptor.pdb	7jwq-1-7jwq_B-1-7jwq_V-1__ligand.sdf	1637	55	766.009	-20.6223	-20.6223	766.009	-20.6223	0	-0.0269217	sas_voromqa	766.009	1682.43
7jx7-1-7jx7_A-1-7jx7_B-1__receptor.pdb	7jx7-1-7jx7_A-1-7jx7_B-1__ligand.sdf	913	41	389.997	24.5895	24.5895	389.997	24.5895	0	0.0630505	sas_voromqa	389.997	1137.63
7jyv-1-7jyv_A-1-7jyv_C-1__receptor.pdb	7jyv-1-7jyv_A-1-7jyv_C-1__ligand.sdf	2237	81	303.026	14.1925	14.1925	303.026	14.1925	0	0.0468359	sas_voromqa	303.026	1784.07
7k75-3-7k75_I-1-7k75_F-1__receptor.pdb	7k75-3-7k75_I-1-7k75_F-1__ligand.sdf	1578	66	1147.31	58.0345	58.0345	1147.31	58.0345	0	0.0505831	sas_voromqa	1147.31	2245.65
7k76-1-7k76_A-1-7k76_P-1__receptor.pdb	7k76-1-7k76_A-1-7k76_P-1__ligand.sdf	1660	86	1503.68	65.531	65.531	1503.68	65.531	0	0.0435804	sas_voromqa	1503.68	2946.26
7k76-1-7k76_B-1-7k76_P-1__receptor.pdb	7k76-1-7k76_B-1-7k76_P-1__ligand.sdf	1613	86	1511.24	58.5269	58.5269	1511.24	58.5269	0	0.0387277	sas_voromqa	1511.24	2949.36
7k7h-1-7k7h_A-1-7k7h_G-1__receptor.pdb	7k7h-1-7k7h_A-1-7k7h_G-1__ligand.sdf	885	117	1528.99	155.158	155.158	1528.99	155.158	0	0.101477	sas_voromqa	1528.99	3544.59
7k7h-1-7k7h_D-1-7k7h_G-1__receptor.pdb	7k7h-1-7k7h_D-1-7k7h_G-1__ligand.sdf	885	117	1628.4	131.51	131.51	1628.4	131.51	0	0.0807603	sas_voromqa	1628.4	3602.59
7k7h-1-7k7h_E-1-7k7h_G-1__receptor.pdb	7k7h-1-7k7h_E-1-7k7h_G-1__ligand.sdf	885	117	1585.47	120.169	120.169	1585.47	120.169	0	0.0757939	sas_voromqa	1585.47	3579.81
7k7r-1-7k7r_A-1-7k7r_C-1__receptor.pdb	7k7r-1-7k7r_A-1-7k7r_C-1__ligand.sdf	1686	94	1391.88	-17.1178	-17.1178	1391.88	-17.1178	0	-0.0122983	sas_voromqa	1391.88	2887.73
7k7r-1-7k7r_B-1-7k7r_C-1__receptor.pdb	7k7r-1-7k7r_B-1-7k7r_C-1__ligand.sdf	1596	94	1422.8	38.6529	38.6529	1422.8	38.6529	0	0.0271668	sas_voromqa	1422.8	2910.68
7kd6-1-7kd6_B-1-7kd6_F-1__receptor.pdb	7kd6-1-7kd6_B-1-7kd6_F-1__ligand.sdf	391	130	1152.75	125.527	125.527	1152.75	125.527	0	0.108894	sas_voromqa	1152.75	3408.08
7kd6-1-7kd6_E-1-7kd6_F-1__receptor.pdb	7kd6-1-7kd6_E-1-7kd6_F-1__ligand.sdf	2290	130	1342.87	16.3155	16.3155	1342.87	16.3155	0	0.0121497	sas_voromqa	1342.87	3530.06
7kh0-1-7kh0_R-1-7kh0_L-1__receptor.pdb	7kh0-1-7kh0_R-1-7kh0_L-1__ligand.sdf	2117	75	200.859	-8.40131	-8.40131	200.859	-8.40131	0	-0.0418269	sas_voromqa	200.859	1698.82
7kjm-1-7kjm_A-1-7kjm_B-1__receptor.pdb	7kjm-1-7kjm_A-1-7kjm_B-1__ligand.sdf	706	120	821.478	-15.3507	-15.3544	821.475	-15.3527	0	-0.0186867	sas_voromqa	821.478	2897.84
7kjn-1-7kjn_A-1-7kjn_C-1__receptor.pdb	7kjn-1-7kjn_A-1-7kjn_C-1__ligand.sdf	670	120	1213.99	16.5441	13.1083	1211.37	14.6747	0	0.0136279	sas_voromqa	1213.99	3280.34
7kld-1-7kld_A-1-7kld_Q-1__receptor.pdb	7kld-1-7kld_A-1-7kld_Q-1__ligand.sdf	756	61	460.581	17.4767	17.4767	460.581	17.4767	0	0.0379449	sas_voromqa	460.581	1503.69
7knf-1-7knf_A-1-7knf_C-1__receptor.pdb	7knf-1-7knf_A-1-7knf_C-1__ligand.sdf	3829	108	484.965	57.8571	57.8571	484.965	57.8571	0	0.119302	sas_voromqa	484.965	2356.98
7kpu-1-7kpu_D-1-7kpu_E-1__receptor.pdb	7kpu-1-7kpu_D-1-7kpu_E-1__ligand.sdf	1561	83	382.689	-46.2231	-51.9762	378.297	-49.3534	0	-0.120785	sas_voromqa	382.689	1798.01
7kqk-1-7kqk_A-1-7kqk_C-1__receptor.pdb	7kqk-1-7kqk_A-1-7kqk_C-1__ligand.sdf	1629	80	1015.86	23.9859	23.9859	1015.86	23.9859	0	0.0236114	sas_voromqa	1015.86	2380.84
7lf4-1-7lf4_A-1-7lf4_E-1__receptor.pdb	7lf4-1-7lf4_A-1-7lf4_E-1__ligand.sdf	3212	119	1275.14	-63.3241	-63.3241	1275.14	-63.3241	0	-0.0496605	sas_voromqa	1275.14	3370.16
7lfc-1-7lfc_A-1-7lfc_B-1__receptor.pdb	7lfc-1-7lfc_A-1-7lfc_B-1__ligand.sdf	3164	102	882.334	-28.1918	-28.1918	882.334	-28.1918	0	-0.0319514	sas_voromqa	882.334	2752.84
7lfd-1-7lfd_H-1-7lfd_A-1__receptor.pdb	7lfd-1-7lfd_H-1-7lfd_A-1__ligand.sdf	1684	150	1527.3	-296.548	-296.548	1527.3	-296.548	0	-0.194165	sas_voromqa	1527.3	4133.06
7lfd-1-7lfd_L-1-7lfd_A-1__receptor.pdb	7lfd-1-7lfd_L-1-7lfd_A-1__ligand.sdf	1635	150	1810.17	-249.905	-249.905	1810.17	-249.905	0	-0.138056	sas_voromqa	1810.17	4335.98
7lfk-1-7lfk_A-1-7lfk_C-1__receptor.pdb	7lfk-1-7lfk_A-1-7lfk_C-1__ligand.sdf	2233	64	211.05	-2.1707	-2.1707	211.05	-2.1707	0	-0.0102852	sas_voromqa	211.05	1432.67
7lfv-1-7lfv_B-1-7lfv_F-1__receptor.pdb	7lfv-1-7lfv_B-1-7lfv_F-1__ligand.sdf	2456	34	176.899	16.6188	16.6188	176.899	16.6188	0	0.0939451	sas_voromqa	176.899	768.022
7lgj-1-7lgj_A-1-7lgj_E-1__receptor.pdb	7lgj-1-7lgj_A-1-7lgj_E-1__ligand.sdf	6645	63	614.451	-127.76	-127.76	614.451	-127.76	0	-0.207925	sas_voromqa	614.451	1739.94
7lgq-1-7lgq_A-1-7lgq_J-1__receptor.pdb	7lgq-1-7lgq_A-1-7lgq_J-1__ligand.sdf	6636	66	720.401	-186.563	-186.563	720.401	-186.563	0	-0.258971	sas_voromqa	720.401	1837
7lhy-1-7lhy_A-1-7lhy_B-1__receptor.pdb	7lhy-1-7lhy_A-1-7lhy_B-1__ligand.sdf	868	39	400.961	11.1616	11.1616	400.961	11.1616	0	0.0278371	sas_voromqa	400.961	1091.66
7lki-1-7lki_AAA-1-7lki_CCC-1__receptor.pdb	7lki-1-7lki_AAA-1-7lki_CCC-1__ligand.sdf	1585	59	683.618	119.441	119.441	683.618	119.441	0	0.174719	sas_voromqa	683.618	1639.06
7lmk-1-7lmk_A-1-7lmk_F-1__receptor.pdb	7lmk-1-7lmk_A-1-7lmk_F-1__ligand.sdf	1222	67	755.691	-44.4411	-44.4411	755.691	-44.4411	0	-0.0588086	sas_voromqa	755.691	1981.95
7ln0-1-7ln0_A-1-7ln0_G-1__receptor.pdb	7ln0-1-7ln0_A-1-7ln0_G-1__ligand.sdf	5720	45	942.836	76.9243	76.9243	942.836	76.9243	0	0.0815882	sas_voromqa	942.836	1652.7
7ln0-1-7ln0_B-1-7ln0_G-1__receptor.pdb	7ln0-1-7ln0_B-1-7ln0_G-1__ligand.sdf	5793	45	832.165	72.9162	72.9162	832.165	72.9162	0	0.0876223	sas_voromqa	832.165	1584.7
7ln0-1-7ln0_E-1-7ln0_G-1__receptor.pdb	7ln0-1-7ln0_E-1-7ln0_G-1__ligand.sdf	5800	45	811.686	67.1371	67.1371	811.686	67.1371	0	0.0827131	sas_voromqa	811.686	1569.31
7ln4-1-7ln4_B-1-7ln4_G-1__receptor.pdb	7ln4-1-7ln4_B-1-7ln4_G-1__ligand.sdf	5858	110	2073.94	188.55	188.55	2073.94	188.55	0	0.0909139	sas_voromqa	2073.94	3878.4
7lo0-6-7lo0_F-1-7lo0_N-1__receptor.pdb	7lo0-6-7lo0_F-1-7lo0_N-1__ligand.sdf	1223	149	1252.26	-80.6761	-80.6761	1252.26	-80.6761	0	-0.0644244	sas_voromqa	1252.26	3823.01
7lp2-1-7lp2_A-1-7lp2_B-1__receptor.pdb	7lp2-1-7lp2_A-1-7lp2_B-1__ligand.sdf	278	86	1003.77	27.9479	27.9479	1003.77	27.9479	0	0.0278429	sas_voromqa	1003.77	2420.77
7lp3-1-7lp3_A-1-7lp3_B-1__receptor.pdb	7lp3-1-7lp3_A-1-7lp3_B-1__ligand.sdf	314	121	1434.92	-92.048	-94.5536	1433.01	-93.4113	0	-0.0641485	sas_voromqa	1434.92	3385.54
7lrc-1-7lrc_B-1-7lrc_A-1__receptor.pdb	7lrc-1-7lrc_B-1-7lrc_A-1__ligand.sdf	2998	79	592.909	-26.869	-26.869	592.909	-26.869	0	-0.0453172	sas_voromqa	592.909	2065.73
7lul-1-7lul_A-1-7lul_B-1__receptor.pdb	7lul-1-7lul_A-1-7lul_B-1__ligand.sdf	725	86	545.301	-16.0707	-16.0707	545.301	-16.0707	0	-0.0294712	sas_voromqa	545.301	2020.81
7m10-1-7m10_A-1-7m10_B-1__receptor.pdb	7m10-1-7m10_A-1-7m10_B-1__ligand.sdf	554	64	682.148	-23.9588	-23.9588	682.148	-23.9588	0	-0.0351226	sas_voromqa	682.148	1829.23
7m3g-1-7m3g_A-1-7m3g_C-1__receptor.pdb	7m3g-1-7m3g_A-1-7m3g_C-1__ligand.sdf	6485	64	786.202	-148.583	-148.583	786.202	-148.583	0	-0.188988	sas_voromqa	786.202	1902.24
7m3g-1-7m3g_A-1-7m3g_D-1__receptor.pdb	7m3g-1-7m3g_A-1-7m3g_D-1__ligand.sdf	6485	64	825.354	-41.1283	-41.1283	825.354	-41.1283	0	-0.0498311	sas_voromqa	825.354	1964.47
7m53-1-7m53_H-1-7m53_A-1__receptor.pdb	7m53-1-7m53_H-1-7m53_A-1__ligand.sdf	1612	84	730.223	-1.17445	-1.17445	730.223	-1.17445	0	-0.00160834	sas_voromqa	730.223	2133.79
7m53-1-7m53_L-1-7m53_A-1__receptor.pdb	7m53-1-7m53_L-1-7m53_A-1__ligand.sdf	1674	84	981.197	137.686	137.686	981.197	137.686	0	0.140325	sas_voromqa	981.197	2365.45
7m98-1-7m98_A-1-7m98_B-1__receptor.pdb	7m98-1-7m98_A-1-7m98_B-1__ligand.sdf	1112	45	497.21	-0.559596	-0.559596	497.21	-0.559596	0	-0.00112547	sas_voromqa	497.21	1302.04
7mbx-1-7mbx_R-1-7mbx_P-1__receptor.pdb	7mbx-1-7mbx_R-1-7mbx_P-1__ligand.sdf	2304	78	252.914	-21.7563	-22.2122	252.566	-22.0044	0	-0.0860225	sas_voromqa	252.914	1728.92
7mfr-1-7mfr_A-1-7mfr_P-1__receptor.pdb	7mfr-1-7mfr_A-1-7mfr_P-1__ligand.sdf	1644	17	233.095	-10.7657	-10.7657	233.095	-10.7657	0	-0.0461859	sas_voromqa	233.095	548.738
7mfr-1-7mfr_B-1-7mfr_P-1__receptor.pdb	7mfr-1-7mfr_B-1-7mfr_P-1__ligand.sdf	1588	17	186.38	18.2787	18.2787	186.38	18.2787	0	0.0980722	sas_voromqa	186.38	506.871
7mgv-1-7mgv_A-1-7mgv_U-1__receptor.pdb	7mgv-1-7mgv_A-1-7mgv_U-1__ligand.sdf	2718	103	818.587	-41.9128	-41.9128	818.587	-41.9128	0	-0.0512014	sas_voromqa	818.587	2631.09
7mgv-1-7mgv_A-1-7mgv_V-1__receptor.pdb	7mgv-1-7mgv_A-1-7mgv_V-1__ligand.sdf	2718	103	1429.79	128.009	128.009	1429.79	128.009	0	0.0895299	sas_voromqa	1429.79	3138.19
7mgv-1-7mgv_B-1-7mgv_T-1__receptor.pdb	7mgv-1-7mgv_B-1-7mgv_T-1__ligand.sdf	2718	84	525.886	20.1529	20.1529	525.886	20.1529	0	0.0383218	sas_voromqa	525.886	2020.31
7mu2-1-7mu2_A-1-7mu2_B-1__receptor.pdb	7mu2-1-7mu2_A-1-7mu2_B-1__ligand.sdf	2356	170	1683.05	-220.179	-220.179	1683.05	-220.179	0	-0.130821	sas_voromqa	1683.05	4593.4
7mud-1-7mud_AK-1-7mud_AU-1__receptor.pdb	7mud-1-7mud_AK-1-7mud_AU-1__ligand.sdf	1161	45	739.779	63.7734	63.7734	739.779	63.7734	0	0.086206	sas_voromqa	739.779	1576.17
7mud-1-7mud_AL-1-7mud_MU-1__receptor.pdb	7mud-1-7mud_AL-1-7mud_MU-1__ligand.sdf	1375	45	761.771	59.6154	59.6154	761.771	59.6154	0	0.078259	sas_voromqa	761.771	1568.81
7mvz-1-7mvz_A-1-7mvz_C-1__receptor.pdb	7mvz-1-7mvz_A-1-7mvz_C-1__ligand.sdf	12780	94	1103.78	63.6758	63.6758	1103.78	63.6758	0	0.0576889	sas_voromqa	1103.78	2775.59
7n05-1-7n05_H-1-7n05_E-1__receptor.pdb	7n05-1-7n05_H-1-7n05_E-1__ligand.sdf	1673	115	1208.23	181.564	181.564	1208.23	181.564	0	0.150273	sas_voromqa	1208.23	3159.89
7n05-1-7n05_L-1-7n05_E-1__receptor.pdb	7n05-1-7n05_L-1-7n05_E-1__ligand.sdf	1694	115	1421.26	201.087	201.087	1421.26	201.087	0	0.141485	sas_voromqa	1421.26	3363.28
7n08-1-7n08_C-1-7n08_G-1__receptor.pdb	7n08-1-7n08_C-1-7n08_G-1__ligand.sdf	1717	83	861.64	49.296	49.296	861.64	49.296	0	0.0572118	sas_voromqa	861.64	2301.36
7n08-1-7n08_D-1-7n08_G-1__receptor.pdb	7n08-1-7n08_D-1-7n08_G-1__ligand.sdf	1602	83	1306.15	116.866	116.866	1306.15	116.866	0	0.0894736	sas_voromqa	1306.15	2668.71
7n0w-1-7n0w_A-1-7n0w_G-1__receptor.pdb	7n0w-1-7n0w_A-1-7n0w_G-1__ligand.sdf	1636	106	888.771	43.8181	43.8181	888.771	43.8181	0	0.0493019	sas_voromqa	888.771	2709.32
7n0w-1-7n0w_C-1-7n0w_G-1__receptor.pdb	7n0w-1-7n0w_C-1-7n0w_G-1__ligand.sdf	1610	106	944.088	19.5229	19.5229	944.088	19.5229	0	0.0206791	sas_voromqa	944.088	2763.12
7n0x-1-7n0x_H-1-7n0x_G-1__receptor.pdb	7n0x-1-7n0x_H-1-7n0x_G-1__ligand.sdf	1632	152	1597.51	50.1718	50.1718	1597.51	50.1718	0	0.0314063	sas_voromqa	1597.51	4254.87
7n0x-1-7n0x_L-1-7n0x_G-1__receptor.pdb	7n0x-1-7n0x_L-1-7n0x_G-1__ligand.sdf	1577	152	1808.08	106.944	106.944	1808.08	106.944	0	0.0591478	sas_voromqa	1808.08	4459.72
7n1e-1-7n1e_D-1-7n1e_C-1__receptor.pdb	7n1e-1-7n1e_D-1-7n1e_C-1__ligand.sdf	1579	78	1233.78	27.1441	27.1441	1233.78	27.1441	0	0.0220008	sas_voromqa	1233.78	2536.64
7n1e-1-7n1e_E-1-7n1e_C-1__receptor.pdb	7n1e-1-7n1e_E-1-7n1e_C-1__ligand.sdf	1916	78	1286.95	-34.7758	-34.7758	1286.95	-34.7758	0	-0.0270219	sas_voromqa	1286.95	2591.7
7n1f-1-7n1f_D-1-7n1f_C-1__receptor.pdb	7n1f-1-7n1f_D-1-7n1f_C-1__ligand.sdf	1542	82	1216.97	92.1099	92.1099	1216.97	92.1099	0	0.0756879	sas_voromqa	1216.97	2585.22
7n1f-1-7n1f_E-1-7n1f_C-1__receptor.pdb	7n1f-1-7n1f_E-1-7n1f_C-1__ligand.sdf	1934	82	1241.57	104.45	104.45	1241.57	104.45	0	0.0841274	sas_voromqa	1241.57	2609.6
7n27-1-7n27_A-1-7n27_G-1__receptor.pdb	7n27-1-7n27_A-1-7n27_G-1__ligand.sdf	462	64	480.476	136.731	37.3771	404.628	82.6726	0	0.284574	sas_voromqa	480.476	1553.36
7n2o-1-7n2o_D-1-7n2o_C-1__receptor.pdb	7n2o-1-7n2o_D-1-7n2o_C-1__ligand.sdf	1546	74	1297.74	98.289	98.289	1297.74	98.289	0	0.0757386	sas_voromqa	1297.74	2580.33
7n2p-1-7n2p_D-1-7n2p_C-1__receptor.pdb	7n2p-1-7n2p_D-1-7n2p_C-1__ligand.sdf	1517	66	1151.13	-53.451	-53.451	1151.13	-53.451	0	-0.0464335	sas_voromqa	1151.13	2241.93
7n2r-1-7n2r_D-1-7n2r_C-1__receptor.pdb	7n2r-1-7n2r_D-1-7n2r_C-1__ligand.sdf	1500	69	1263.02	-43.7052	-43.7052	1263.02	-43.7052	0	-0.0346037	sas_voromqa	1263.02	2403.95
7n2s-1-7n2s_D-1-7n2s_C-1__receptor.pdb	7n2s-1-7n2s_D-1-7n2s_C-1__ligand.sdf	1376	69	1226.17	-45.0962	-45.0962	1226.17	-45.0962	0	-0.0367781	sas_voromqa	1226.17	2384.93
7n4k-1-7n4k_D-1-7n4k_C-1__receptor.pdb	7n4k-1-7n4k_D-1-7n4k_C-1__ligand.sdf	1543	84	1265.44	36.2739	36.2739	1265.44	36.2739	0	0.028665	sas_voromqa	1265.44	2612.31
7n4k-1-7n4k_E-1-7n4k_C-1__receptor.pdb	7n4k-1-7n4k_E-1-7n4k_C-1__ligand.sdf	1941	84	1383.84	-2.54694	-2.54694	1383.84	-2.54694	0	-0.00184049	sas_voromqa	1383.84	2738.81
7na5-1-7na5_D-1-7na5_C-1__receptor.pdb	7na5-1-7na5_D-1-7na5_C-1__ligand.sdf	1365	85	1308.63	75.5166	75.5166	1308.63	75.5166	0	0.0577066	sas_voromqa	1308.63	2700.51
7na7-1-7na7_R-1-7na7_L-1__receptor.pdb	7na7-1-7na7_R-1-7na7_L-1__ligand.sdf	2339	103	670.956	2.44269	2.44269	670.956	2.44269	0	0.00364061	sas_voromqa	670.956	2652.72
7ndq-1-7ndq_EEE-1-7ndq_CCC-1__receptor.pdb	7ndq-1-7ndq_EEE-1-7ndq_CCC-1__ligand.sdf	1944	74	1249.42	52.964	52.964	1249.42	52.964	0	0.0423909	sas_voromqa	1249.42	2488.57
7new-1-7new_A-1-7new_G-1__receptor.pdb	7new-1-7new_A-1-7new_G-1__ligand.sdf	817	106	1283.39	53.2341	53.2341	1283.39	53.2341	0	0.0414793	sas_voromqa	1283.39	3199
7nfb-1-7nfb_A-1-7nfb_C-1__receptor.pdb	7nfb-1-7nfb_A-1-7nfb_C-1__ligand.sdf	1943	95	817.167	-22.778	-22.778	817.167	-22.778	0	-0.0278744	sas_voromqa	817.167	2534.14
7nl9-1-7nl9_G-1-7nl9_C-1__receptor.pdb	7nl9-1-7nl9_G-1-7nl9_C-1__ligand.sdf	323	62	718.457	-15.9065	-15.9065	718.457	-15.9065	0	-0.0221398	sas_voromqa	718.457	1801.27
7nlc-1-7nlc_A-1-7nlc_B-1__receptor.pdb	7nlc-1-7nlc_A-1-7nlc_B-1__ligand.sdf	1144	69	740.947	-8.05955	-8.05955	740.947	-8.05955	0	-0.0108774	sas_voromqa	740.947	1919.9
7nmg-1-7nmg_D-1-7nmg_C-1__receptor.pdb	7nmg-1-7nmg_D-1-7nmg_C-1__ligand.sdf	1499	90	1359.86	102.918	102.883	1359.83	102.899	0	0.0756828	sas_voromqa	1359.86	2934.14
7nmg-1-7nmg_E-1-7nmg_C-1__receptor.pdb	7nmg-1-7nmg_E-1-7nmg_C-1__ligand.sdf	1943	90	1422.82	13.1231	10.9772	1421.18	11.9556	0	0.0092233	sas_voromqa	1422.82	2986.38
7nus-1-7nus_A-1-7nus_D-1__receptor.pdb	7nus-1-7nus_A-1-7nus_D-1__ligand.sdf	712	133	783.506	-15.3623	-15.3623	783.506	-15.3623	0	-0.0196071	sas_voromqa	783.506	3012.62
7nvv-1-7nvv_2-1-7nvv_W-1__receptor.pdb	7nvv-1-7nvv_2-1-7nvv_W-1__ligand.sdf	2357	124	1667.05	13.04	13.04	1667.05	13.04	0	0.0078222	sas_voromqa	1667.05	3699.12
7nvv-1-7nvv_7-1-7nvv_W-1__receptor.pdb	7nvv-1-7nvv_7-1-7nvv_W-1__ligand.sdf	4890	124	1211.19	-63.8019	-63.8019	1211.19	-63.8019	0	-0.052677	sas_voromqa	1211.19	3325.92
7nvv-1-7nvv_7-1-7nvv_Y-1__receptor.pdb	7nvv-1-7nvv_7-1-7nvv_Y-1__ligand.sdf	4890	40	609.503	50.5055	50.5055	609.503	50.5055	0	0.0828634	sas_voromqa	609.503	1291.57
7nvv-1-7nvv_7-1-7nvv_Z-1__receptor.pdb	7nvv-1-7nvv_7-1-7nvv_Z-1__ligand.sdf	4890	80	991.961	103.71	103.71	991.961	103.71	0	0.10455	sas_voromqa	991.961	2459.85
7nw1-1-7nw1_AAA-1-7nw1_FFF-1__receptor.pdb	7nw1-1-7nw1_AAA-1-7nw1_FFF-1__ligand.sdf	1343	108	950.518	-48.4577	-48.4577	950.518	-48.4577	0	-0.0509803	sas_voromqa	950.518	2947.95
7nxe-1-7nxe_A-1-7nxe_C-1__receptor.pdb	7nxe-1-7nxe_A-1-7nxe_C-1__ligand.sdf	1807	65	703.434	-64.0599	-64.0733	703.424	-64.0672	0	-0.0910674	sas_voromqa	703.434	1872.45
7nxe-1-7nxe_A-1-7nxe_D-1__receptor.pdb	7nxe-1-7nxe_A-1-7nxe_D-1__ligand.sdf	1807	25	198.083	0.445506	0.445506	198.083	0.445506	0	0.00224909	sas_voromqa	198.083	649.424
7o07-1-7o07_A-1-7o07_P-1__receptor.pdb	7o07-1-7o07_A-1-7o07_P-1__ligand.sdf	1817	88	548.969	19.9592	18.4077	547.784	19.115	0	0.0363576	sas_voromqa	548.969	2106.67
7o19-1-7o19_BS-1-7o19_B5-1__receptor.pdb	7o19-1-7o19_BS-1-7o19_B5-1__ligand.sdf	857	146	1909.31	91.9736	91.9736	1909.31	91.9736	0	0.0481711	sas_voromqa	1909.31	4349.36
7o2z-1-7o2z_H-1-7o2z_P-1__receptor.pdb	7o2z-1-7o2z_H-1-7o2z_P-1__ligand.sdf	1669	50	702.445	8.84471	8.84471	702.445	8.84471	0	0.0125913	sas_voromqa	702.445	1507.57
7o2z-1-7o2z_L-1-7o2z_P-1__receptor.pdb	7o2z-1-7o2z_L-1-7o2z_P-1__ligand.sdf	1699	50	717.58	5.38466	5.38466	717.58	5.38466	0	0.00750392	sas_voromqa	717.58	1530.22
7o30-1-7o30_H-1-7o30_P-1__receptor.pdb	7o30-1-7o30_H-1-7o30_P-1__ligand.sdf	1659	61	855.721	13.9634	13.9634	855.721	13.9634	0	0.0163177	sas_voromqa	855.721	1834.33
7o30-1-7o30_L-1-7o30_P-1__receptor.pdb	7o30-1-7o30_L-1-7o30_P-1__ligand.sdf	1687	61	800.306	9.61166	9.61166	800.306	9.61166	0	0.01201	sas_voromqa	800.306	1787.68
7o31-1-7o31_H-1-7o31_P-1__receptor.pdb	7o31-1-7o31_H-1-7o31_P-1__ligand.sdf	1645	61	765.765	59.481	59.481	765.765	59.481	0	0.0776753	sas_voromqa	765.765	1745.1
7o31-1-7o31_L-1-7o31_P-1__receptor.pdb	7o31-1-7o31_L-1-7o31_P-1__ligand.sdf	1679	61	760.465	19.7252	19.7252	760.465	19.7252	0	0.0259383	sas_voromqa	760.465	1745.6
7o33-1-7o33_H-1-7o33_P-1__receptor.pdb	7o33-1-7o33_H-1-7o33_P-1__ligand.sdf	1604	78	842.176	44.5464	44.5464	842.176	44.5464	0	0.0528944	sas_voromqa	842.176	2113.87
7o50-1-7o50_A-1-7o50_H-1__receptor.pdb	7o50-1-7o50_A-1-7o50_H-1__ligand.sdf	2095	22	165.285	-3.06272	-3.06272	165.285	-3.06272	0	-0.0185299	sas_voromqa	165.285	516.206
7o54-1-7o54_A-1-7o54_B-1__receptor.pdb	7o54-1-7o54_A-1-7o54_B-1__ligand.sdf	1248	128	1136.17	10.4964	10.4964	1136.17	10.4964	0	0.00923841	sas_voromqa	1136.17	3326.84
7o6n-1-7o6n_A-1-7o6n_C-1__receptor.pdb	7o6n-1-7o6n_A-1-7o6n_C-1__ligand.sdf	726	129	1634.68	3.59897	3.59897	1634.68	3.59897	0	0.00220164	sas_voromqa	1634.68	3740.14
7o6n-1-7o6n_A-1-7o6n_D-1__receptor.pdb	7o6n-1-7o6n_A-1-7o6n_D-1__ligand.sdf	726	105	928.332	59.6016	59.6016	928.332	59.6016	0	0.0642029	sas_voromqa	928.332	2781.32
7o9m-1-7o9m_J-1-7o9m_UNK-1__receptor.pdb	7o9m-1-7o9m_J-1-7o9m_UNK-1__ligand.sdf	1061	130	1706.67	137.568	137.568	1706.67	137.568	0	0.0806061	sas_voromqa	1706.67	3845.24
7oe2-1-7oe2_A-1-7oe2_1-1__receptor.pdb	7oe2-1-7oe2_A-1-7oe2_1-1__ligand.sdf	2034	53	397.961	44.4341	44.4341	397.961	44.4341	0	0.111654	sas_voromqa	397.961	1394.7
7ofv-1-7ofv_A-1-7ofv_B-1__receptor.pdb	7ofv-1-7ofv_A-1-7ofv_B-1__ligand.sdf	1488	74	665.897	-8.56461	-8.56461	665.897	-8.56461	0	-0.0128618	sas_voromqa	665.897	1964.73
7ogq-1-7ogq_AAA-1-7ogq_CCC-1__receptor.pdb	7ogq-1-7ogq_AAA-1-7ogq_CCC-1__ligand.sdf	4439	592	8289.08	183.688	183.688	8289.08	183.688	0	0.0221602	sas_voromqa	8289.08	17476.4
7ogq-1-7ogq_BBB-1-7ogq_CCC-1__receptor.pdb	7ogq-1-7ogq_BBB-1-7ogq_CCC-1__ligand.sdf	1375	592	9879.94	259.415	259.415	9879.94	259.415	0	0.0262567	sas_voromqa	9879.94	18690.7
7ohi-1-7ohi_A-1-7ohi_B-1__receptor.pdb	7ohi-1-7ohi_A-1-7ohi_B-1__ligand.sdf	1973	123	1511.23	-133.965	-137.447	1508.58	-135.86	0	-0.0886463	sas_voromqa	1511.23	3541.63
7oit-1-7oit_AAA-1-7oit_BBB-1__receptor.pdb	7oit-1-7oit_AAA-1-7oit_BBB-1__ligand.sdf	2080	82	908.044	72.2125	72.2125	908.044	72.2125	0	0.0795253	sas_voromqa	908.044	2340.32
7oju-1-7oju_A-1-7oju_H-1__receptor.pdb	7oju-1-7oju_A-1-7oju_H-1__ligand.sdf	1662	88	485.981	-73.3357	-75.8408	484.069	-74.6987	0	-0.150902	sas_voromqa	485.981	2026.05
7ok0-1-7ok0_B-1-7ok0_F-1__receptor.pdb	7ok0-1-7ok0_B-1-7ok0_F-1__ligand.sdf	8725	56	957.857	144.096	144.096	957.857	144.096	0	0.150436	sas_voromqa	957.857	1930.87
7ok0-1-7ok0_E-1-7ok0_F-1__receptor.pdb	7ok0-1-7ok0_E-1-7ok0_F-1__ligand.sdf	402	56	706.622	77.7952	77.7952	706.622	77.7952	0	0.110095	sas_voromqa	706.622	1738.69
7ok6-1-7ok6_HHH-1-7ok6_BBB-1__receptor.pdb	7ok6-1-7ok6_HHH-1-7ok6_BBB-1__ligand.sdf	1373	41	95.7011	12.0007	12.0007	95.7011	12.0007	0	0.125398	sas_voromqa	95.7011	954.182
7okl-1-7okl_A-1-7okl_B-1__receptor.pdb	7okl-1-7okl_A-1-7okl_B-1__ligand.sdf	988	44	592.514	50.9244	50.9244	592.514	50.9244	0	0.0859463	sas_voromqa	592.514	1355.01
7okl-1-7okl_A-1-7okl_B-2__receptor.pdb	7okl-1-7okl_A-1-7okl_B-2__ligand.sdf	988	44	663.792	46.3265	46.3265	663.792	46.3265	0	0.0697907	sas_voromqa	663.792	1452.79
7oow-1-7oow_A-1-7oow_B-1__receptor.pdb	7oow-1-7oow_A-1-7oow_B-1__ligand.sdf	2217	93	963.156	-121.971	-121.971	963.156	-121.971	0	-0.126637	sas_voromqa	963.156	2617.24
7opm-1-7opm_A-1-7opm_C-1__receptor.pdb	7opm-1-7opm_A-1-7opm_C-1__ligand.sdf	2865	83	953.936	81.7678	81.7678	953.936	81.7678	0	0.0857162	sas_voromqa	953.936	2462.18
7ow1-1-7ow1_H-1-7ow1_A-1__receptor.pdb	7ow1-1-7ow1_H-1-7ow1_A-1__ligand.sdf	1638	86	815.403	63.6254	63.6254	815.403	63.6254	0	0.0780294	sas_voromqa	815.403	2222.28
7ow1-1-7ow1_K-1-7ow1_A-1__receptor.pdb	7ow1-1-7ow1_K-1-7ow1_A-1__ligand.sdf	1649	86	877.744	42.2486	42.2486	877.744	42.2486	0	0.0481332	sas_voromqa	877.744	2282.38
7ow2-1-7ow2_A-1-7ow2_G-1__receptor.pdb	7ow2-1-7ow2_A-1-7ow2_G-1__ligand.sdf	1357	52	826.41	15.658	15.658	826.41	15.658	0	0.018947	sas_voromqa	826.41	1764.53
7ow5-1-7ow5_E-1-7ow5_C-1__receptor.pdb	7ow5-1-7ow5_E-1-7ow5_C-1__ligand.sdf	1942	59	1098.83	-10.2056	-10.2056	1098.83	-10.2056	0	-0.0092877	sas_voromqa	1098.83	2047.25
7owm-1-7owm_A-1-7owm_C-1__receptor.pdb	7owm-1-7owm_A-1-7owm_C-1__ligand.sdf	3155	122	256.325	-41.8442	-41.8555	256.316	-41.8504	0	-0.163247	sas_voromqa	256.325	2491.37
7oxe-1-7oxe_A-1-7oxe_B-1__receptor.pdb	7oxe-1-7oxe_A-1-7oxe_B-1__ligand.sdf	1722	53	314.883	-33.7811	-33.7811	314.883	-33.7811	0	-0.107281	sas_voromqa	314.883	1290.42
7oxg-1-7oxg_A-1-7oxg_C-1__receptor.pdb	7oxg-1-7oxg_A-1-7oxg_C-1__ligand.sdf	769	117	1198.63	230.389	230.389	1198.63	230.389	0	0.19221	sas_voromqa	1198.63	3275.3
7oxh-1-7oxh_A-1-7oxh_E-1__receptor.pdb	7oxh-1-7oxh_A-1-7oxh_E-1__ligand.sdf	1197	9	134.549	16.9621	16.9621	134.549	16.9621	0	0.126066	sas_voromqa	134.549	317.553
7oym-1-7oym_A-1-7oym_B-1__receptor.pdb	7oym-1-7oym_A-1-7oym_B-1__ligand.sdf	2030	34	291.323	9.32004	9.32004	291.323	9.32004	0	0.0319921	sas_voromqa	291.323	862.433
7oyq-1-7oyq_A-1-7oyq_B-1__receptor.pdb	7oyq-1-7oyq_A-1-7oyq_B-1__ligand.sdf	2025	12	102.226	20.9912	20.9912	102.226	20.9912	0	0.205341	sas_voromqa	102.226	316.976
7p00-1-7p00_R-1-7p00_P-1__receptor.pdb	7p00-1-7p00_R-1-7p00_P-1__ligand.sdf	2359	95	535.169	-54.6948	-54.6948	535.169	-54.6948	0	-0.102201	sas_voromqa	535.169	2284.24
7p09-1-7p09_A-1-7p09_G-1__receptor.pdb	7p09-1-7p09_A-1-7p09_G-1__ligand.sdf	4164	55	1012.53	79.7932	79.7932	1012.53	79.7932	0	0.0788058	sas_voromqa	1012.53	1934.28
7p09-1-7p09_B-1-7p09_G-1__receptor.pdb	7p09-1-7p09_B-1-7p09_G-1__ligand.sdf	4186	55	1093.03	88.229	88.229	1093.03	88.229	0	0.0807197	sas_voromqa	1093.03	1989.84
7p0l-1-7p0l_A-1-7p0l_C-1__receptor.pdb	7p0l-1-7p0l_A-1-7p0l_C-1__ligand.sdf	1554	53	581.549	-24.4654	-27.5264	579.213	-26.1309	0	-0.0420694	sas_voromqa	581.549	1503.3
7p0m-1-7p0m_A-1-7p0m_I-1__receptor.pdb	7p0m-1-7p0m_A-1-7p0m_I-1__ligand.sdf	4159	20	161.065	9.11525	9.11525	161.065	9.11525	0	0.0565936	sas_voromqa	161.065	542.681
7p70-1-7p70_A-1-7p70_C-1__receptor.pdb	7p70-1-7p70_A-1-7p70_C-1__ligand.sdf	3227	56	540.131	-77.3987	-77.3987	540.131	-77.3987	0	-0.143296	sas_voromqa	540.131	1505.44
7p72-1-7p72_A-1-7p72_B-1__receptor.pdb	7p72-1-7p72_A-1-7p72_B-1__ligand.sdf	3183	53	485.379	-9.70601	-9.70601	485.379	-9.70601	0	-0.0199968	sas_voromqa	485.379	1366.27
7p73-1-7p73_A-1-7p73_B-1__receptor.pdb	7p73-1-7p73_A-1-7p73_B-1__ligand.sdf	3340	55	452.664	-12.8925	-12.8925	452.664	-12.8925	0	-0.0284814	sas_voromqa	452.664	1401.42
7p8x-1-7p8x_A-1-7p8x_M-1__receptor.pdb	7p8x-1-7p8x_A-1-7p8x_M-1__ligand.sdf	2242	55	457.787	-45.597	-47.8669	456.054	-46.8321	0	-0.0996031	sas_voromqa	457.787	1367.87
7p93-1-7p93_A-1-7p93_B-1__receptor.pdb	7p93-1-7p93_A-1-7p93_B-1__ligand.sdf	2229	63	748.676	-76.5387	-77.9703	747.584	-77.3177	0	-0.102232	sas_voromqa	748.676	1777.31
7pbe-1-7pbe_D-1-7pbe_C-1__receptor.pdb	7pbe-1-7pbe_D-1-7pbe_C-1__ligand.sdf	1564	82	1190.61	80.2175	80.2175	1190.61	80.2175	0	0.0673751	sas_voromqa	1190.61	2559.61
7pbe-1-7pbe_E-1-7pbe_C-1__receptor.pdb	7pbe-1-7pbe_E-1-7pbe_C-1__ligand.sdf	1945	82	1225.8	97.2614	97.2614	1225.8	97.2614	0	0.0793452	sas_voromqa	1225.8	2591.76
7pc3-1-7pc3_A-1-7pc3_C-1__receptor.pdb	7pc3-1-7pc3_A-1-7pc3_C-1__ligand.sdf	3205	70	742.836	-69.9084	-74.0408	739.682	-72.1568	0	-0.0941101	sas_voromqa	742.836	1937.53
7pc5-1-7pc5_A-1-7pc5_B-1__receptor.pdb	7pc5-1-7pc5_A-1-7pc5_B-1__ligand.sdf	3225	48	467.582	3.15844	3.15844	467.582	3.15844	0	0.00675484	sas_voromqa	467.582	1372.39
7pc7-1-7pc7_A-1-7pc7_E-1__receptor.pdb	7pc7-1-7pc7_A-1-7pc7_E-1__ligand.sdf	3168	87	1024.36	-52.9	-52.9	1024.36	-52.9	0	-0.051642	sas_voromqa	1024.36	2489.95
7pda-1-7pda_A-1-7pda_B-1__receptor.pdb	7pda-1-7pda_A-1-7pda_B-1__ligand.sdf	3640	23	361.947	8.172	8.172	361.947	8.172	0	0.0225779	sas_voromqa	361.947	746.912
7pdw-1-7pdw_BBB-1-7pdw_EEE-1__receptor.pdb	7pdw-1-7pdw_BBB-1-7pdw_EEE-1__ligand.sdf	1858	72	1134.22	32.8144	32.8144	1134.22	32.8144	0	0.0289312	sas_voromqa	1134.22	2295.51
7piu-1-7piu_R-1-7piu_P-1__receptor.pdb	7piu-1-7piu_R-1-7piu_P-1__ligand.sdf	1988	74	381.728	8.47543	8.47543	381.728	8.47543	0	0.0222028	sas_voromqa	381.728	1756.79
7pkt-1-7pkt_K-1-7pkt_X-1__receptor.pdb	7pkt-1-7pkt_K-1-7pkt_X-1__ligand.sdf	1571	155	2736.66	182.774	182.774	2736.66	182.774	0	0.0667873	sas_voromqa	2736.66	5277.9
7pkt-1-7pkt_L-1-7pkt_X-1__receptor.pdb	7pkt-1-7pkt_L-1-7pkt_X-1__ligand.sdf	1167	155	2863.21	194.717	194.717	2863.21	194.717	0	0.0680065	sas_voromqa	2863.21	5368.3
7pkt-1-7pkt_M-1-7pkt_X-1__receptor.pdb	7pkt-1-7pkt_M-1-7pkt_X-1__ligand.sdf	2967	155	1986.91	145.734	145.734	1986.91	145.734	0	0.0733471	sas_voromqa	1986.91	4816.1
7ppm-1-7ppm_A-1-7ppm_B-1__receptor.pdb	7ppm-1-7ppm_A-1-7ppm_B-1__ligand.sdf	2242	51	489.978	16.5518	15.7508	489.366	16.116	0	0.0337807	sas_voromqa	489.978	1342.99
7prw-1-7prw_A-1-7prw_F-1__receptor.pdb	7prw-1-7prw_A-1-7prw_F-1__ligand.sdf	2621	76	708.093	41.5454	41.5454	708.093	41.5454	0	0.0586722	sas_voromqa	708.093	2144.41
7pvt-1-7pvt_A-1-7pvt_B-1__receptor.pdb	7pvt-1-7pvt_A-1-7pvt_B-1__ligand.sdf	427	74	834.014	-4.69352	-4.69352	834.014	-4.69352	0	-0.00562763	sas_voromqa	834.014	2087.63
7pvx-1-7pvx_A-1-7pvx_B-1__receptor.pdb	7pvx-1-7pvx_A-1-7pvx_B-1__ligand.sdf	469	93	1018.69	-45.4054	-45.4054	1018.69	-45.4054	0	-0.0445723	sas_voromqa	1018.69	2596.47
7pxa-1-7pxa_0-1-7pxa_A-1__receptor.pdb	7pxa-1-7pxa_0-1-7pxa_A-1__ligand.sdf	1658	42	326.483	7.23237	7.23237	326.483	7.23237	0	0.0221524	sas_voromqa	326.483	1088.57
7pxa-1-7pxa_0-1-7pxa_D-1__receptor.pdb	7pxa-1-7pxa_0-1-7pxa_D-1__ligand.sdf	1658	42	631.834	25.8015	25.8015	631.834	25.8015	0	0.0408359	sas_voromqa	631.834	1358.28
7pxa-1-7pxa_2-1-7pxa_A-1__receptor.pdb	7pxa-1-7pxa_2-1-7pxa_A-1__ligand.sdf	1658	42	612.483	29.1111	29.1111	612.483	29.1111	0	0.0475296	sas_voromqa	612.483	1339.72
7pxa-1-7pxa_6-1-7pxa_B-1__receptor.pdb	7pxa-1-7pxa_6-1-7pxa_B-1__ligand.sdf	1658	42	604.231	25.2894	25.2894	604.231	25.2894	0	0.0418539	sas_voromqa	604.231	1346.33
7q21-1-7q21_A-1-7q21_X-1__receptor.pdb	7q21-1-7q21_A-1-7q21_X-1__ligand.sdf	3117	117	2098.29	213.352	213.352	2098.29	213.352	0	0.101679	sas_voromqa	2098.29	4119.04
7q21-1-7q21_L-1-7q21_X-1__receptor.pdb	7q21-1-7q21_L-1-7q21_X-1__ligand.sdf	1120	117	2340.14	219.374	219.374	2340.14	219.374	0	0.093744	sas_voromqa	2340.14	4271.22
7q3l-1-7q3l_A-1-7q3l_p-1__receptor.pdb	7q3l-1-7q3l_A-1-7q3l_p-1__ligand.sdf	6479	172	1681.68	-263.04	-263.04	1681.68	-263.04	0	-0.156415	sas_voromqa	1681.68	4616.15
7q42-1-7q42_A-1-7q42_B-1__receptor.pdb	7q42-1-7q42_A-1-7q42_B-1__ligand.sdf	2747	81	812.145	-113.64	-113.64	812.145	-113.64	0	-0.139926	sas_voromqa	812.145	2131.58
7q4i-1-7q4i_A-1-7q4i_F-1__receptor.pdb	7q4i-1-7q4i_A-1-7q4i_F-1__ligand.sdf	2276	61	611.199	-18.4163	-18.4163	611.199	-18.4163	0	-0.0301314	sas_voromqa	611.199	1649.54
7q4i-1-7q4i_B-1-7q4i_G-1__receptor.pdb	7q4i-1-7q4i_B-1-7q4i_G-1__ligand.sdf	2294	57	481.315	-48.4469	-48.4469	481.315	-48.4469	0	-0.100655	sas_voromqa	481.315	1458.92
7q4q-1-7q4q_A-1-7q4q_E-1__receptor.pdb	7q4q-1-7q4q_A-1-7q4q_E-1__ligand.sdf	1681	115	1578.72	-30.0324	-30.0324	1578.72	-30.0324	0	-0.0190233	sas_voromqa	1578.72	3559.85
7q4q-1-7q4q_B-1-7q4q_E-1__receptor.pdb	7q4q-1-7q4q_B-1-7q4q_E-1__ligand.sdf	1643	115	1539.42	-18.9392	-18.9392	1539.42	-18.9392	0	-0.0123028	sas_voromqa	1539.42	3524.75
7q51-1-7q51_A-1-7q51_B-1__receptor.pdb	7q51-1-7q51_A-1-7q51_B-1__ligand.sdf	1659	75	589.071	126.47	126.47	589.071	126.47	0	0.214694	sas_voromqa	589.071	1876.6
7q5t-1-7q5t_AAA-1-7q5t_JJJ-1__receptor.pdb	7q5t-1-7q5t_AAA-1-7q5t_JJJ-1__ligand.sdf	2040	148	1424.41	-70.2839	-70.637	1424.14	-70.476	0	-0.0493425	sas_voromqa	1424.41	4063.75
7q5x-1-7q5x_A-1-7q5x_B-1__receptor.pdb	7q5x-1-7q5x_A-1-7q5x_B-1__ligand.sdf	1716	154	1100.67	-36.7502	-36.7502	1100.67	-36.7502	0	-0.0333889	sas_voromqa	1100.67	3849.58
7q9a-1-7q9a_D-1-7q9a_C-1__receptor.pdb	7q9a-1-7q9a_D-1-7q9a_C-1__ligand.sdf	1540	72	1270.83	43.515	43.515	1270.83	43.515	0	0.0342414	sas_voromqa	1270.83	2519.7
7q9c-1-7q9c_AA-1-7q9c_PAA-1__receptor.pdb	7q9c-1-7q9c_AA-1-7q9c_PAA-1__ligand.sdf	1689	25	191.176	-32.9452	-32.9452	191.176	-32.9452	0	-0.172329	sas_voromqa	191.176	655.17
7q9c-1-7q9c_AA-1-7q9c_PAC-1__receptor.pdb	7q9c-1-7q9c_AA-1-7q9c_PAC-1__ligand.sdf	1689	22	190.945	-1.79141	-1.79141	190.945	-1.79141	0	-0.00938181	sas_voromqa	190.945	603.82
7q9s-1-7q9s_BBB-1-7q9s_DDD-1__receptor.pdb	7q9s-1-7q9s_BBB-1-7q9s_DDD-1__ligand.sdf	1204	54	312.713	2.9135	2.9135	312.713	2.9135	0	0.00931685	sas_voromqa	312.713	1420.62
7qa8-1-7qa8_A-1-7qa8_I-1__receptor.pdb	7qa8-1-7qa8_A-1-7qa8_I-1__ligand.sdf	2299	132	952.693	38.8704	38.8704	952.693	38.8704	0	0.0408006	sas_voromqa	952.693	3523.06
7qbs-1-7qbs_A-1-7qbs_B-1__receptor.pdb	7qbs-1-7qbs_A-1-7qbs_B-1__ligand.sdf	3172	66	548.225	16.866	16.866	548.225	16.866	0	0.0307647	sas_voromqa	548.225	1826.26
7qcr-1-7qcr_A-1-7qcr_D-1__receptor.pdb	7qcr-1-7qcr_A-1-7qcr_D-1__ligand.sdf	626	39	379.925	-3.35268	-3.35268	379.925	-3.35268	0	-0.00882458	sas_voromqa	379.925	1081.22
7qh7-1-7qh7_6-1-7qh7_f-1__receptor.pdb	7qh7-1-7qh7_6-1-7qh7_f-1__ligand.sdf	2460	142	1610.81	165.816	165.816	1610.81	165.816	0	0.10294	sas_voromqa	1610.81	4128.55
7qh7-1-7qh7_W-1-7qh7_f-1__receptor.pdb	7qh7-1-7qh7_W-1-7qh7_f-1__ligand.sdf	801	142	1779.84	151.164	151.164	1779.84	151.164	0	0.0849312	sas_voromqa	1779.84	4253.87
7qhp-1-7qhp_A-1-7qhp_T-1__receptor.pdb	7qhp-1-7qhp_A-1-7qhp_T-1__ligand.sdf	1391	99	1198.81	-19.5434	-19.5434	1198.81	-19.5434	0	-0.0163023	sas_voromqa	1198.81	2893.54
7qhp-1-7qhp_B-1-7qhp_T-1__receptor.pdb	7qhp-1-7qhp_B-1-7qhp_T-1__ligand.sdf	1442	99	1149.66	11.2656	11.2656	1149.66	11.2656	0	0.00979907	sas_voromqa	1149.66	2866.32
7qi1-1-7qi1_A-1-7qi1_F-1__receptor.pdb	7qi1-1-7qi1_A-1-7qi1_F-1__ligand.sdf	1852	183	2220.33	76.3062	71.1985	2216.43	73.5271	0	0.0343671	sas_voromqa	2220.33	5466.33
7qi1-1-7qi1_B-1-7qi1_E-1__receptor.pdb	7qi1-1-7qi1_B-1-7qi1_E-1__ligand.sdf	1831	118	1500.06	-2.05129	-8.99884	1494.75	-5.83146	0	-0.00136747	sas_voromqa	1500.06	3514.02
7qik-1-7qik_A-1-7qik_F-1__receptor.pdb	7qik-1-7qik_A-1-7qik_F-1__ligand.sdf	1720	49	395.823	-12.4375	-12.4375	395.823	-12.4375	0	-0.0314219	sas_voromqa	395.823	1237.06
7qik-1-7qik_B-1-7qik_E-1__receptor.pdb	7qik-1-7qik_B-1-7qik_E-1__ligand.sdf	1772	59	501.519	14.4444	14.4444	501.519	14.4444	0	0.0288013	sas_voromqa	501.519	1498.14
7qns-1-7qns_AA-1-7qns_PC-1__receptor.pdb	7qns-1-7qns_AA-1-7qns_PC-1__ligand.sdf	1698	54	613.658	-5.56651	-5.56651	613.658	-5.56651	0	-0.00907103	sas_voromqa	613.658	1527.33
7qox-1-7qox_A-1-7qox_C-1__receptor.pdb	7qox-1-7qox_A-1-7qox_C-1__ligand.sdf	2794	55	528.172	-21.8724	-21.8724	528.172	-21.8724	0	-0.0414115	sas_voromqa	528.172	1454.48
7qox-2-7qox_B-1-7qox_D-1__receptor.pdb	7qox-2-7qox_B-1-7qox_D-1__ligand.sdf	2768	230	2255.17	91.9545	91.9545	2255.17	91.9545	0	0.040775	sas_voromqa	2255.17	6027.83
7qp4-1-7qp4_A-1-7qp4_P-1__receptor.pdb	7qp4-1-7qp4_A-1-7qp4_P-1__ligand.sdf	1887	132	1228.91	-31.9578	-31.9578	1228.91	-31.9578	0	-0.026005	sas_voromqa	1228.91	3632.72
7qpb-1-7qpb_A-2-7qpb_H-1__receptor.pdb	7qpb-1-7qpb_A-2-7qpb_H-1__ligand.sdf	853	153	1773.29	424.796	424.796	1773.29	424.796	0	0.239552	sas_voromqa	1773.29	4279.38
7qpb-1-7qpb_C-1-7qpb_H-1__receptor.pdb	7qpb-1-7qpb_C-1-7qpb_H-1__ligand.sdf	849	153	1503.56	414.593	414.593	1503.56	414.593	0	0.275741	sas_voromqa	1503.56	4068.01
7qpb-2-7qpb_A-1-7qpb_H-1__receptor.pdb	7qpb-2-7qpb_A-1-7qpb_H-1__ligand.sdf	853	153	1723.03	383.751	383.751	1723.03	383.751	0	0.222719	sas_voromqa	1723.03	4254.03
7qph-1-7qph_A-1-7qph_E-1__receptor.pdb	7qph-1-7qph_A-1-7qph_E-1__ligand.sdf	2751	53	187.756	12.3288	12.3288	187.756	12.3288	0	0.0656639	sas_voromqa	187.756	1133.47
7qpi-1-7qpi_A-1-7qpi_U-1__receptor.pdb	7qpi-1-7qpi_A-1-7qpi_U-1__ligand.sdf	1924	92	880.318	-58.856	-58.856	880.318	-58.856	0	-0.0668577	sas_voromqa	880.318	2521.35
7qpj-1-7qpj_A-1-7qpj_E-1__receptor.pdb	7qpj-1-7qpj_A-1-7qpj_E-1__ligand.sdf	1522	72	1154.69	66.7366	66.7366	1154.69	66.7366	0	0.0577961	sas_voromqa	1154.69	2308.76
7qpj-1-7qpj_B-1-7qpj_E-1__receptor.pdb	7qpj-1-7qpj_B-1-7qpj_E-1__ligand.sdf	1850	72	1142.36	39.7122	39.7122	1142.36	39.7122	0	0.0347633	sas_voromqa	1142.36	2303.28
7qql-1-7qql_C-1-7qql_F-1__receptor.pdb	7qql-1-7qql_C-1-7qql_F-1__ligand.sdf	3154	40	356.841	-26.5168	-30.4612	353.829	-28.6629	0	-0.0743098	sas_voromqa	356.841	1052.19
7qqy-1-7qqy_A-1-7qqy_B-1__receptor.pdb	7qqy-1-7qqy_A-1-7qqy_B-1__ligand.sdf	1756	65	420.193	89.5365	89.5365	420.193	89.5365	0	0.213084	sas_voromqa	420.193	1552.97
7qrd-1-7qrd_B-1-7qrd_M-1__receptor.pdb	7qrd-1-7qrd_B-1-7qrd_M-1__ligand.sdf	2751	104	1740.38	77.9827	77.9827	1740.38	77.9827	0	0.0448079	sas_voromqa	1740.38	3423.04
7qrf-1-7qrf_D-1-7qrf_C-1__receptor.pdb	7qrf-1-7qrf_D-1-7qrf_C-1__ligand.sdf	606	25	421.597	32.6413	32.6413	421.597	32.6413	0	0.077423	sas_voromqa	421.597	851.918
7qrs-1-7qrs_A-1-7qrs_D-1__receptor.pdb	7qrs-1-7qrs_A-1-7qrs_D-1__ligand.sdf	760	74	730.779	-44.3657	-44.3657	730.779	-44.3657	0	-0.0607101	sas_voromqa	730.779	1999.91
7qrt-1-7qrt_A-1-7qrt_C-1__receptor.pdb	7qrt-1-7qrt_A-1-7qrt_C-1__ligand.sdf	663	74	1131.05	-10.8332	-10.8332	1131.05	-10.8332	0	-0.009578	sas_voromqa	1131.05	2335.23
7qrt-1-7qrt_B-1-7qrt_C-1__receptor.pdb	7qrt-1-7qrt_B-1-7qrt_C-1__ligand.sdf	658	74	819.657	-53.5927	-53.5927	819.657	-53.5927	0	-0.0653843	sas_voromqa	819.657	2073.11
7qs8-1-7qs8_A-1-7qs8_C-1__receptor.pdb	7qs8-1-7qs8_A-1-7qs8_C-1__ligand.sdf	578	65	789.737	3.49731	3.49731	789.737	3.49731	0	0.00442845	sas_voromqa	789.737	1873.52
7quv-1-7quv_A-1-7quv_C-1__receptor.pdb	7quv-1-7quv_A-1-7quv_C-1__ligand.sdf	727	177	2481.83	323.156	323.156	2481.83	323.156	0	0.130209	sas_voromqa	2481.83	5275.01
7quv-1-7quv_A-1-7quv_C-2__receptor.pdb	7quv-1-7quv_A-1-7quv_C-2__ligand.sdf	727	177	2547.93	317.16	317.16	2547.93	317.16	0	0.124478	sas_voromqa	2547.93	5328
7quv-1-7quv_B-1-7quv_C-1__receptor.pdb	7quv-1-7quv_B-1-7quv_C-1__ligand.sdf	879	177	2090.68	187.642	187.642	2090.68	187.642	0	0.0897517	sas_voromqa	2090.68	4978.25
7qwr-1-7qwr_C-1-7qwr_s-1__receptor.pdb	7qwr-1-7qwr_C-1-7qwr_s-1__ligand.sdf	2883	120	2447.55	229.03	229.03	2447.55	229.03	0	0.0935752	sas_voromqa	2447.55	4349.76
7qwr-1-7qwr_l-1-7qwr_s-1__receptor.pdb	7qwr-1-7qwr_l-1-7qwr_s-1__ligand.sdf	444	120	2393.6	234.003	234.003	2393.6	234.003	0	0.0977619	sas_voromqa	2393.6	4300.62
7qwv-1-7qwv_A-1-7qwv_B-1__receptor.pdb	7qwv-1-7qwv_A-1-7qwv_B-1__ligand.sdf	923	130	988.282	-40.7155	-40.7155	988.282	-40.7155	0	-0.0411983	sas_voromqa	988.282	3230.23
7qy5-1-7qy5_B-1-7qy5_F-1__receptor.pdb	7qy5-1-7qy5_B-1-7qy5_F-1__ligand.sdf	2578	44	460.986	-37.5065	-37.5065	460.986	-37.5065	0	-0.0813615	sas_voromqa	460.986	1178.66
7qyr-1-7qyr_A-1-7qyr_K-1__receptor.pdb	7qyr-1-7qyr_A-1-7qyr_K-1__ligand.sdf	2184	37	275.729	-0.724398	-0.724398	275.729	-0.724398	0	-0.00262721	sas_voromqa	275.729	948.028
7qyr-2-7qyr_B-1-7qyr_T-1__receptor.pdb	7qyr-2-7qyr_B-1-7qyr_T-1__ligand.sdf	2149	210	1848.05	-209.462	-209.462	1848.05	-209.462	0	-0.113342	sas_voromqa	1848.05	5471.28
7r1o-1-7r1o_AAA-1-7r1o_FFF-1__receptor.pdb	7r1o-1-7r1o_AAA-1-7r1o_FFF-1__ligand.sdf	397	33	357.589	12.5226	12.5226	357.589	12.5226	0	0.0350195	sas_voromqa	357.589	941.903
7r4h-1-7r4h_S-1-7r4h_L-1__receptor.pdb	7r4h-1-7r4h_S-1-7r4h_L-1__ligand.sdf	1197	72	748.471	-58.3469	-62.2759	745.472	-60.4847	0	-0.0779548	sas_voromqa	748.471	2059.33
7r51-1-7r51_A-1-7r51_C-1__receptor.pdb	7r51-1-7r51_A-1-7r51_C-1__ligand.sdf	5549	20	22.5273	-7.35031	-7.35031	22.5273	-7.35031	0	-0.326285	sas_voromqa	22.5273	379.82
7r5i-1-7r5i_A-1-7r5i_E-1__receptor.pdb	7r5i-1-7r5i_A-1-7r5i_E-1__ligand.sdf	1043	86	1010.35	-16.159	-16.159	1010.35	-16.159	0	-0.0159935	sas_voromqa	1010.35	2371.29
7r5i-1-7r5i_B-1-7r5i_E-1__receptor.pdb	7r5i-1-7r5i_B-1-7r5i_E-1__ligand.sdf	1063	86	1317.41	30.7248	30.7248	1317.41	30.7248	0	0.0233221	sas_voromqa	1317.41	2644.96
7r6q-1-7r6q_X-1-7r6q_h-1__receptor.pdb	7r6q-1-7r6q_X-1-7r6q_h-1__ligand.sdf	465	151	2303.18	64.0251	64.0251	2303.18	64.0251	0	0.0277986	sas_voromqa	2303.18	4810.81
7r7w-1-7r7w_A-1-7r7w_C-1__receptor.pdb	7r7w-1-7r7w_A-1-7r7w_C-1__ligand.sdf	2250	78	346.995	-9.81071	-9.81071	346.995	-9.81071	0	-0.0282733	sas_voromqa	346.995	1750.49
7r80-1-7r80_A-1-7r80_E-1__receptor.pdb	7r80-1-7r80_A-1-7r80_E-1__ligand.sdf	1459	73	1277.85	68.3864	68.3864	1277.85	68.3864	0	0.0535168	sas_voromqa	1277.85	2442.22
7r80-1-7r80_B-1-7r80_E-1__receptor.pdb	7r80-1-7r80_B-1-7r80_E-1__ligand.sdf	1801	73	1185.41	87.3957	87.3957	1185.41	87.3957	0	0.0737261	sas_voromqa	1185.41	2361.52
7raf-1-7raf_A-1-7raf_D-1__receptor.pdb	7raf-1-7raf_A-1-7raf_D-1__ligand.sdf	2023	102	912.062	-81.4449	-81.4449	912.062	-81.4449	0	-0.0892975	sas_voromqa	912.062	2695.45
7raq-1-7raq_H-1-7raq_P-1__receptor.pdb	7raq-1-7raq_H-1-7raq_P-1__ligand.sdf	1710	132	1251.5	32.6738	32.6738	1251.5	32.6738	0	0.0261077	sas_voromqa	1251.5	3489.24
7rc6-1-7rc6_A-1-7rc6_C-1__receptor.pdb	7rc6-1-7rc6_A-1-7rc6_C-1__ligand.sdf	2896	93	440.392	89.3521	89.3521	440.392	89.3521	0	0.202892	sas_voromqa	440.392	2099.58
7rcu-1-7rcu_A-1-7rcu_Q-1__receptor.pdb	7rcu-1-7rcu_A-1-7rcu_Q-1__ligand.sdf	233	143	1603.09	90.6023	90.6023	1603.09	90.6023	0	0.0565173	sas_voromqa	1603.09	3969.54
7rcu-1-7rcu_A-1-7rcu_S-1__receptor.pdb	7rcu-1-7rcu_A-1-7rcu_S-1__ligand.sdf	233	165	1832.68	102.557	102.557	1832.68	102.557	0	0.0559601	sas_voromqa	1832.68	4650.47
7rd3-1-7rd3_A-1-7rd3_C-1__receptor.pdb	7rd3-1-7rd3_A-1-7rd3_C-1__ligand.sdf	1625	109	1186.87	-17.8874	-17.8874	1186.87	-17.8874	0	-0.0150711	sas_voromqa	1186.87	2943.3
7rdv-1-7rdv_B-1-7rdv_H-1__receptor.pdb	7rdv-1-7rdv_B-1-7rdv_H-1__ligand.sdf	1350	95	1154.24	-31.8908	-31.8908	1154.24	-31.8908	0	-0.0276293	sas_voromqa	1154.24	2753.55
7re7-2-7re7_H-1-7re7_C-1__receptor.pdb	7re7-2-7re7_H-1-7re7_C-1__ligand.sdf	1605	85	1327.68	142.232	142.232	1327.68	142.232	0	0.107128	sas_voromqa	1327.68	2758.87
7re7-2-7re7_L-1-7re7_C-1__receptor.pdb	7re7-2-7re7_L-1-7re7_C-1__ligand.sdf	1569	85	1396.71	206.608	206.608	1396.71	206.608	0	0.147925	sas_voromqa	1396.71	2772.95
7rfy-1-7rfy_A-1-7rfy_B-1__receptor.pdb	7rfy-1-7rfy_A-1-7rfy_B-1__ligand.sdf	3004	139	1381.39	52.2444	52.2444	1381.39	52.2444	0	0.0378202	sas_voromqa	1381.39	3868.29
7rij-1-7rij_A-1-7rij_B-1__receptor.pdb	7rij-1-7rij_A-1-7rij_B-1__ligand.sdf	213	221	1982.5	311.433	311.433	1982.5	311.433	0	0.157091	sas_voromqa	1982.5	5738.96
7rjl-1-7rjl_A-1-7rjl_C-1__receptor.pdb	7rjl-1-7rjl_A-1-7rjl_C-1__ligand.sdf	1008	53	499.179	-18.0422	-18.0422	499.179	-18.0422	0	-0.0361437	sas_voromqa	499.179	1476.73
7rjl-2-7rjl_B-1-7rjl_D-1__receptor.pdb	7rjl-2-7rjl_B-1-7rjl_D-1__ligand.sdf	947	15	122.191	5.39237	5.39237	122.191	5.39237	0	0.0441307	sas_voromqa	122.191	482.205
7rk7-1-7rk7_D-1-7rk7_C-1__receptor.pdb	7rk7-1-7rk7_D-1-7rk7_C-1__ligand.sdf	1471	70	1181.88	95.5696	95.5696	1181.88	95.5696	0	0.0808624	sas_voromqa	1181.88	2302.08
7rk7-1-7rk7_E-1-7rk7_C-1__receptor.pdb	7rk7-1-7rk7_E-1-7rk7_C-1__ligand.sdf	1974	70	1233.64	89.4208	89.4208	1233.64	89.4208	0	0.0724853	sas_voromqa	1233.64	2363.74
7rlx-1-7rlx_A-1-7rlx_P-1__receptor.pdb	7rlx-1-7rlx_A-1-7rlx_P-1__ligand.sdf	1657	73	886.55	-77.2796	-77.2796	886.55	-77.2796	0	-0.0871689	sas_voromqa	886.55	2076.99
7rlx-1-7rlx_B-1-7rlx_P-1__receptor.pdb	7rlx-1-7rlx_B-1-7rlx_P-1__ligand.sdf	1678	73	1086.84	-143.912	-143.912	1086.84	-143.912	0	-0.132413	sas_voromqa	1086.84	2203.91
7rm0-1-7rm0_A-1-7rm0_P-1__receptor.pdb	7rm0-1-7rm0_A-1-7rm0_P-1__ligand.sdf	1645	54	626.163	21.0593	21.0593	626.163	21.0593	0	0.0336323	sas_voromqa	626.163	1533.15
7rm0-1-7rm0_B-1-7rm0_P-1__receptor.pdb	7rm0-1-7rm0_B-1-7rm0_P-1__ligand.sdf	1697	54	828.005	18.3075	18.3075	828.005	18.3075	0	0.0221104	sas_voromqa	828.005	1721.89
7rm3-1-7rm3_A-1-7rm3_Q-1__receptor.pdb	7rm3-1-7rm3_A-1-7rm3_Q-1__ligand.sdf	1660	58	699.775	0.560954	0.560954	699.775	0.560954	0	0.000801621	sas_voromqa	699.775	1673.79
7rm3-1-7rm3_B-1-7rm3_Q-1__receptor.pdb	7rm3-1-7rm3_B-1-7rm3_Q-1__ligand.sdf	1695	58	905.987	-4.80949	-4.80949	905.987	-4.80949	0	-0.00530856	sas_voromqa	905.987	1853.49
7rma-1-7rma_A-1-7rma_C-1__receptor.pdb	7rma-1-7rma_A-1-7rma_C-1__ligand.sdf	601	151	1479.83	-74.3892	-149.988	1422.12	-115.522	0	-0.0502687	sas_voromqa	1479.83	4079.37
7rma-1-7rma_A-1-7rma_C-2__receptor.pdb	7rma-1-7rma_A-1-7rma_C-2__ligand.sdf	601	151	1815.03	-53.497	-127.166	1758.8	-93.5804	0	-0.0294744	sas_voromqa	1815.03	4368.75
7rmr-1-7rmr_A-1-7rmr_B-1__receptor.pdb	7rmr-1-7rmr_A-1-7rmr_B-1__ligand.sdf	215	221	2014.53	175.827	126.634	1976.97	149.061	0	0.0872794	sas_voromqa	2014.53	5786.35
7rnc-1-7rnc_A-1-7rnc_F-1__receptor.pdb	7rnc-1-7rnc_A-1-7rnc_F-1__ligand.sdf	1110	40	667.347	-5.56752	-5.56752	667.347	-5.56752	0	-0.00834277	sas_voromqa	667.347	1322.02
7rnj-1-7rnj_H-1-7rnj_B-1__receptor.pdb	7rnj-1-7rnj_H-1-7rnj_B-1__ligand.sdf	1379	116	1112.67	39.4604	39.4604	1112.67	39.4604	0	0.0354646	sas_voromqa	1112.67	3047.98
7rnu-1-7rnu_A-1-7rnu_B-1__receptor.pdb	7rnu-1-7rnu_A-1-7rnu_B-1__ligand.sdf	869	41	369.29	13.4564	13.1521	369.058	13.2908	0	0.0364386	sas_voromqa	369.29	1039.51
7rov-1-7rov_A-1-7rov_E-1__receptor.pdb	7rov-1-7rov_A-1-7rov_E-1__ligand.sdf	1333	105	724.547	32.0113	32.0113	724.547	32.0113	0	0.0441811	sas_voromqa	724.547	2551.37
7roy-1-7roy_A-1-7roy_G-1__receptor.pdb	7roy-1-7roy_A-1-7roy_G-1__ligand.sdf	2951	118	808.055	41.899	41.899	808.055	41.899	0	0.0518517	sas_voromqa	808.055	2925.3
7roy-2-7roy_B-1-7roy_H-1__receptor.pdb	7roy-2-7roy_B-1-7roy_H-1__ligand.sdf	2939	182	2690.91	196.226	176.162	2675.59	185.309	0	0.0729218	sas_voromqa	2690.91	5737.95
7rpu-1-7rpu_A-1-7rpu_P-1__receptor.pdb	7rpu-1-7rpu_A-1-7rpu_P-1__ligand.sdf	1562	101	1177.83	64.794	64.794	1177.83	64.794	0	0.0550113	sas_voromqa	1177.83	2858.56
7rpu-1-7rpu_B-1-7rpu_P-1__receptor.pdb	7rpu-1-7rpu_B-1-7rpu_P-1__ligand.sdf	1679	101	1167.08	40.6845	40.6845	1167.08	40.6845	0	0.0348601	sas_voromqa	1167.08	2853.7
7rqq-1-7rqq_H-1-7rqq_P-1__receptor.pdb	7rqq-1-7rqq_H-1-7rqq_P-1__ligand.sdf	1655	43	554.23	-38.7014	-38.7014	554.23	-38.7014	0	-0.0698291	sas_voromqa	554.23	1255.01
7rqq-1-7rqq_L-1-7rqq_P-1__receptor.pdb	7rqq-1-7rqq_L-1-7rqq_P-1__ligand.sdf	1643	43	534.591	-11.1397	-11.1397	534.591	-11.1397	0	-0.0208378	sas_voromqa	534.591	1234.16
7rti-1-7rti_C-1-7rti_D-1__receptor.pdb	7rti-1-7rti_C-1-7rti_D-1__ligand.sdf	3311	97	970.097	70.663	70.663	970.097	70.663	0	0.0728412	sas_voromqa	970.097	2679.9
7rup-1-7rup_A-1-7rup_B-1__receptor.pdb	7rup-1-7rup_A-1-7rup_B-1__ligand.sdf	500	62	675.336	-49.6016	-49.6016	675.336	-49.6016	0	-0.0734473	sas_voromqa	675.336	1705.04
7ruq-1-7ruq_A-1-7ruq_B-1__receptor.pdb	7ruq-1-7ruq_A-1-7ruq_B-1__ligand.sdf	491	51	545.656	-15.775	-15.775	545.656	-15.775	0	-0.0289102	sas_voromqa	545.656	1404.33
7rxq-1-7rxq_A-1-7rxq_B-1__receptor.pdb	7rxq-1-7rxq_A-1-7rxq_B-1__ligand.sdf	2018	120	1078.76	8.30662	8.30662	1078.76	8.30662	0	0.00770016	sas_voromqa	1078.76	3213.33
7ryc-1-7ryc_O-1-7ryc_L-1__receptor.pdb	7ryc-1-7ryc_O-1-7ryc_L-1__ligand.sdf	2097	69	281.969	17.4015	17.4015	281.969	17.4015	0	0.0617142	sas_voromqa	281.969	1684.34
7rzi-1-7rzi_A-1-7rzi_a-1__receptor.pdb	7rzi-1-7rzi_A-1-7rzi_a-1__ligand.sdf	7763	83	669.842	65.5679	65.5679	669.842	65.5679	0	0.0978856	sas_voromqa	669.842	2217.55
7s3m-1-7s3m_L-1-7s3m_A-1__receptor.pdb	7s3m-1-7s3m_L-1-7s3m_A-1__ligand.sdf	1683	122	1388.03	124.431	124.431	1388.03	124.431	0	0.0896458	sas_voromqa	1388.03	3422.76
7s3n-1-7s3n_H-1-7s3n_A-1__receptor.pdb	7s3n-1-7s3n_H-1-7s3n_A-1__ligand.sdf	1633	92	821.226	24.1745	24.1745	821.226	24.1745	0	0.0294371	sas_voromqa	821.226	2413.46
7s3n-1-7s3n_L-1-7s3n_A-1__receptor.pdb	7s3n-1-7s3n_L-1-7s3n_A-1__ligand.sdf	1647	92	1015.85	135.229	135.229	1015.85	135.229	0	0.133119	sas_voromqa	1015.85	2575.79
7s4g-1-7s4g_A-1-7s4g_K-1__receptor.pdb	7s4g-1-7s4g_A-1-7s4g_K-1__ligand.sdf	1584	68	768.72	33.4606	33.4606	768.72	33.4606	0	0.0435277	sas_voromqa	768.72	1948.63
7s4g-1-7s4g_B-1-7s4g_K-1__receptor.pdb	7s4g-1-7s4g_B-1-7s4g_K-1__ligand.sdf	1662	68	782.739	65.0016	65.0016	782.739	65.0016	0	0.0830438	sas_voromqa	782.739	1943.43
7s4m-1-7s4m_C-1-7s4m_D-1__receptor.pdb	7s4m-1-7s4m_C-1-7s4m_D-1__ligand.sdf	1982	95	962.264	94.4028	94.4028	962.264	94.4028	0	0.0981049	sas_voromqa	962.264	2666.03
7s4o-1-7s4o_A-1-7s4o_C-1__receptor.pdb	7s4o-1-7s4o_A-1-7s4o_C-1__ligand.sdf	1305	37	215.385	20.0633	20.0633	215.385	20.0633	0	0.0931509	sas_voromqa	215.385	868.911
7s5h-1-7s5h_B-1-7s5h_C-1__receptor.pdb	7s5h-1-7s5h_B-1-7s5h_C-1__ligand.sdf	1672	100	856.004	138.989	138.989	856.004	138.989	0	0.16237	sas_voromqa	856.004	2491.47
7s7j-1-7s7j_A-1-7s7j_B-1__receptor.pdb	7s7j-1-7s7j_A-1-7s7j_B-1__ligand.sdf	684	171	1479.22	-131.775	-204.047	1424.04	-171.098	0	-0.0890841	sas_voromqa	1479.22	4474.31
7s8l-1-7s8l_R-1-7s8l_A-1__receptor.pdb	7s8l-1-7s8l_R-1-7s8l_A-1__ligand.sdf	1862	56	360.43	29.4834	29.4834	360.43	29.4834	0	0.0818006	sas_voromqa	360.43	1483.92
7s8m-1-7s8m_R-1-7s8m_A-1__receptor.pdb	7s8m-1-7s8m_R-1-7s8m_A-1__ligand.sdf	1892	39	328.877	65.9666	65.9666	328.877	65.9666	0	0.200581	sas_voromqa	328.877	1081.91
7sa3-1-7sa3_A-1-7sa3_N-1__receptor.pdb	7sa3-1-7sa3_A-1-7sa3_N-1__ligand.sdf	2382	115	1490	109.289	109.289	1490	109.289	0	0.0733483	sas_voromqa	1490	3410.66
7sg0-1-7sg0_D-1-7sg0_C-1__receptor.pdb	7sg0-1-7sg0_D-1-7sg0_C-1__ligand.sdf	1553	93	1558.72	155.305	155.305	1558.72	155.305	0	0.0996362	sas_voromqa	1558.72	3033.17
7sg0-1-7sg0_E-1-7sg0_C-1__receptor.pdb	7sg0-1-7sg0_E-1-7sg0_C-1__ligand.sdf	1882	93	1485.03	192.375	192.375	1485.03	192.375	0	0.129543	sas_voromqa	1485.03	2967.83
7sg5-1-7sg5_H-1-7sg5_A-1__receptor.pdb	7sg5-1-7sg5_H-1-7sg5_A-1__ligand.sdf	1666	96	1087.55	-38.6173	-38.6173	1087.55	-38.6173	0	-0.0355085	sas_voromqa	1087.55	2623.77
7sg5-1-7sg5_L-1-7sg5_A-1__receptor.pdb	7sg5-1-7sg5_L-1-7sg5_A-1__ligand.sdf	1681	96	1129.23	-60.2759	-60.2759	1129.23	-60.2759	0	-0.0533779	sas_voromqa	1129.23	2701.82
7sid-1-7sid_A-1-7sid_B-1__receptor.pdb	7sid-1-7sid_A-1-7sid_B-1__ligand.sdf	22210	83	852.271	-23.357	-23.357	852.271	-23.357	0	-0.0274056	sas_voromqa	852.271	2314.59
7sjp-1-7sjp_H-1-7sjp_E-1__receptor.pdb	7sjp-1-7sjp_H-1-7sjp_E-1__ligand.sdf	1655	95	773.346	73.6449	73.6449	773.346	73.6449	0	0.0952289	sas_voromqa	773.346	2453.5
7sjp-1-7sjp_L-1-7sjp_E-1__receptor.pdb	7sjp-1-7sjp_L-1-7sjp_E-1__ligand.sdf	1623	95	1192.51	30.9319	30.9319	1192.51	30.9319	0	0.0259385	sas_voromqa	1192.51	2834.91
7skz-1-7skz_H-1-7skz_A-1__receptor.pdb	7skz-1-7skz_H-1-7skz_A-1__ligand.sdf	1672	90	777.966	36.374	36.374	777.966	36.374	0	0.0467553	sas_voromqa	777.966	2300.23
7skz-1-7skz_L-1-7skz_A-1__receptor.pdb	7skz-1-7skz_L-1-7skz_A-1__ligand.sdf	1616	90	1233.43	0.877136	0.877136	1233.43	0.877136	0	0.000711136	sas_voromqa	1233.43	2670.46
7sl5-1-7sl5_A-1-7sl5_C-1__receptor.pdb	7sl5-1-7sl5_A-1-7sl5_C-1__ligand.sdf	1670	119	1137.56	122.679	122.679	1137.56	122.679	0	0.107844	sas_voromqa	1137.56	3179.57
7sl5-1-7sl5_B-1-7sl5_C-1__receptor.pdb	7sl5-1-7sl5_B-1-7sl5_C-1__ligand.sdf	1621	119	1589.14	89.0193	89.0193	1589.14	89.0193	0	0.0560173	sas_voromqa	1589.14	3588.49
7smd-1-7smd_A-1-7smd_B-1__receptor.pdb	7smd-1-7smd_A-1-7smd_B-1__ligand.sdf	2774	108	1354.16	-88.8541	-88.8541	1354.16	-88.8541	0	-0.0656157	sas_voromqa	1354.16	3207.27
7sme-1-7sme_A-1-7sme_B-1__receptor.pdb	7sme-1-7sme_A-1-7sme_B-1__ligand.sdf	2774	68	691.251	11.0474	11.0474	691.251	11.0474	0	0.0159817	sas_voromqa	691.251	1855.55
7smk-1-7smk_A-1-7smk_C-1__receptor.pdb	7smk-1-7smk_A-1-7smk_C-1__ligand.sdf	3546	73	924.993	-40.9426	-40.9426	924.993	-40.9426	0	-0.0442626	sas_voromqa	924.993	2174.09
7smk-1-7smk_A-1-7smk_C-6__receptor.pdb	7smk-1-7smk_A-1-7smk_C-6__ligand.sdf	3546	73	923.742	-51.5535	-51.5535	923.742	-51.5535	0	-0.0558094	sas_voromqa	923.742	2197.34
7smk-1-7smk_B-1-7smk_C-1__receptor.pdb	7smk-1-7smk_B-1-7smk_C-1__ligand.sdf	884	73	1042.88	-71.2024	-71.2024	1042.88	-71.2024	0	-0.0682748	sas_voromqa	1042.88	2238.94
7sn6-1-7sn6_A-1-7sn6_C-1__receptor.pdb	7sn6-1-7sn6_A-1-7sn6_C-1__ligand.sdf	806	93	951.073	34.5736	34.5736	951.073	34.5736	0	0.0363522	sas_voromqa	951.073	2538.93
7snx-1-7snx_A-1-7snx_B-1__receptor.pdb	7snx-1-7snx_A-1-7snx_B-1__ligand.sdf	1227	89	572.586	34.8926	34.8926	572.586	34.8926	0	0.0609386	sas_voromqa	572.586	2123.73
7spi-1-7spi_C10-1-7spi_E10-1__receptor.pdb	7spi-1-7spi_C10-1-7spi_E10-1__ligand.sdf	1654	87	1206.74	37.073	37.073	1206.74	37.073	0	0.0307216	sas_voromqa	1206.74	2658.79
7spi-1-7spi_C10-1-7spi_F9-1__receptor.pdb	7spi-1-7spi_C10-1-7spi_F9-1__ligand.sdf	1654	87	1293.86	16.3866	16.3866	1293.86	16.3866	0	0.0126649	sas_voromqa	1293.86	2757.54
7ssc-1-7ssc_H-1-7ssc_P-1__receptor.pdb	7ssc-1-7ssc_H-1-7ssc_P-1__ligand.sdf	1629	91	1082.01	50.7154	50.7154	1082.01	50.7154	0	0.0468715	sas_voromqa	1082.01	2619.35
7st8-1-7st8_H-1-7st8_S-1__receptor.pdb	7st8-1-7st8_H-1-7st8_S-1__ligand.sdf	1629	106	1211.43	66.6901	66.6901	1211.43	66.6901	0	0.0550507	sas_voromqa	1211.43	3066.96
7st8-1-7st8_L-1-7st8_S-1__receptor.pdb	7st8-1-7st8_L-1-7st8_S-1__ligand.sdf	1620	106	1277.41	-2.77009	-2.77009	1277.41	-2.77009	0	-0.00216852	sas_voromqa	1277.41	3105.89
7svd-1-7svd_A-1-7svd_B-1__receptor.pdb	7svd-1-7svd_A-1-7svd_B-1__ligand.sdf	9334	85	968.315	77.2006	77.2006	968.315	77.2006	0	0.0797267	sas_voromqa	968.315	2519.66
7sxf-1-7sxf_A-1-7sxf_B-1__receptor.pdb	7sxf-1-7sxf_A-1-7sxf_B-1__ligand.sdf	2628	123	1088.93	6.69082	6.69082	1088.93	6.69082	0	0.0061444	sas_voromqa	1088.93	3210.41
7sxj-1-7sxj_A-1-7sxj_B-1__receptor.pdb	7sxj-1-7sxj_A-1-7sxj_B-1__ligand.sdf	2682	135	1167.22	-90.4593	-90.4593	1167.22	-90.4593	0	-0.0774998	sas_voromqa	1167.22	3509.36
7szi-1-7szi_C-1-7szi_D-1__receptor.pdb	7szi-1-7szi_C-1-7szi_D-1__ligand.sdf	2665	60	351.462	48.9694	48.9694	351.462	48.9694	0	0.139331	sas_voromqa	351.462	1508.74
7t10-1-7t10_R-1-7t10_P-1__receptor.pdb	7t10-1-7t10_R-1-7t10_P-1__ligand.sdf	2097	114	521.391	58.3907	58.3907	521.391	58.3907	0	0.11199	sas_voromqa	521.391	2828.1
7t1k-1-7t1k_A-1-7t1k_B-1__receptor.pdb	7t1k-1-7t1k_A-1-7t1k_B-1__ligand.sdf	813	54	439.823	-1.995	-1.995	439.823	-1.995	0	-0.00453592	sas_voromqa	439.823	1367.39
7t1l-1-7t1l_A-1-7t1l_C-1__receptor.pdb	7t1l-1-7t1l_A-1-7t1l_C-1__ligand.sdf	777	52	565.725	-17.9332	-17.9332	565.725	-17.9332	0	-0.0316995	sas_voromqa	565.725	1449.8
7t1u-1-7t1u_A-1-7t1u_D-1__receptor.pdb	7t1u-1-7t1u_A-1-7t1u_D-1__ligand.sdf	818	64	651.577	-92.3202	-92.3202	651.577	-92.3202	0	-0.141687	sas_voromqa	651.577	1710.42
7t1z-1-7t1z_B-1-7t1z_C-1__receptor.pdb	7t1z-1-7t1z_B-1-7t1z_C-1__ligand.sdf	3455	104	1009.63	18.1123	16.784	1008.61	17.3896	0	0.0179395	sas_voromqa	1009.63	2900.33
7t2b-1-7t2b_B-1-7t2b_C-1__receptor.pdb	7t2b-1-7t2b_B-1-7t2b_C-1__ligand.sdf	1473	126	1488.36	224.638	224.638	1488.36	224.638	0	0.15093	sas_voromqa	1488.36	3619.14
7t2b-1-7t2b_D-1-7t2b_C-1__receptor.pdb	7t2b-1-7t2b_D-1-7t2b_C-1__ligand.sdf	1515	126	2060.12	225.885	225.885	2060.12	225.885	0	0.109647	sas_voromqa	2060.12	4089.56
7t2b-1-7t2b_E-1-7t2b_C-1__receptor.pdb	7t2b-1-7t2b_E-1-7t2b_C-1__ligand.sdf	1889	126	1999.56	285.508	285.508	1999.56	285.508	0	0.142785	sas_voromqa	1999.56	4052.07
7t6i-1-7t6i_A-1-7t6i_C-1__receptor.pdb	7t6i-1-7t6i_A-1-7t6i_C-1__ligand.sdf	1468	121	1581.33	136.618	136.618	1581.33	136.618	0	0.0863944	sas_voromqa	1581.33	3613.97
7t6i-1-7t6i_B-1-7t6i_C-1__receptor.pdb	7t6i-1-7t6i_B-1-7t6i_C-1__ligand.sdf	1443	121	1588.83	154.785	154.785	1588.83	154.785	0	0.0974207	sas_voromqa	1588.83	3626.08
7t6u-1-7t6u_R-1-7t6u_L-1__receptor.pdb	7t6u-1-7t6u_R-1-7t6u_L-1__ligand.sdf	2346	76	414.316	22.8989	22.8989	414.316	22.8989	0	0.0552692	sas_voromqa	414.316	1912.01
7t86-1-7t86_H-1-7t86_I-1__receptor.pdb	7t86-1-7t86_H-1-7t86_I-1__ligand.sdf	1633	42	387.304	-8.36704	-8.36704	387.304	-8.36704	0	-0.0216033	sas_voromqa	387.304	1051.31
7t8m-1-7t8m_A-1-7t8m_C-1__receptor.pdb	7t8m-1-7t8m_A-1-7t8m_C-1__ligand.sdf	2333	61	427.046	25.5841	25.5841	427.046	25.5841	0	0.0599095	sas_voromqa	427.046	1502.28
7t8y-1-7t8y_A-1-7t8y_D-1__receptor.pdb	7t8y-1-7t8y_A-1-7t8y_D-1__ligand.sdf	1220	37	532.294	-21.2518	-21.2518	532.294	-21.2518	0	-0.0399249	sas_voromqa	532.294	1170.38
7tan-1-7tan_D-1-7tan_K-1__receptor.pdb	7tan-1-7tan_D-1-7tan_K-1__ligand.sdf	725	35	543.381	-54.5432	-54.5432	543.381	-54.5432	0	-0.100377	sas_voromqa	543.381	1163.56
7tbh-1-7tbh_A-1-7tbh_a-1__receptor.pdb	7tbh-1-7tbh_A-1-7tbh_a-1__ligand.sdf	1992	157	1379.62	-63.9418	-65.6665	1378.3	-64.8802	0	-0.0463474	sas_voromqa	1379.62	4233.56
7tcq-1-7tcq_H-1-7tcq_C-1__receptor.pdb	7tcq-1-7tcq_H-1-7tcq_C-1__ligand.sdf	1626	117	1257.41	49.8279	45.0682	1253.78	47.2382	0	0.0396274	sas_voromqa	1257.41	3257.81
7tcq-1-7tcq_L-1-7tcq_C-1__receptor.pdb	7tcq-1-7tcq_L-1-7tcq_C-1__ligand.sdf	1630	117	1358.76	3.10746	-1.65226	1355.13	0.517698	0	0.00228698	sas_voromqa	1358.76	3331.69
7td5-2-7td5_F-1-7td5_I-1__receptor.pdb	7td5-2-7td5_F-1-7td5_I-1__ligand.sdf	3597	63	541.078	36.3089	36.3089	541.078	36.3089	0	0.0671047	sas_voromqa	541.078	1716.14
7td5-2-7td5_F-1-7td5_J-1__receptor.pdb	7td5-2-7td5_F-1-7td5_J-1__ligand.sdf	3597	72	1132.41	70.0108	70.0108	1132.41	70.0108	0	0.0618246	sas_voromqa	1132.41	2376.11
7tf6-1-7tf6_A-1-7tf6_U-1__receptor.pdb	7tf6-1-7tf6_A-1-7tf6_U-1__ligand.sdf	3494	90	931.576	41.2941	41.2941	931.576	41.2941	0	0.0443271	sas_voromqa	931.576	2527.1
7tf6-1-7tf6_A-1-7tf6_W-1__receptor.pdb	7tf6-1-7tf6_A-1-7tf6_W-1__ligand.sdf	3494	90	886.161	1.79026	1.79026	886.161	1.79026	0	0.00202024	sas_voromqa	886.161	2473.21
7tf9-1-7tf9_A-1-7tf9_J-1__receptor.pdb	7tf9-1-7tf9_A-1-7tf9_J-1__ligand.sdf	3494	46	508.11	22.6786	22.6786	508.11	22.6786	0	0.0446332	sas_voromqa	508.11	1298.83
7tfa-1-7tfa_B-1-7tfa_A-1__receptor.pdb	7tfa-1-7tfa_B-1-7tfa_A-1__ligand.sdf	3449	82	950.203	112.567	112.567	950.203	112.567	0	0.118466	sas_voromqa	950.203	2415.49
7tfa-1-7tfa_B-1-7tfa_D-1__receptor.pdb	7tfa-1-7tfa_B-1-7tfa_D-1__ligand.sdf	3449	82	913.834	74.9913	74.9913	913.834	74.9913	0	0.0820623	sas_voromqa	913.834	2379.45
7tfa-1-7tfa_E-1-7tfa_V-1__receptor.pdb	7tfa-1-7tfa_E-1-7tfa_V-1__ligand.sdf	3449	82	1176.94	96.7751	96.7751	1176.94	96.7751	0	0.082226	sas_voromqa	1176.94	2571.63
7tfc-1-7tfc_A-1-7tfc_U-1__receptor.pdb	7tfc-1-7tfc_A-1-7tfc_U-1__ligand.sdf	3498	84	1019.27	94.3248	94.3248	1019.27	94.3248	0	0.0925415	sas_voromqa	1019.27	2515.76
7tfc-1-7tfc_A-1-7tfc_a-1__receptor.pdb	7tfc-1-7tfc_A-1-7tfc_a-1__ligand.sdf	3498	84	974.217	62.7012	62.7012	974.217	62.7012	0	0.0643606	sas_voromqa	974.217	2462.9
7tl7-1-7tl7_A-1-7tl7_a-1__receptor.pdb	7tl7-1-7tl7_A-1-7tl7_a-1__ligand.sdf	4034	127	957.78	138.955	138.955	957.78	138.955	0	0.14508	sas_voromqa	957.78	3186.64
7tl8-1-7tl8_A-1-7tl8_B-1__receptor.pdb	7tl8-1-7tl8_A-1-7tl8_B-1__ligand.sdf	3728	129	654.802	29.8469	29.8469	654.802	29.8469	0	0.0455816	sas_voromqa	654.802	2887.56
7tlt-1-7tlt_A-1-7tlt_E-1__receptor.pdb	7tlt-1-7tlt_A-1-7tlt_E-1__ligand.sdf	2228	81	221.665	37.4664	37.4664	221.665	37.4664	0	0.169023	sas_voromqa	221.665	1661.21
7toa-1-7toa_A-1-7toa_D-1__receptor.pdb	7toa-1-7toa_A-1-7toa_D-1__ligand.sdf	973	105	1042.85	22.1754	22.1754	1042.85	22.1754	0	0.0212642	sas_voromqa	1042.85	2923.82
7too-1-7too_AL17-1-7too_AGR-1__receptor.pdb	7too-1-7too_AL17-1-7too_AGR-1__ligand.sdf	1420	131	2187.13	-349.404	-349.404	2187.13	-349.404	0	-0.159755	sas_voromqa	2187.13	4326.04
7top-1-7top_AL04-1-7top_PR-1__receptor.pdb	7top-1-7top_AL04-1-7top_PR-1__ligand.sdf	2748	169	2845.62	-314.264	-314.264	2845.62	-314.264	0	-0.110438	sas_voromqa	2845.62	5567.82
7top-1-7top_AL17-1-7top_PR-1__receptor.pdb	7top-1-7top_AL17-1-7top_PR-1__ligand.sdf	1420	169	2769.49	-307.475	-307.475	2769.49	-307.475	0	-0.111022	sas_voromqa	2769.49	5493.44
7tor-1-7tor_AL24-1-7tor_GR2-1__receptor.pdb	7tor-1-7tor_AL24-1-7tor_GR2-1__ligand.sdf	528	50	841.673	69.8397	69.8397	841.673	69.8397	0	0.0829772	sas_voromqa	841.673	1679.64
7tow-1-7tow_H-1-7tow_E-1__receptor.pdb	7tow-1-7tow_H-1-7tow_E-1__ligand.sdf	1794	126	1338.01	118.085	118.085	1338.01	118.085	0	0.0882542	sas_voromqa	1338.01	3546.6
7tow-1-7tow_L-1-7tow_E-1__receptor.pdb	7tow-1-7tow_L-1-7tow_E-1__ligand.sdf	1649	126	1745.69	73.0236	73.0236	1745.69	73.0236	0	0.0418308	sas_voromqa	1745.69	3863.24
7tr4-1-7tr4_H-1-7tr4_P-1__receptor.pdb	7tr4-1-7tr4_H-1-7tr4_P-1__ligand.sdf	1578	69	1136.13	-21.2863	-21.2863	1136.13	-21.2863	0	-0.0187358	sas_voromqa	1136.13	2312.3
7trl-1-7trl_A-1-7trl_B-1__receptor.pdb	7trl-1-7trl_A-1-7trl_B-1__ligand.sdf	735	32	342.441	-37.8552	-37.8552	342.441	-37.8552	0	-0.110545	sas_voromqa	342.441	927.794
7tsx-1-7tsx_A-1-7tsx_D-1__receptor.pdb	7tsx-1-7tsx_A-1-7tsx_D-1__ligand.sdf	1650	39	231.873	21.1552	21.1552	231.873	21.1552	0	0.0912362	sas_voromqa	231.873	931.183
7tts-1-7tts_F-1-7tts_P-1__receptor.pdb	7tts-1-7tts_F-1-7tts_P-1__ligand.sdf	2980	70	1371.4	93.2815	93.2815	1371.4	93.2815	0	0.0680192	sas_voromqa	1371.4	2484.85
7tuc-1-7tuc_A-1-7tuc_P-1__receptor.pdb	7tuc-1-7tuc_A-1-7tuc_P-1__ligand.sdf	2238	78	377.87	-13.2486	-13.2486	377.87	-13.2486	0	-0.0350613	sas_voromqa	377.87	1780.01
7tud-1-7tud_A-1-7tud_Q-1__receptor.pdb	7tud-1-7tud_A-1-7tud_Q-1__ligand.sdf	2232	13	61.0622	-2.02768	-2.02768	61.0622	-2.02768	0	-0.0332068	sas_voromqa	61.0622	312.732
7txu-1-7txu_A-1-7txu_I-1__receptor.pdb	7txu-1-7txu_A-1-7txu_I-1__ligand.sdf	6645	77	467.175	-58.1849	-100.436	434.92	-81.1738	0	-0.124546	sas_voromqa	467.175	1813.97
7tzk-1-7tzk_A-1-7tzk_C-1__receptor.pdb	7tzk-1-7tzk_A-1-7tzk_C-1__ligand.sdf	512	89	1028.55	5.49749	5.49749	1028.55	5.49749	0	0.00534489	sas_voromqa	1028.55	2495.62
7u09-1-7u09_H-1-7u09_A-1__receptor.pdb	7u09-1-7u09_H-1-7u09_A-1__ligand.sdf	1703	91	1024.35	172.882	172.882	1024.35	172.882	0	0.168772	sas_voromqa	1024.35	2593.98
7u09-1-7u09_L-1-7u09_A-1__receptor.pdb	7u09-1-7u09_L-1-7u09_A-1__ligand.sdf	1531	91	881.731	87.5834	87.5834	881.731	87.5834	0	0.0993312	sas_voromqa	881.731	2454.38
7u0a-1-7u0a_H-1-7u0a_A-1__receptor.pdb	7u0a-1-7u0a_H-1-7u0a_A-1__ligand.sdf	1687	109	1048.79	109.585	109.585	1048.79	109.585	0	0.104487	sas_voromqa	1048.79	2954.22
7u0a-1-7u0a_L-1-7u0a_A-1__receptor.pdb	7u0a-1-7u0a_L-1-7u0a_A-1__ligand.sdf	1604	109	1498.17	112.637	112.637	1498.17	112.637	0	0.0751831	sas_voromqa	1498.17	3327.87
7u0e-2-7u0e_H-1-7u0e_C-1__receptor.pdb	7u0e-2-7u0e_H-1-7u0e_C-1__ligand.sdf	1673	106	1127.59	104.414	104.414	1127.59	104.414	0	0.0925993	sas_voromqa	1127.59	2957.15
7u0e-2-7u0e_L-1-7u0e_C-1__receptor.pdb	7u0e-2-7u0e_L-1-7u0e_C-1__ligand.sdf	1568	106	1103.45	63.9192	63.9192	1103.45	63.9192	0	0.0579267	sas_voromqa	1103.45	2928.6
7u0h-1-7u0h_b-1-7u0h_m-1__receptor.pdb	7u0h-1-7u0h_b-1-7u0h_m-1__ligand.sdf	4430	69	704.319	-25.622	-25.622	704.319	-25.622	0	-0.0363784	sas_voromqa	704.319	1907.54
7u5v-1-7u5v_A-1-7u5v_C-1__receptor.pdb	7u5v-1-7u5v_A-1-7u5v_C-1__ligand.sdf	966	34	202.324	8.99647	8.99647	202.324	8.99647	0	0.0444657	sas_voromqa	202.324	858.354
7u60-1-7u60_A-1-7u60_M-1__receptor.pdb	7u60-1-7u60_A-1-7u60_M-1__ligand.sdf	3490	41	613.962	67.3283	67.3283	613.962	67.3283	0	0.109662	sas_voromqa	613.962	1294.17
7u6e-1-7u6e_E-1-7u6e_H-1__receptor.pdb	7u6e-1-7u6e_E-1-7u6e_H-1__ligand.sdf	4708	157	1210.96	4.8223	4.8223	1210.96	4.8223	0	0.00398221	sas_voromqa	1210.96	3828.15
7u8c-1-7u8c_H-1-7u8c_BA2-1__receptor.pdb	7u8c-1-7u8c_H-1-7u8c_BA2-1__ligand.sdf	1601	114	1567.25	93.0496	93.0496	1567.25	93.0496	0	0.0593713	sas_voromqa	1567.25	3483.15
7u8c-1-7u8c_L-1-7u8c_BA2-1__receptor.pdb	7u8c-1-7u8c_L-1-7u8c_BA2-1__ligand.sdf	1607	114	1626.76	110.052	110.052	1626.76	110.052	0	0.067651	sas_voromqa	1626.76	3532.61
7u9k-1-7u9k_B-1-7u9k_F-1__receptor.pdb	7u9k-1-7u9k_B-1-7u9k_F-1__ligand.sdf	2562	11	11.5679	-0.659164	-0.659164	11.5679	-0.659164	0	-0.0569822	sas_voromqa	11.5679	253.588
7ubu-1-7ubu_A-1-7ubu_P-1__receptor.pdb	7ubu-1-7ubu_A-1-7ubu_P-1__ligand.sdf	5563	148	1705.88	23.6585	23.6585	1705.88	23.6585	0	0.0138688	sas_voromqa	1705.88	4360.53
7ubu-1-7ubu_A-1-7ubu_Q-1__receptor.pdb	7ubu-1-7ubu_A-1-7ubu_Q-1__ligand.sdf	5563	92	921.234	-42.6493	-42.6493	921.234	-42.6493	0	-0.0462958	sas_voromqa	921.234	2553.82
7ucx-1-7ucx_H-1-7ucx_B-1__receptor.pdb	7ucx-1-7ucx_H-1-7ucx_B-1__ligand.sdf	1564	116	1059.18	-50.7508	-56.9176	1054.48	-54.1061	0	-0.0479152	sas_voromqa	1059.18	3070.21
7ucx-1-7ucx_L-1-7ucx_B-1__receptor.pdb	7ucx-1-7ucx_L-1-7ucx_B-1__ligand.sdf	1675	116	1297	-58.9298	-62.1938	1294.51	-60.7058	0	-0.0454355	sas_voromqa	1297	3291.3
7udj-1-7udj_H-1-7udj_G-1__receptor.pdb	7udj-1-7udj_H-1-7udj_G-1__ligand.sdf	1502	104	944.056	111.388	111.388	944.056	111.388	0	0.117989	sas_voromqa	944.056	2763.7
7udl-1-7udl_A-1-7udl_B-1__receptor.pdb	7udl-1-7udl_A-1-7udl_B-1__ligand.sdf	2123	137	1386.51	120.763	120.763	1386.51	120.763	0	0.0870985	sas_voromqa	1386.51	3786.31
7udl-1-7udl_A-1-7udl_D-1__receptor.pdb	7udl-1-7udl_A-1-7udl_D-1__ligand.sdf	2123	103	1403.96	118.187	118.187	1403.96	118.187	0	0.0841812	sas_voromqa	1403.96	3243.35
7ue2-1-7ue2_A-1-7ue2_B-1__receptor.pdb	7ue2-1-7ue2_A-1-7ue2_B-1__ligand.sdf	2375	139	1075.23	83.2288	83.2288	1075.23	83.2288	0	0.0774056	sas_voromqa	1075.23	3610.56
7ug7-1-7ug7_EF-1-7ug7_B-1__receptor.pdb	7ug7-1-7ug7_EF-1-7ug7_B-1__ligand.sdf	5179	60	197.348	30.5148	30.5148	197.348	30.5148	0	0.154624	sas_voromqa	197.348	1228.5
7ugw-1-7ugw_A-1-7ugw_E-1__receptor.pdb	7ugw-1-7ugw_A-1-7ugw_E-1__ligand.sdf	3750	106	1029.18	120.181	120.181	1029.18	120.181	0	0.116774	sas_voromqa	1029.18	2837.75
7ugw-1-7ugw_B-1-7ugw_E-1__receptor.pdb	7ugw-1-7ugw_B-1-7ugw_E-1__ligand.sdf	1942	106	1445.37	56.3768	56.3768	1445.37	56.3768	0	0.0390051	sas_voromqa	1445.37	3186.13
7uhe-1-7uhe_A-1-7uhe_B-1__receptor.pdb	7uhe-1-7uhe_A-1-7uhe_B-1__ligand.sdf	558	78	911.499	-11.0607	-11.0607	911.499	-11.0607	0	-0.0121346	sas_voromqa	911.499	2317.1
7uhe-1-7uhe_A-1-7uhe_D-1__receptor.pdb	7uhe-1-7uhe_A-1-7uhe_D-1__ligand.sdf	558	84	1513.23	65.8931	65.8931	1513.23	65.8931	0	0.0435447	sas_voromqa	1513.23	2923.83
7uhe-1-7uhe_C-1-7uhe_B-1__receptor.pdb	7uhe-1-7uhe_C-1-7uhe_B-1__ligand.sdf	576	78	1291.23	58.5936	58.5936	1291.23	58.5936	0	0.0453781	sas_voromqa	1291.23	2642.11
7ujd-1-7ujd_A-1-7ujd_E-1__receptor.pdb	7ujd-1-7ujd_A-1-7ujd_E-1__ligand.sdf	4401	134	1573.28	249.484	249.484	1573.28	249.484	0	0.158576	sas_voromqa	1573.28	3874.83
7ujd-1-7ujd_A-1-7ujd_Z-1__receptor.pdb	7ujd-1-7ujd_A-1-7ujd_Z-1__ligand.sdf	4401	133	871.811	55.0271	55.0271	871.811	55.0271	0	0.0631182	sas_voromqa	871.811	3189.65
7ujd-1-7ujd_F-1-7ujd_E-1__receptor.pdb	7ujd-1-7ujd_F-1-7ujd_E-1__ligand.sdf	206	134	1475.23	192.237	192.237	1475.23	192.237	0	0.13031	sas_voromqa	1475.23	3780.18
7ulo-1-7ulo_A-1-7ulo_C-1__receptor.pdb	7ulo-1-7ulo_A-1-7ulo_C-1__ligand.sdf	1616	140	2080.36	-25.4456	-25.4456	2080.36	-25.4456	0	-0.0122313	sas_voromqa	2080.36	4474.14
7ulo-1-7ulo_B-1-7ulo_C-1__receptor.pdb	7ulo-1-7ulo_B-1-7ulo_C-1__ligand.sdf	1589	140	1615.22	-35.3327	-35.3327	1615.22	-35.3327	0	-0.0218749	sas_voromqa	1615.22	4093.92
7um2-1-7um2_A-1-7um2_C-1__receptor.pdb	7um2-1-7um2_A-1-7um2_C-1__ligand.sdf	2253	78	440.988	-21.4197	-21.4197	440.988	-21.4197	0	-0.0485721	sas_voromqa	440.988	1808.74
7um3-1-7um3_I-1-7um3_B-1__receptor.pdb	7um3-1-7um3_I-1-7um3_B-1__ligand.sdf	1607	82	1127.78	162.273	162.273	1127.78	162.273	0	0.143887	sas_voromqa	1127.78	2450.38
7um3-1-7um3_M-1-7um3_B-1__receptor.pdb	7um3-1-7um3_M-1-7um3_B-1__ligand.sdf	1642	82	855.823	85.4524	85.4524	855.823	85.4524	0	0.0998482	sas_voromqa	855.823	2203.17
7uma-1-7uma_A-1-7uma_C-1__receptor.pdb	7uma-1-7uma_A-1-7uma_C-1__ligand.sdf	1341	45	340.451	14.1426	14.1426	340.451	14.1426	0	0.0415408	sas_voromqa	340.451	1132.28
7uqj-1-7uqj_B-1-7uqj_G-1__receptor.pdb	7uqj-1-7uqj_B-1-7uqj_G-1__ligand.sdf	4573	108	1961.44	33.4023	33.4023	1961.44	33.4023	0	0.0170295	sas_voromqa	1961.44	3704.9
7uqj-1-7uqj_E-1-7uqj_G-1__receptor.pdb	7uqj-1-7uqj_E-1-7uqj_G-1__ligand.sdf	4598	108	1801.17	78.8707	78.8707	1801.17	78.8707	0	0.0437886	sas_voromqa	1801.17	3583.98
7urf-1-7urf_A-1-7urf_B-1__receptor.pdb	7urf-1-7urf_A-1-7urf_B-1__ligand.sdf	4031	47	385.506	59.4979	59.4979	385.506	59.4979	0	0.154337	sas_voromqa	385.506	1327.68
7us2-1-7us2_A-1-7us2_P-1__receptor.pdb	7us2-1-7us2_A-1-7us2_P-1__ligand.sdf	2823	70	1375.59	112.845	112.845	1375.59	112.845	0	0.0820339	sas_voromqa	1375.59	2471.93
7uve-1-7uve_A-1-7uve_B-1__receptor.pdb	7uve-1-7uve_A-1-7uve_B-1__ligand.sdf	1802	44	324.934	22.3436	22.3436	324.934	22.3436	0	0.0687635	sas_voromqa	324.934	1127.29
7uw2-1-7uw2_A-1-7uw2_B-1__receptor.pdb	7uw2-1-7uw2_A-1-7uw2_B-1__ligand.sdf	1658	89	820.341	-79.6759	-79.6759	820.341	-79.6759	0	-0.0971253	sas_voromqa	820.341	2388.94
7uwo-1-7uwo_A-1-7uwo_B-1__receptor.pdb	7uwo-1-7uwo_A-1-7uwo_B-1__ligand.sdf	3846	141	961.24	77.281	77.281	961.24	77.281	0	0.0803972	sas_voromqa	961.24	3453.07
7uxi-1-7uxi_A-1-7uxi_B-1__receptor.pdb	7uxi-1-7uxi_A-1-7uxi_B-1__ligand.sdf	2239	143	1190.58	68.5728	68.5728	1190.58	68.5728	0	0.0575961	sas_voromqa	1190.58	3637.34
7uxk-1-7uxk_A-1-7uxk_B-1__receptor.pdb	7uxk-1-7uxk_A-1-7uxk_B-1__ligand.sdf	1971	98	807.725	100.637	100.637	807.725	100.637	0	0.124593	sas_voromqa	807.725	2491.86
7uxm-1-7uxm_A-1-7uxm_D-1__receptor.pdb	7uxm-1-7uxm_A-1-7uxm_D-1__ligand.sdf	1270	160	1339.73	27.9195	27.9195	1339.73	27.9195	0	0.0208396	sas_voromqa	1339.73	3974.36
7uxp-1-7uxp_A-1-7uxp_C-1__receptor.pdb	7uxp-1-7uxp_A-1-7uxp_C-1__ligand.sdf	916	156	1333.72	142.769	142.769	1333.72	142.769	0	0.107046	sas_voromqa	1333.72	3959.21
7uyj-1-7uyj_A-1-7uyj_C-1__receptor.pdb	7uyj-1-7uyj_A-1-7uyj_C-1__ligand.sdf	1402	145	1114.34	74.1899	74.1899	1114.34	74.1899	0	0.0665774	sas_voromqa	1114.34	3627.03
7uyk-1-7uyk_A-1-7uyk_C-1__receptor.pdb	7uyk-1-7uyk_A-1-7uyk_C-1__ligand.sdf	1112	140	943.731	55.6982	55.6982	943.731	55.6982	0	0.0590191	sas_voromqa	943.731	3374.75
7uym-1-7uym_H-1-7uym_P-1__receptor.pdb	7uym-1-7uym_H-1-7uym_P-1__ligand.sdf	1689	69	546.833	-2.22325	-2.22325	546.833	-2.22325	0	-0.00406568	sas_voromqa	546.833	1705.08
7uym-1-7uym_L-1-7uym_P-1__receptor.pdb	7uym-1-7uym_L-1-7uym_P-1__ligand.sdf	1640	69	948.46	22.7539	22.7539	948.46	22.7539	0	0.0239904	sas_voromqa	948.46	2025.31
7v1a-1-7v1a_A-1-7v1a_B-1__receptor.pdb	7v1a-1-7v1a_A-1-7v1a_B-1__ligand.sdf	2169	152	1376.88	-13.6341	-13.6341	1376.88	-13.6341	0	-0.00990217	sas_voromqa	1376.88	4096.85
7v1l-1-7v1l_B-1-7v1l_V-1__receptor.pdb	7v1l-1-7v1l_B-1-7v1l_V-1__ligand.sdf	1743	109	1027.82	-77.7964	-77.7964	1027.82	-77.7964	0	-0.0756907	sas_voromqa	1027.82	2987
7v1l-1-7v1l_B-1-7v1l_V-2__receptor.pdb	7v1l-1-7v1l_B-1-7v1l_V-2__ligand.sdf	1743	109	1283.26	-106.452	-106.452	1283.26	-106.452	0	-0.0829544	sas_voromqa	1283.26	3184.02
7v1y-1-7v1y_A-1-7v1y_E-1__receptor.pdb	7v1y-1-7v1y_A-1-7v1y_E-1__ligand.sdf	3113	18	146.547	0.416995	0.416995	146.547	0.416995	0	0.00284547	sas_voromqa	146.547	488.458
7v64-1-7v64_A-1-7v64_C-1__receptor.pdb	7v64-1-7v64_A-1-7v64_C-1__ligand.sdf	1637	65	836.534	40.2967	40.2967	836.534	40.2967	0	0.048171	sas_voromqa	836.534	1861.26
7v64-1-7v64_B-1-7v64_C-1__receptor.pdb	7v64-1-7v64_B-1-7v64_C-1__ligand.sdf	1606	65	609.836	27.7562	27.7562	609.836	27.7562	0	0.0455142	sas_voromqa	609.836	1686.09
7v9b-1-7v9b_A-1-7v9b_B-1__receptor.pdb	7v9b-1-7v9b_A-1-7v9b_B-1__ligand.sdf	1855	102	1056.9	16.1915	16.1915	1056.9	16.1915	0	0.0153198	sas_voromqa	1056.9	2835.77
7vaz-1-7vaz_D-1-7vaz_G-1__receptor.pdb	7vaz-1-7vaz_D-1-7vaz_G-1__ligand.sdf	1598	76	906.096	55.7535	55.7535	906.096	55.7535	0	0.0615316	sas_voromqa	906.096	2142.08
7vcf-1-7vcf_F-1-7vcf_N-1__receptor.pdb	7vcf-1-7vcf_F-1-7vcf_N-1__ligand.sdf	3128	155	1425.97	322.632	322.632	1425.97	322.632	0	0.226254	sas_voromqa	1425.97	4180.32
7vcq-1-7vcq_A-1-7vcq_K-1__receptor.pdb	7vcq-1-7vcq_A-1-7vcq_K-1__ligand.sdf	596	158	2808.65	-363.945	-363.945	2808.65	-363.945	0	-0.12958	sas_voromqa	2808.65	5176.17
7vcq-1-7vcq_B-1-7vcq_K-1__receptor.pdb	7vcq-1-7vcq_B-1-7vcq_K-1__ligand.sdf	663	158	1864.26	-305.647	-305.647	1864.26	-305.647	0	-0.163951	sas_voromqa	1864.26	4385.29
7vd5-1-7vd5_12-1-7vd5_6-1__receptor.pdb	7vd5-1-7vd5_12-1-7vd5_6-1__ligand.sdf	1302	150	1977.19	166.12	166.12	1977.19	166.12	0	0.0840182	sas_voromqa	1977.19	4493.82
7vd5-1-7vd5_A-1-7vd5_5-1__receptor.pdb	7vd5-1-7vd5_A-1-7vd5_5-1__ligand.sdf	2619	195	2937.84	248.934	248.934	2937.84	248.934	0	0.0847337	sas_voromqa	2937.84	6253.95
7vd5-1-7vd5_B-1-7vd5_0-1__receptor.pdb	7vd5-1-7vd5_B-1-7vd5_0-1__ligand.sdf	3812	195	2562.31	214.087	214.087	2562.31	214.087	0	0.0835523	sas_voromqa	2562.31	6005.01
7vd5-1-7vd5_B-1-7vd5_1-1__receptor.pdb	7vd5-1-7vd5_B-1-7vd5_1-1__ligand.sdf	3812	150	1872.34	155.669	155.669	1872.34	155.669	0	0.0831414	sas_voromqa	1872.34	4432.49
7vf3-1-7vf3_A-1-7vf3_B-1__receptor.pdb	7vf3-1-7vf3_A-1-7vf3_B-1__ligand.sdf	3751	129	673.801	92.2643	92.2643	673.801	92.2643	0	0.136931	sas_voromqa	673.801	2982.98
7vfm-2-7vfm_C-1-7vfm_G-1__receptor.pdb	7vfm-2-7vfm_C-1-7vfm_G-1__ligand.sdf	4039	14	245.947	-23.6819	-23.6819	245.947	-23.6819	0	-0.0962886	sas_voromqa	245.947	483.519
7vfn-1-7vfn_A-1-7vfn_B-1__receptor.pdb	7vfn-1-7vfn_A-1-7vfn_B-1__ligand.sdf	4093	22	201.722	-41.4239	-41.4239	201.722	-41.4239	0	-0.205351	sas_voromqa	201.722	547.19
7vfx-1-7vfx_R-1-7vfx_C-1__receptor.pdb	7vfx-1-7vfx_R-1-7vfx_C-1__ligand.sdf	2323	38	115.73	-10.291	-10.291	115.73	-10.291	0	-0.0889225	sas_voromqa	115.73	965.353
7vlz-1-7vlz_A-1-7vlz_B-1__receptor.pdb	7vlz-1-7vlz_A-1-7vlz_B-1__ligand.sdf	4230	117	1008.79	-0.955789	-0.955789	1008.79	-0.955789	0	-0.000947461	sas_voromqa	1008.79	3045.16
7vlz-1-7vlz_A-1-7vlz_C-1__receptor.pdb	7vlz-1-7vlz_A-1-7vlz_C-1__ligand.sdf	4230	96	927.461	4.18639	4.18639	927.461	4.18639	0	0.00451382	sas_voromqa	927.461	2624.56
7vmw-1-7vmw_A-1-7vmw_C-1__receptor.pdb	7vmw-1-7vmw_A-1-7vmw_C-1__ligand.sdf	2397	38	191.714	2.28495	2.28495	191.714	2.28495	0	0.0119185	sas_voromqa	191.714	916.956
7vrf-1-7vrf_A-1-7vrf_C-1__receptor.pdb	7vrf-1-7vrf_A-1-7vrf_C-1__ligand.sdf	516	66	703.838	-39.4719	-39.4719	703.838	-39.4719	0	-0.0560809	sas_voromqa	703.838	1866.71
7vv4-1-7vv4_R-1-7vv4_L-1__receptor.pdb	7vv4-1-7vv4_R-1-7vv4_L-1__ligand.sdf	2101	52	394.895	103.699	103.699	394.895	103.699	0	0.262599	sas_voromqa	394.895	1382.77
7vyw-1-7vyw_A-1-7vyw_B-1__receptor.pdb	7vyw-1-7vyw_A-1-7vyw_B-1__ligand.sdf	387	50	402.058	-50.8505	-50.8505	402.058	-50.8505	0	-0.126476	sas_voromqa	402.058	1263.5
7vze-1-7vze_A-1-7vze_E-1__receptor.pdb	7vze-1-7vze_A-1-7vze_E-1__ligand.sdf	686	63	662.485	-63.9546	-63.9546	662.485	-63.9546	0	-0.0965374	sas_voromqa	662.485	1744.89
7vzr-1-7vzr_A-1-7vzr_H-1__receptor.pdb	7vzr-1-7vzr_A-1-7vzr_H-1__ligand.sdf	6960	95	1511.7	110.377	110.377	1511.7	110.377	0	0.0730151	sas_voromqa	1511.7	3073.53
7vzr-1-7vzr_C-1-7vzr_h-1__receptor.pdb	7vzr-1-7vzr_C-1-7vzr_h-1__ligand.sdf	1474	95	1857.04	124.587	124.587	1857.04	124.587	0	0.067089	sas_voromqa	1857.04	3329.6
7vzr-1-7vzr_G-1-7vzr_H-1__receptor.pdb	7vzr-1-7vzr_G-1-7vzr_H-1__ligand.sdf	302	95	1794.41	146.599	146.599	1794.41	146.599	0	0.0816976	sas_voromqa	1794.41	3285.1
7vzr-1-7vzr_c-1-7vzr_H-1__receptor.pdb	7vzr-1-7vzr_c-1-7vzr_H-1__ligand.sdf	1096	95	1768.93	156.476	156.476	1768.93	156.476	0	0.088458	sas_voromqa	1768.93	3273.54
7w0q-1-7w0q_A-1-7w0q_B-1__receptor.pdb	7w0q-1-7w0q_A-1-7w0q_B-1__ligand.sdf	1379	76	866.734	70.3549	70.3549	866.734	70.3549	0	0.0811724	sas_voromqa	866.734	2142.94
7w3z-1-7w3z_A-1-7w3z_L-1__receptor.pdb	7w3z-1-7w3z_A-1-7w3z_L-1__ligand.sdf	2396	97	356.469	-12.997	-12.997	356.469	-12.997	0	-0.0364604	sas_voromqa	356.469	2220.2
7w55-1-7w55_R-1-7w55_C-1__receptor.pdb	7w55-1-7w55_R-1-7w55_C-1__ligand.sdf	2451	80	315.234	58.8364	58.8364	315.234	58.8364	0	0.186644	sas_voromqa	315.234	1803.31
7w56-1-7w56_R-1-7w56_C-1__receptor.pdb	7w56-1-7w56_R-1-7w56_C-1__ligand.sdf	2186	79	382.129	81.529	81.529	382.129	81.529	0	0.213355	sas_voromqa	382.129	1914.81
7w5c-1-7w5c_A-1-7w5c_Q-1__receptor.pdb	7w5c-1-7w5c_A-1-7w5c_Q-1__ligand.sdf	2871	107	1304.46	-70.9904	-70.9904	1304.46	-70.9904	0	-0.0544213	sas_voromqa	1304.46	3121.77
7w5m-1-7w5m_A-1-7w5m_B-1__receptor.pdb	7w5m-1-7w5m_A-1-7w5m_B-1__ligand.sdf	1780	123	1132.35	-60.6861	-63.0748	1130.53	-61.9858	0	-0.0535931	sas_voromqa	1132.35	3319.99
7w64-1-7w64_A-1-7w64_G-1__receptor.pdb	7w64-1-7w64_A-1-7w64_G-1__ligand.sdf	3020	87	1107.33	67.4384	30.6195	1079.22	47.4052	0	0.0609018	sas_voromqa	1107.33	2547.95
7w64-1-7w64_A-1-7w64_H-1__receptor.pdb	7w64-1-7w64_A-1-7w64_H-1__ligand.sdf	3020	86	1007.99	61.6574	61.6574	1007.99	61.6574	0	0.0611687	sas_voromqa	1007.99	2387.15
7w67-1-7w67_A-1-7w67_F-1__receptor.pdb	7w67-1-7w67_A-1-7w67_F-1__ligand.sdf	1389	170	2514.4	-54.8362	-54.8362	2514.4	-54.8362	0	-0.0218089	sas_voromqa	2514.4	5290.88
7w67-1-7w67_C-1-7w67_M-1__receptor.pdb	7w67-1-7w67_C-1-7w67_M-1__ligand.sdf	1259	64	436.293	-23.5824	-23.5824	436.293	-23.5824	0	-0.0540517	sas_voromqa	436.293	1647.41
7w6l-1-7w6l_C-1-7w6l_D-1__receptor.pdb	7w6l-1-7w6l_C-1-7w6l_D-1__ligand.sdf	1285	170	1817.26	-138.728	-138.728	1817.26	-138.728	0	-0.0763391	sas_voromqa	1817.26	4669.41
7w6l-1-7w6l_C-1-7w6l_M-1__receptor.pdb	7w6l-1-7w6l_C-1-7w6l_M-1__ligand.sdf	1285	53	300.109	1.1809	1.1809	300.109	1.1809	0	0.0039349	sas_voromqa	300.109	1313.45
7waf-1-7waf_A-1-7waf_I-1__receptor.pdb	7waf-1-7waf_A-1-7waf_I-1__ligand.sdf	6683	49	438.128	-74.7038	-74.7038	438.128	-74.7038	0	-0.170507	sas_voromqa	438.128	1325.72
7wbi-1-7wbi_A-1-7wbi_C-1__receptor.pdb	7wbi-1-7wbi_A-1-7wbi_C-1__ligand.sdf	2166	81	335.815	-37.9863	-37.9863	335.815	-37.9863	0	-0.113117	sas_voromqa	335.815	1876.13
7weg-1-7weg_A-1-7weg_D-1__receptor.pdb	7weg-1-7weg_A-1-7weg_D-1__ligand.sdf	727	55	504.939	-14.8682	-14.8682	504.939	-14.8682	0	-0.0294455	sas_voromqa	504.939	1485.39
7wj2-1-7wj2_A-1-7wj2_C-1__receptor.pdb	7wj2-1-7wj2_A-1-7wj2_C-1__ligand.sdf	2255	63	188.484	15.2945	15.2945	188.484	15.2945	0	0.0811448	sas_voromqa	188.484	1328.21
7wj3-1-7wj3_A-1-7wj3_C-1__receptor.pdb	7wj3-1-7wj3_A-1-7wj3_C-1__ligand.sdf	2251	38	218.004	21.7978	21.7978	218.004	21.7978	0	0.0999881	sas_voromqa	218.004	983.628
7wku-1-7wku_A-1-7wku_J-1__receptor.pdb	7wku-1-7wku_A-1-7wku_J-1__ligand.sdf	2401	49	254.163	54.9139	54.9139	254.163	54.9139	0	0.216058	sas_voromqa	254.163	1154.66
7wlp-1-7wlp_A-1-7wlp_C-1__receptor.pdb	7wlp-1-7wlp_A-1-7wlp_C-1__ligand.sdf	1422	15	263.357	23.59	23.59	263.357	23.59	0	0.0895742	sas_voromqa	263.357	543.728
7wlp-1-7wlp_A-1-7wlp_D-1__receptor.pdb	7wlp-1-7wlp_A-1-7wlp_D-1__ligand.sdf	1422	10	119.241	-0.412511	-0.412511	119.241	-0.412511	0	-0.00345947	sas_voromqa	119.241	287.649
7wmc-1-7wmc_A-1-7wmc_C-1__receptor.pdb	7wmc-1-7wmc_A-1-7wmc_C-1__ligand.sdf	1764	80	276.101	58.6963	58.6963	276.101	58.6963	0	0.21259	sas_voromqa	276.101	1716.4
7wmc-1-7wmc_A-1-7wmc_D-1__receptor.pdb	7wmc-1-7wmc_A-1-7wmc_D-1__ligand.sdf	1764	80	1193.38	212.277	212.277	1193.38	212.277	0	0.177879	sas_voromqa	1193.38	2529.94
7wmc-1-7wmc_A-1-7wmc_E-1__receptor.pdb	7wmc-1-7wmc_A-1-7wmc_E-1__ligand.sdf	1764	80	875.545	239.76	239.76	875.545	239.76	0	0.273841	sas_voromqa	875.545	2260.28
7wq3-1-7wq3_R-1-7wq3_L-1__receptor.pdb	7wq3-1-7wq3_R-1-7wq3_L-1__ligand.sdf	2303	117	640.012	72.6855	72.6855	640.012	72.6855	0	0.113569	sas_voromqa	640.012	2934.82
7wq4-1-7wq4_R-1-7wq4_L-1__receptor.pdb	7wq4-1-7wq4_R-1-7wq4_L-1__ligand.sdf	2225	95	531.89	56.9146	56.9146	531.89	56.9146	0	0.107004	sas_voromqa	531.89	2341.18
7wun-1-7wun_A-1-7wun_X-1__receptor.pdb	7wun-1-7wun_A-1-7wun_X-1__ligand.sdf	537	21	213.267	-1.84827	-1.84827	213.267	-1.84827	0	-0.00866646	sas_voromqa	213.267	576.548
7wwq-1-7wwq_A-1-7wwq_B-1__receptor.pdb	7wwq-1-7wwq_A-1-7wwq_B-1__ligand.sdf	3084	138	1161.05	83.2832	83.2832	1161.05	83.2832	0	0.0717309	sas_voromqa	1161.05	3723.62
7x14-1-7x14_A-1-7x14_B-1__receptor.pdb	7x14-1-7x14_A-1-7x14_B-1__ligand.sdf	963	63	555.327	-11.0094	-16.1872	551.374	-13.8266	0	-0.0198251	sas_voromqa	555.327	1632.83
7x2e-1-7x2e_A-1-7x2e_B-1__receptor.pdb	7x2e-1-7x2e_A-1-7x2e_B-1__ligand.sdf	1258	57	560.755	-40.7871	-40.7871	560.755	-40.7871	0	-0.072736	sas_voromqa	560.755	1555.47
7x5q-1-7x5q_B-1-7x5q_H-1__receptor.pdb	7x5q-1-7x5q_B-1-7x5q_H-1__ligand.sdf	2554	39	443.188	-46.0714	-46.0714	443.188	-46.0714	0	-0.103955	sas_voromqa	443.188	1099.25
7x5v-1-7x5v_A-1-7x5v_E-1__receptor.pdb	7x5v-1-7x5v_A-1-7x5v_E-1__ligand.sdf	2345	124	1497.7	-98.9801	-98.9801	1497.7	-98.9801	0	-0.0660881	sas_voromqa	1497.7	3623.39
7x9e-1-7x9e_A-1-7x9e_E-1__receptor.pdb	7x9e-1-7x9e_A-1-7x9e_E-1__ligand.sdf	1577	112	1093.03	124.86	124.86	1093.03	124.86	0	0.114233	sas_voromqa	1093.03	3070.7
7x9e-1-7x9e_B-1-7x9e_E-1__receptor.pdb	7x9e-1-7x9e_B-1-7x9e_E-1__ligand.sdf	1575	112	1430.76	15.7361	15.7361	1430.76	15.7361	0	0.0109984	sas_voromqa	1430.76	3314.91
7xat-1-7xat_A-1-7xat_F-1__receptor.pdb	7xat-1-7xat_A-1-7xat_F-1__ligand.sdf	1929	92	321.555	29.0537	29.0537	321.555	29.0537	0	0.0903537	sas_voromqa	321.555	2214.55
7xeb-1-7xeb_A-1-7xeb_C-1__receptor.pdb	7xeb-1-7xeb_A-1-7xeb_C-1__ligand.sdf	4218	20	63.9581	0.0195809	0.0195809	63.9581	0.0195809	0	0.000306152	sas_voromqa	63.9581	417.982
7xms-1-7xms_R-1-7xms_L-1__receptor.pdb	7xms-1-7xms_R-1-7xms_L-1__ligand.sdf	2021	100	577.035	124.303	124.303	577.035	124.303	0	0.215417	sas_voromqa	577.035	2540.46
7xna-1-7xna_A-1-7xna_B-1__receptor.pdb	7xna-1-7xna_A-1-7xna_B-1__ligand.sdf	3694	84	278.589	48.1492	48.1492	278.589	48.1492	0	0.172832	sas_voromqa	278.589	1888.08
7xpk-1-7xpk_A-1-7xpk_B-1__receptor.pdb	7xpk-1-7xpk_A-1-7xpk_B-1__ligand.sdf	1275	144	1236.2	-18.03	-18.03	1236.2	-18.03	0	-0.014585	sas_voromqa	1236.2	3768.7
7xqs-1-7xqs_A-1-7xqs_C-1__receptor.pdb	7xqs-1-7xqs_A-1-7xqs_C-1__ligand.sdf	2215	81	393.372	-19.6732	-19.6732	393.372	-19.6732	0	-0.0500117	sas_voromqa	393.372	1896.7
7xqu-1-7xqu_A-1-7xqu_C-1__receptor.pdb	7xqu-1-7xqu_A-1-7xqu_C-1__ligand.sdf	2247	80	338.536	29.5689	29.5689	338.536	29.5689	0	0.0873434	sas_voromqa	338.536	1828.48
7xs0-1-7xs0_A-1-7xs0_B-1__receptor.pdb	7xs0-1-7xs0_A-1-7xs0_B-1__ligand.sdf	2858	16	111.007	4.83613	4.83613	111.007	4.83613	0	0.043566	sas_voromqa	111.007	434.865
7xv0-1-7xv0_A-1-7xv0_B-1__receptor.pdb	7xv0-1-7xv0_A-1-7xv0_B-1__ligand.sdf	921	116	1025.98	48.6451	48.6451	1025.98	48.6451	0	0.0474133	sas_voromqa	1025.98	2946.77
7xw9-1-7xw9_R-1-7xw9_L-1__receptor.pdb	7xw9-1-7xw9_R-1-7xw9_L-1__ligand.sdf	2294	26	32.4965	3.48387	3.48387	32.4965	3.48387	0	0.107208	sas_voromqa	32.4965	484.858
7xwo-1-7xwo_B-1-7xwo_D-1__receptor.pdb	7xwo-1-7xwo_B-1-7xwo_D-1__ligand.sdf	2041	79	699.146	7.352	7.352	699.146	7.352	0	0.0105157	sas_voromqa	699.146	2198.2
7xzi-1-7xzi_9-1-7xzi_X-1__receptor.pdb	7xzi-1-7xzi_9-1-7xzi_X-1__ligand.sdf	2800	93	1031.84	80.824	80.824	1031.84	80.824	0	0.07833	sas_voromqa	1031.84	2643.1
7xzq-1-7xzq_A-1-7xzq_B-1__receptor.pdb	7xzq-1-7xzq_A-1-7xzq_B-1__ligand.sdf	2392	127	1086.51	193.334	193.334	1086.51	193.334	0	0.17794	sas_voromqa	1086.51	3291.08
7xzr-1-7xzr_A-1-7xzr_C-1__receptor.pdb	7xzr-1-7xzr_A-1-7xzr_C-1__ligand.sdf	2373	123	897.773	85.8111	85.8111	897.773	85.8111	0	0.0955822	sas_voromqa	897.773	3088
7y3j-1-7y3j_H-1-7y3j_A-1__receptor.pdb	7y3j-1-7y3j_H-1-7y3j_A-1__ligand.sdf	1641	76	1063.65	197.116	197.116	1063.65	197.116	0	0.18532	sas_voromqa	1063.65	2333.06
7y3j-1-7y3j_L-1-7y3j_A-1__receptor.pdb	7y3j-1-7y3j_L-1-7y3j_A-1__ligand.sdf	1665	76	1096.14	162.935	162.935	1096.14	162.935	0	0.148644	sas_voromqa	1096.14	2362.19
7y67-1-7y67_D-1-7y67_L-1__receptor.pdb	7y67-1-7y67_D-1-7y67_L-1__ligand.sdf	2197	65	293.57	-2.6742	-2.6742	293.57	-2.6742	0	-0.00910924	sas_voromqa	293.57	1649.28
7y6c-1-7y6c_A-1-7y6c_U-1__receptor.pdb	7y6c-1-7y6c_A-1-7y6c_U-1__ligand.sdf	588	134	1620.89	126.778	126.778	1620.89	126.778	0	0.0782151	sas_voromqa	1620.89	3985.29
7y6c-1-7y6c_B-1-7y6c_U-1__receptor.pdb	7y6c-1-7y6c_B-1-7y6c_U-1__ligand.sdf	580	134	1224.25	77.3002	77.3002	1224.25	77.3002	0	0.0631409	sas_voromqa	1224.25	3660.8
7y8j-1-7y8j_H-1-7y8j_A-1__receptor.pdb	7y8j-1-7y8j_H-1-7y8j_A-1__ligand.sdf	918	48	517.488	-51.4293	-51.4293	517.488	-51.4293	0	-0.0993826	sas_voromqa	517.488	1285.77
7y8j-1-7y8j_L-1-7y8j_A-1__receptor.pdb	7y8j-1-7y8j_L-1-7y8j_A-1__ligand.sdf	816	48	788.842	-59.7737	-59.7737	788.842	-59.7737	0	-0.075774	sas_voromqa	788.842	1541.65
7y8w-1-7y8w_A-1-7y8w_E-1__receptor.pdb	7y8w-1-7y8w_A-1-7y8w_E-1__ligand.sdf	690	172	3074.3	98.7154	98.7154	3074.3	98.7154	0	0.0321099	sas_voromqa	3074.3	5879.85
7y8w-1-7y8w_A-1-7y8w_F-1__receptor.pdb	7y8w-1-7y8w_A-1-7y8w_F-1__ligand.sdf	690	179	2651.89	23.8521	23.8521	2651.89	23.8521	0	0.00899438	sas_voromqa	2651.89	5650.17
7y99-1-7y99_A-1-7y99_B-1__receptor.pdb	7y99-1-7y99_A-1-7y99_B-1__ligand.sdf	1130	117	829.689	81.7933	81.7933	829.689	81.7933	0	0.0985831	sas_voromqa	829.689	2865.26
7ya5-1-7ya5_A-1-7ya5_B-1__receptor.pdb	7ya5-1-7ya5_A-1-7ya5_B-1__ligand.sdf	1162	111	755.376	119.807	119.807	755.376	119.807	0	0.158606	sas_voromqa	755.376	2629.71
7yaa-1-7yaa_A-1-7yaa_B-1__receptor.pdb	7yaa-1-7yaa_A-1-7yaa_B-1__ligand.sdf	1129	111	774.757	92.6644	92.6644	774.757	92.6644	0	0.119604	sas_voromqa	774.757	2679.32
7yb7-1-7yb7_A-1-7yb7_C-1__receptor.pdb	7yb7-1-7yb7_A-1-7yb7_C-1__ligand.sdf	1113	117	806.618	86.7858	86.7858	806.618	86.7858	0	0.107592	sas_voromqa	806.618	2819.16
7ybf-1-7ybf_A-1-7ybf_C-1__receptor.pdb	7ybf-1-7ybf_A-1-7ybf_C-1__ligand.sdf	1370	102	1262.88	-96.7904	-96.7904	1262.88	-96.7904	0	-0.0766426	sas_voromqa	1262.88	2863.9
7yc2-1-7yc2_A-1-7yc2_F-1__receptor.pdb	7yc2-1-7yc2_A-1-7yc2_F-1__ligand.sdf	1927	55	533.831	120.07	120.07	533.831	120.07	0	0.224921	sas_voromqa	533.831	1525.61
7yf2-1-7yf2_A-1-7yf2_C-1__receptor.pdb	7yf2-1-7yf2_A-1-7yf2_C-1__ligand.sdf	2198	88	589.286	23.1506	23.1506	589.286	23.1506	0	0.0392858	sas_voromqa	589.286	2071.53
7yh8-1-7yh8_A-1-7yh8_B-1__receptor.pdb	7yh8-1-7yh8_A-1-7yh8_B-1__ligand.sdf	512	168	1395.73	-92.1526	-92.1526	1395.73	-92.1526	0	-0.0660247	sas_voromqa	1395.73	4261.3
7yi6-1-7yi6_B-1-7yi6_A-1__receptor.pdb	7yi6-1-7yi6_B-1-7yi6_A-1__ligand.sdf	1545	49	798.701	-45.8098	-45.8098	798.701	-45.8098	0	-0.0573554	sas_voromqa	798.701	1571.91
7yi6-1-7yi6_D-1-7yi6_A-1__receptor.pdb	7yi6-1-7yi6_D-1-7yi6_A-1__ligand.sdf	1638	49	496.843	-41.9425	-41.9425	496.843	-41.9425	0	-0.084418	sas_voromqa	496.843	1287.14
7yk5-1-7yk5_A-1-7yk5_b-1__receptor.pdb	7yk5-1-7yk5_A-1-7yk5_b-1__ligand.sdf	3670	68	653.552	-7.113	-7.113	653.552	-7.113	0	-0.0108836	sas_voromqa	653.552	1874.12
7yk5-1-7yk5_J-1-7yk5_i-1__receptor.pdb	7yk5-1-7yk5_J-1-7yk5_i-1__ligand.sdf	1128	61	848.335	82.0179	82.0179	848.335	82.0179	0	0.096681	sas_voromqa	848.335	1873.26
7ykd-1-7ykd_A-1-7ykd_L-1__receptor.pdb	7ykd-1-7ykd_A-1-7ykd_L-1__ligand.sdf	2250	76	270.351	79.9026	79.9026	270.351	79.9026	0	0.295551	sas_voromqa	270.351	1686.95
7yki-1-7yki_A-1-7yki_B-1__receptor.pdb	7yki-1-7yki_A-1-7yki_B-1__ligand.sdf	1411	96	721.34	-4.88363	-4.9009	721.327	-4.89303	0	-0.00677022	sas_voromqa	721.34	2367.6
7yol-1-7yol_A-1-7yol_B-1__receptor.pdb	7yol-1-7yol_A-1-7yol_B-1__ligand.sdf	2295	16	82.8519	7.43137	7.43137	82.8519	7.43137	0	0.0896946	sas_voromqa	82.8519	404.521
7yta-1-7yta_A-1-7yta_P-1__receptor.pdb	7yta-1-7yta_A-1-7yta_P-1__ligand.sdf	1102	81	631.332	-34.69	-34.69	631.332	-34.69	0	-0.0549473	sas_voromqa	631.332	2074.88
7yue-1-7yue_A-1-7yue_C-1__receptor.pdb	7yue-1-7yue_A-1-7yue_C-1__ligand.sdf	1705	67	428.553	10.7132	10.7132	428.553	10.7132	0	0.0249985	sas_voromqa	428.553	1665.16
7yvb-1-7yvb_A-1-7yvb_P-1__receptor.pdb	7yvb-1-7yvb_A-1-7yvb_P-1__ligand.sdf	3781	42	228.986	11.6417	11.6417	228.986	11.6417	0	0.0508402	sas_voromqa	228.986	1033.52
7yx8-1-7yx8_A-1-7yx8_H-1__receptor.pdb	7yx8-1-7yx8_A-1-7yx8_H-1__ligand.sdf	3516	109	767.504	-26.8145	-26.8145	767.504	-26.8145	0	-0.0349373	sas_voromqa	767.504	2584.09
7yxw-1-7yxw_A-1-7yxw_D-1__receptor.pdb	7yxw-1-7yxw_A-1-7yxw_D-1__ligand.sdf	1014	79	646.116	15.9399	15.9399	646.116	15.9399	0	0.0246703	sas_voromqa	646.116	2023.28
7z0h-1-7z0h_A-1-7z0h_X-1__receptor.pdb	7z0h-1-7z0h_A-1-7z0h_X-1__ligand.sdf	11123	50	1071.67	85.2607	85.2607	1071.67	85.2607	0	0.0795587	sas_voromqa	1071.67	1887.34
7z0h-1-7z0h_B-1-7z0h_X-1__receptor.pdb	7z0h-1-7z0h_B-1-7z0h_X-1__ligand.sdf	8701	50	851.52	71.7772	71.7772	851.52	71.7772	0	0.084293	sas_voromqa	851.52	1713.05
7z0h-1-7z0h_C-1-7z0h_W-1__receptor.pdb	7z0h-1-7z0h_C-1-7z0h_W-1__ligand.sdf	2655	141	1370.66	-43.4005	-43.4005	1370.66	-43.4005	0	-0.0316639	sas_voromqa	1370.66	3810.54
7z0h-1-7z0h_K-1-7z0h_W-1__receptor.pdb	7z0h-1-7z0h_K-1-7z0h_W-1__ligand.sdf	792	141	1903.47	24.7049	24.7049	1903.47	24.7049	0	0.0129789	sas_voromqa	1903.47	4248.64
7z0q-1-7z0q_D-1-7z0q_G-1__receptor.pdb	7z0q-1-7z0q_D-1-7z0q_G-1__ligand.sdf	1446	107	1563.84	86.2575	86.2575	1563.84	86.2575	0	0.0551575	sas_voromqa	1563.84	3494.91
7z1k-1-7z1k_A-1-7z1k_B-1__receptor.pdb	7z1k-1-7z1k_A-1-7z1k_B-1__ligand.sdf	1255	48	495.321	38.9558	36.7498	493.637	37.7555	0	0.0786476	sas_voromqa	495.321	1288.01
7z30-1-7z30_A-1-7z30_X-1__receptor.pdb	7z30-1-7z30_A-1-7z30_X-1__ligand.sdf	11123	70	1304.71	98.9441	98.9441	1304.71	98.9441	0	0.0758361	sas_voromqa	1304.71	2479.71
7z42-1-7z42_A-1-7z42_G-1__receptor.pdb	7z42-1-7z42_A-1-7z42_G-1__ligand.sdf	5781	165	2125.1	122.299	108.95	2114.91	115.036	0	0.0575498	sas_voromqa	2125.1	4770.29
7z42-1-7z42_A-1-7z42_Y-1__receptor.pdb	7z42-1-7z42_A-1-7z42_Y-1__ligand.sdf	5781	24	360.469	-17.5427	-20.3906	358.294	-19.0923	0	-0.0486663	sas_voromqa	360.469	767.518
7z42-1-7z42_C-1-7z42_G-1__receptor.pdb	7z42-1-7z42_C-1-7z42_G-1__ligand.sdf	5746	165	1856.18	55.203	41.7575	1845.91	47.8873	0	0.0297401	sas_voromqa	1856.18	4559.04
7z50-1-7z50_E-1-7z50_T-1__receptor.pdb	7z50-1-7z50_E-1-7z50_T-1__ligand.sdf	1855	99	1740.15	61.1693	61.1693	1740.15	61.1693	0	0.0351517	sas_voromqa	1740.15	3358.9
7z50-1-7z50_H-1-7z50_T-1__receptor.pdb	7z50-1-7z50_H-1-7z50_T-1__ligand.sdf	1391	99	1680.85	17.7054	17.7054	1680.85	17.7054	0	0.0105336	sas_voromqa	1680.85	3296.12
7z5z-1-7z5z_A-1-7z5z_C-1__receptor.pdb	7z5z-1-7z5z_A-1-7z5z_C-1__ligand.sdf	2696	74	428.525	26.3994	25.9331	428.169	26.1457	0	0.0616053	sas_voromqa	428.525	1734.22
7z8e-1-7z8e_A-1-7z8e_B-1__receptor.pdb	7z8e-1-7z8e_A-1-7z8e_B-1__ligand.sdf	4765	31	105.33	-7.761	-7.761	105.33	-7.761	0	-0.0736827	sas_voromqa	105.33	687.198
7z8e-1-7z8e_A-1-7z8e_D-1__receptor.pdb	7z8e-1-7z8e_A-1-7z8e_D-1__ligand.sdf	4765	12	66.3995	9.06066	9.06066	66.3995	9.06066	0	0.136457	sas_voromqa	66.3995	303.934
7z8o-1-7z8o_A-1-7z8o_B-1__receptor.pdb	7z8o-1-7z8o_A-1-7z8o_B-1__ligand.sdf	1544	117	1123.13	77.5765	77.5765	1123.13	77.5765	0	0.0690717	sas_voromqa	1123.13	3161.91
7zak-1-7zak_A-1-7zak_C-1__receptor.pdb	7zak-1-7zak_A-1-7zak_C-1__ligand.sdf	1480	131	1669.34	113.356	113.356	1669.34	113.356	0	0.0679047	sas_voromqa	1669.34	3920.46
7zak-1-7zak_B-1-7zak_C-1__receptor.pdb	7zak-1-7zak_B-1-7zak_C-1__ligand.sdf	1465	131	1757.96	-38.7062	-38.7062	1757.96	-38.7062	0	-0.0220177	sas_voromqa	1757.96	3993.85
7zb1-1-7zb1_A-1-7zb1_E-1__receptor.pdb	7zb1-1-7zb1_A-1-7zb1_E-1__ligand.sdf	5764	49	340.046	23.3917	23.3917	340.046	23.3917	0	0.0687898	sas_voromqa	340.046	1356.62
7zdd-1-7zdd_A-1-7zdd_D-1__receptor.pdb	7zdd-1-7zdd_A-1-7zdd_D-1__ligand.sdf	1420	87	1156.74	55.6102	-57.3524	1070.5	-5.85278	0	0.0480749	sas_voromqa	1156.74	2673.53
7zkr-1-7zkr_A-1-7zkr_B-1__receptor.pdb	7zkr-1-7zkr_A-1-7zkr_B-1__ligand.sdf	965	113	905.281	63.4527	-22.7765	839.453	16.5353	0	0.0700917	sas_voromqa	905.281	2867.54
7zlg-1-7zlg_A-1-7zlg_P-1__receptor.pdb	7zlg-1-7zlg_A-1-7zlg_P-1__ligand.sdf	5338	58	331.695	12.6773	12.6773	331.695	12.6773	0	0.0382198	sas_voromqa	331.695	1405.68
7zqi-1-7zqi_A-1-7zqi_F-1__receptor.pdb	7zqi-1-7zqi_A-1-7zqi_F-1__ligand.sdf	2204	75	193.52	4.87866	4.87866	193.52	4.87866	0	0.0252101	sas_voromqa	193.52	1581.17
7ztl-1-7ztl_A-1-7ztl_B-1__receptor.pdb	7ztl-1-7ztl_A-1-7ztl_B-1__ligand.sdf	2110	159	1386.13	27.7114	27.7114	1386.13	27.7114	0	0.0199919	sas_voromqa	1386.13	4115.69
7zvc-1-7zvc_A-1-7zvc_C-1__receptor.pdb	7zvc-1-7zvc_A-1-7zvc_C-1__ligand.sdf	1993	56	642.968	-25.3266	-25.3266	642.968	-25.3266	0	-0.0393901	sas_voromqa	642.968	1564.31
7zy4-1-7zy4_A-1-7zy4_C-1__receptor.pdb	7zy4-1-7zy4_A-1-7zy4_C-1__ligand.sdf	2528	82	753.18	-75.7809	-75.7809	753.18	-75.7809	0	-0.100615	sas_voromqa	753.18	2131.25
7zyg-1-7zyg_B-1-7zyg_F-1__receptor.pdb	7zyg-1-7zyg_B-1-7zyg_F-1__ligand.sdf	4016	57	419.374	-2.84607	-2.84607	419.374	-2.84607	0	-0.00678647	sas_voromqa	419.374	1512.26
7zzq-1-7zzq_A-1-7zzq_V-1__receptor.pdb	7zzq-1-7zzq_A-1-7zzq_V-1__ligand.sdf	1080	84	1110.09	-77.455	-77.455	1110.09	-77.455	0	-0.0697736	sas_voromqa	1110.09	2577.39
7zzq-1-7zzq_B-1-7zzq_X-1__receptor.pdb	7zzq-1-7zzq_B-1-7zzq_X-1__ligand.sdf	1104	99	759.896	39.8512	39.8512	759.896	39.8512	0	0.052443	sas_voromqa	759.896	2522.14
7zzq-1-7zzq_F-1-7zzq_R-1__receptor.pdb	7zzq-1-7zzq_F-1-7zzq_R-1__ligand.sdf	1122	266	3100.66	8.06655	8.06655	3100.66	8.06655	0	0.00260156	sas_voromqa	3100.66	7652.48
8a1a-1-8a1a_A-1-8a1a_B-1__receptor.pdb	8a1a-1-8a1a_A-1-8a1a_B-1__ligand.sdf	10343	84	733.138	100.943	72.701	711.578	85.5763	0	0.137686	sas_voromqa	733.138	2315.66
8a22-1-8a22_Ao-1-8a22_Ua-1__receptor.pdb	8a22-1-8a22_Ao-1-8a22_Ua-1__ligand.sdf	964	166	2475.7	155.16	155.16	2475.7	155.16	0	0.0626732	sas_voromqa	2475.7	5277.98
8a22-1-8a22_Ap-1-8a22_Ua-1__receptor.pdb	8a22-1-8a22_Ap-1-8a22_Ua-1__ligand.sdf	1566	166	2403.18	194.44	194.44	2403.18	194.44	0	0.0809095	sas_voromqa	2403.18	5234.79
8a22-1-8a22_Ax-1-8a22_Ua-1__receptor.pdb	8a22-1-8a22_Ax-1-8a22_Ua-1__ligand.sdf	1472	166	2347.07	167.776	167.776	2347.07	167.776	0	0.0714832	sas_voromqa	2347.07	5257.25
8a22-1-8a22_Ba-1-8a22_Ui-1__receptor.pdb	8a22-1-8a22_Ba-1-8a22_Ui-1__ligand.sdf	1936	130	1952.48	152.024	152.024	1952.48	152.024	0	0.077862	sas_voromqa	1952.48	4226.84
8a22-1-8a22_Ba-1-8a22_Uj-1__receptor.pdb	8a22-1-8a22_Ba-1-8a22_Uj-1__ligand.sdf	1936	45	725.764	46.2229	46.2229	725.764	46.2229	0	0.0636886	sas_voromqa	725.764	1454.2
8a22-1-8a22_Bb-1-8a22_Um-1__receptor.pdb	8a22-1-8a22_Bb-1-8a22_Um-1__ligand.sdf	1878	55	720.827	56.5115	56.5115	720.827	56.5115	0	0.0783981	sas_voromqa	720.827	1681.44
8a22-1-8a22_Bi-1-8a22_Uk-1__receptor.pdb	8a22-1-8a22_Bi-1-8a22_Uk-1__ligand.sdf	2271	115	1665.35	120.056	120.056	1665.35	120.056	0	0.0720906	sas_voromqa	1665.35	3524.31
8a22-1-8a22_Br-1-8a22_Ui-1__receptor.pdb	8a22-1-8a22_Br-1-8a22_Ui-1__ligand.sdf	743	130	2330.21	175.954	175.954	2330.21	175.954	0	0.0755099	sas_voromqa	2330.21	4484.69
8a22-1-8a22_Bu-1-8a22_Ui-1__receptor.pdb	8a22-1-8a22_Bu-1-8a22_Ui-1__ligand.sdf	1366	130	2234.79	168.748	168.748	2234.79	168.748	0	0.0755096	sas_voromqa	2234.79	4425.82
8a42-1-8a42_A-1-8a42_G-1__receptor.pdb	8a42-1-8a42_A-1-8a42_G-1__ligand.sdf	4904	51	185.625	5.09831	5.09831	185.625	5.09831	0	0.0274656	sas_voromqa	185.625	1249.04
8a5b-1-8a5b_A-1-8a5b_E-1__receptor.pdb	8a5b-1-8a5b_A-1-8a5b_E-1__ligand.sdf	1695	27	237.789	21.6219	21.6219	237.789	21.6219	0	0.0909289	sas_voromqa	237.789	749.171
8a9k-1-8a9k_D-1-8a9k_Z-1__receptor.pdb	8a9k-1-8a9k_D-1-8a9k_Z-1__ligand.sdf	2281	29	49.7829	4.34274	4.34274	49.7829	4.34274	0	0.0872336	sas_voromqa	49.7829	612.187
8a9l-1-8a9l_A-1-8a9l_B-1__receptor.pdb	8a9l-1-8a9l_A-1-8a9l_B-1__ligand.sdf	488	45	878.163	61.3162	61.3162	878.163	61.3162	0	0.0698233	sas_voromqa	878.163	1603.66
8a9l-1-8a9l_A-1-8a9l_C-1__receptor.pdb	8a9l-1-8a9l_A-1-8a9l_C-1__ligand.sdf	488	37	692.934	45.2887	45.2887	692.934	45.2887	0	0.0653579	sas_voromqa	692.934	1337.08
8aaa-1-8aaa_A-1-8aaa_B-1__receptor.pdb	8aaa-1-8aaa_A-1-8aaa_B-1__ligand.sdf	1529	138	1205.55	122.334	122.334	1205.55	122.334	0	0.101476	sas_voromqa	1205.55	3609.65
8ab5-2-8ab5_B-1-8ab5_D-1__receptor.pdb	8ab5-2-8ab5_B-1-8ab5_D-1__ligand.sdf	1419	60	336.466	5.06823	5.06823	336.466	5.06823	0	0.0150631	sas_voromqa	336.466	1422.91
8ack-2-8ack_A-1-8ack_C-1__receptor.pdb	8ack-2-8ack_A-1-8ack_C-1__ligand.sdf	3529	84	408.59	74.7693	33.2707	376.91	52.1899	0	0.182993	sas_voromqa	408.59	1951.94
8ad9-1-8ad9_A-1-8ad9_D-1__receptor.pdb	8ad9-1-8ad9_A-1-8ad9_D-1__ligand.sdf	1102	79	617.12	76.447	76.447	617.12	76.447	0	0.123877	sas_voromqa	617.12	2048.65
8ael-1-8ael_A-1-8ael_B-1__receptor.pdb	8ael-1-8ael_A-1-8ael_B-1__ligand.sdf	3251	33	359.568	11.8721	11.8721	359.568	11.8721	0	0.0330177	sas_voromqa	359.568	905.607
8age-1-8age_A-1-8age_P-1__receptor.pdb	8age-1-8age_A-1-8age_P-1__ligand.sdf	5191	75	607.943	71.2545	71.2545	607.943	71.2545	0	0.117206	sas_voromqa	607.943	1963.29
8agx-1-8agx_C-1-8agx_1-1__receptor.pdb	8agx-1-8agx_C-1-8agx_1-1__ligand.sdf	1416	90	1781.29	131.616	131.616	1781.29	131.616	0	0.073888	sas_voromqa	1781.29	3202.64
8agx-1-8agx_l-1-8agx_1-1__receptor.pdb	8agx-1-8agx_l-1-8agx_1-1__ligand.sdf	2748	90	1765.66	141.703	141.703	1765.66	141.703	0	0.080255	sas_voromqa	1765.66	3183.89
8agy-1-8agy_A-1-8agy_B-1__receptor.pdb	8agy-1-8agy_A-1-8agy_B-1__ligand.sdf	2762	83	559.571	8.93282	8.93282	559.571	8.93282	0	0.0159637	sas_voromqa	559.571	2041.49
8ai4-1-8ai4_A-1-8ai4_C-1__receptor.pdb	8ai4-1-8ai4_A-1-8ai4_C-1__ligand.sdf	2584	83	385.936	-22.0967	-22.0967	385.936	-22.0967	0	-0.0572548	sas_voromqa	385.936	1925.18
8ajm-1-8ajm_B-1-8ajm_C-1__receptor.pdb	8ajm-1-8ajm_B-1-8ajm_C-1__ligand.sdf	3131	38	270	-21.1963	-21.1963	270	-21.1963	0	-0.0785048	sas_voromqa	270	919.741
8alx-1-8alx_A-1-8alx_B-1__receptor.pdb	8alx-1-8alx_A-1-8alx_B-1__ligand.sdf	924	133	875.061	79.1927	79.1927	875.061	79.1927	0	0.0904996	sas_voromqa	875.061	3130.39
8ana-1-8ana_e-1-8ana_A-1__receptor.pdb	8ana-1-8ana_e-1-8ana_A-1__ligand.sdf	1552	169	2565.42	22.3656	22.3656	2565.42	22.3656	0	0.0087181	sas_voromqa	2565.42	5274.83
8ana-1-8ana_r-1-8ana_A-1__receptor.pdb	8ana-1-8ana_r-1-8ana_A-1__ligand.sdf	857	169	2641.96	-11.0945	-11.0945	2641.96	-11.0945	0	-0.00419934	sas_voromqa	2641.96	5326.81
8ano-1-8ano_D-1-8ano_H-1__receptor.pdb	8ano-1-8ano_D-1-8ano_H-1__ligand.sdf	827	106	1286.02	58.0291	58.0291	1286.02	58.0291	0	0.045123	sas_voromqa	1286.02	3206.77
8anv-1-8anv_A-1-8anv_C-1__receptor.pdb	8anv-1-8anv_A-1-8anv_C-1__ligand.sdf	549	113	1336.6	61.0276	61.0276	1336.6	61.0276	0	0.0456588	sas_voromqa	1336.6	3249.59
8anv-1-8anv_A-1-8anv_F-1__receptor.pdb	8anv-1-8anv_A-1-8anv_F-1__ligand.sdf	549	105	1090.78	-28.6576	-28.6576	1090.78	-28.6576	0	-0.0262726	sas_voromqa	1090.78	2863.47
8aqb-1-8aqb_B-1-8aqb_C-2__receptor.pdb	8aqb-1-8aqb_B-1-8aqb_C-2__ligand.sdf	1140	54	614.367	54.7776	54.7776	614.367	54.7776	0	0.089161	sas_voromqa	614.367	1531.12
8aqk-1-8aqk_B-1-8aqk_C-1__receptor.pdb	8aqk-1-8aqk_B-1-8aqk_C-1__ligand.sdf	1131	51	497.187	-12.0308	-15.1673	494.792	-13.7374	0	-0.0241977	sas_voromqa	497.187	1357.79
8arn-1-8arn_A-1-8arn_C-1__receptor.pdb	8arn-1-8arn_A-1-8arn_C-1__ligand.sdf	4065	27	25.3703	-6.14273	-6.14273	25.3703	-6.14273	0	-0.242123	sas_voromqa	25.3703	503.455
8ati-2-8ati_B-1-8ati_b-1__receptor.pdb	8ati-2-8ati_B-1-8ati_b-1__ligand.sdf	2569	52	559.067	-23.6811	-23.6811	559.067	-23.6811	0	-0.0423583	sas_voromqa	559.067	1514.77
8b0p-1-8b0p_A-1-8b0p_B-1__receptor.pdb	8b0p-1-8b0p_A-1-8b0p_B-1__ligand.sdf	3911	105	438.7	-17.8019	-17.8019	438.7	-17.8019	0	-0.0405788	sas_voromqa	438.7	2698.17
8b1a-1-8b1a_A-1-8b1a_C-1__receptor.pdb	8b1a-1-8b1a_A-1-8b1a_C-1__ligand.sdf	3480	14	30.1627	-0.594264	-0.594264	30.1627	-0.594264	0	-0.0197019	sas_voromqa	30.1627	306.714
8b2f-1-8b2f_A-1-8b2f_H-1__receptor.pdb	8b2f-1-8b2f_A-1-8b2f_H-1__ligand.sdf	560	18	191.294	26.4756	-21.6557	154.551	0.287358	0	0.138403	sas_voromqa	191.294	514.321
8b2l-1-8b2l_X3-1-8b2l_l3-1__receptor.pdb	8b2l-1-8b2l_X3-1-8b2l_l3-1__ligand.sdf	448	120	2465.35	211.817	211.817	2465.35	211.817	0	0.0859176	sas_voromqa	2465.35	4330.39
8b2l-1-8b2l_s3-1-8b2l_l3-1__receptor.pdb	8b2l-1-8b2l_s3-1-8b2l_l3-1__ligand.sdf	3097	120	2454.02	209.035	209.035	2454.02	209.035	0	0.0851806	sas_voromqa	2454.02	4327.59
8b46-1-8b46_A-1-8b46_E-1__receptor.pdb	8b46-1-8b46_A-1-8b46_E-1__ligand.sdf	1537	106	1745.36	14.2093	14.2093	1745.36	14.2093	0	0.00814119	sas_voromqa	1745.36	3497.45
8b46-1-8b46_B-1-8b46_D-3__receptor.pdb	8b46-1-8b46_B-1-8b46_D-3__ligand.sdf	1537	222	2758.16	-3.4854	-3.4854	2758.16	-3.4854	0	-0.00126367	sas_voromqa	2758.16	6416.99
8b46-1-8b46_C-1-8b46_D-1__receptor.pdb	8b46-1-8b46_C-1-8b46_D-1__ligand.sdf	1537	222	2306.34	-21.1871	-21.1871	2306.34	-21.1871	0	-0.00918646	sas_voromqa	2306.34	6060.51
8b46-1-8b46_C-1-8b46_F-1__receptor.pdb	8b46-1-8b46_C-1-8b46_F-1__ligand.sdf	1537	22	148.583	5.85773	5.85773	148.583	5.85773	0	0.039424	sas_voromqa	148.583	543.372
8b4j-1-8b4j_O-1-8b4j_P-1__receptor.pdb	8b4j-1-8b4j_O-1-8b4j_P-1__ligand.sdf	991	120	1148.72	-92.3239	-176.511	1084.45	-138.131	0	-0.0803711	sas_voromqa	1148.72	3177.95
8b4x-1-8b4x_A-1-8b4x_B-1__receptor.pdb	8b4x-1-8b4x_A-1-8b4x_B-1__ligand.sdf	3608	54	296.234	48.136	48.136	296.234	48.136	0	0.162493	sas_voromqa	296.234	1271.36
8b58-1-8b58_A-1-8b58_C-1__receptor.pdb	8b58-1-8b58_A-1-8b58_C-1__ligand.sdf	1540	85	707.961	52.2759	52.2759	707.961	52.2759	0	0.0738401	sas_voromqa	707.961	2272.42
8b5a-1-8b5a_A-1-8b5a_B-1__receptor.pdb	8b5a-1-8b5a_A-1-8b5a_B-1__ligand.sdf	878	76	754.634	34.4161	34.4161	754.634	34.4161	0	0.0456063	sas_voromqa	754.634	2104.31
8b5a-1-8b5a_A-1-8b5a_B-2__receptor.pdb	8b5a-1-8b5a_A-1-8b5a_B-2__ligand.sdf	878	76	1188.85	21.247	21.247	1188.85	21.247	0	0.0178719	sas_voromqa	1188.85	2439.99
8b5c-1-8b5c_A-1-8b5c_B-1__receptor.pdb	8b5c-1-8b5c_A-1-8b5c_B-1__ligand.sdf	1017	76	693.584	33.0919	33.0919	693.584	33.0919	0	0.0477115	sas_voromqa	693.584	2064.59
8b82-1-8b82_A-1-8b82_C-1__receptor.pdb	8b82-1-8b82_A-1-8b82_C-1__ligand.sdf	807	75	1301.59	-161.971	-161.971	1301.59	-161.971	0	-0.124441	sas_voromqa	1301.59	2495.47
8b8i-4-8b8i_D-1-8b8i_L-1__receptor.pdb	8b8i-4-8b8i_D-1-8b8i_L-1__ligand.sdf	874	116	904.923	-36.8032	-36.8032	904.923	-36.8032	0	-0.04067	sas_voromqa	904.923	2938.11
8b94-1-8b94_A-1-8b94_C-1__receptor.pdb	8b94-1-8b94_A-1-8b94_C-1__ligand.sdf	2079	83	651.747	-0.0758557	-0.0758557	651.747	-0.0758557	0	-0.000116388	sas_voromqa	651.747	2217.82
8b9u-1-8b9u_A-1-8b9u_C-1__receptor.pdb	8b9u-1-8b9u_A-1-8b9u_C-1__ligand.sdf	1095	41	448.84	102.804	102.804	448.84	102.804	0	0.229044	sas_voromqa	448.84	1207.03
8b9u-1-8b9u_B-1-8b9u_C-1__receptor.pdb	8b9u-1-8b9u_B-1-8b9u_C-1__ligand.sdf	1113	41	428.724	43.8703	43.8703	428.724	43.8703	0	0.102328	sas_voromqa	428.724	1170.19
8b9v-1-8b9v_H-1-8b9v_A-1__receptor.pdb	8b9v-1-8b9v_H-1-8b9v_A-1__ligand.sdf	1572	78	920.414	-28.7853	-28.7853	920.414	-28.7853	0	-0.0312743	sas_voromqa	920.414	2252.29
8b9v-1-8b9v_L-1-8b9v_A-1__receptor.pdb	8b9v-1-8b9v_L-1-8b9v_A-1__ligand.sdf	1608	78	1274.07	-2.88964	-2.88964	1274.07	-2.88964	0	-0.00226804	sas_voromqa	1274.07	2593.38
8bbh-1-8bbh_H-1-8bbh_A-1__receptor.pdb	8bbh-1-8bbh_H-1-8bbh_A-1__ligand.sdf	1596	75	807.678	168.743	168.743	807.678	168.743	0	0.208924	sas_voromqa	807.678	2063.73
8bbh-1-8bbh_L-1-8bbh_A-1__receptor.pdb	8bbh-1-8bbh_L-1-8bbh_A-1__ligand.sdf	1674	75	996.784	171.023	171.023	996.784	171.023	0	0.171575	sas_voromqa	996.784	2210.55
8be8-1-8be8_S-1-8be8_P-1__receptor.pdb	8be8-1-8be8_S-1-8be8_P-1__ligand.sdf	3680	78	793.143	-40.0682	-40.0682	793.143	-40.0682	0	-0.0505183	sas_voromqa	793.143	2153.83
8bed-1-8bed_G-1-8bed_I-1__receptor.pdb	8bed-1-8bed_G-1-8bed_I-1__ligand.sdf	5243	67	816.939	-111.277	-111.277	816.939	-111.277	0	-0.136212	sas_voromqa	816.939	1897.23
8bed-1-8bed_G-1-8bed_W-1__receptor.pdb	8bed-1-8bed_G-1-8bed_W-1__ligand.sdf	5243	131	1002.27	76.6802	76.6802	1002.27	76.6802	0	0.0765065	sas_voromqa	1002.27	3238.2
8bed-1-8bed_R-1-8bed_I-1__receptor.pdb	8bed-1-8bed_R-1-8bed_I-1__ligand.sdf	571	67	789.845	-98.7504	-98.7504	789.845	-98.7504	0	-0.125025	sas_voromqa	789.845	1871.22
8beh-1-8beh_g-1-8beh_i-1__receptor.pdb	8beh-1-8beh_g-1-8beh_i-1__ligand.sdf	641	123	1371.32	147.634	147.634	1371.32	147.634	0	0.107658	sas_voromqa	1371.32	3491.2
8beh-1-8beh_p-1-8beh_i-1__receptor.pdb	8beh-1-8beh_p-1-8beh_i-1__ligand.sdf	757	123	1464.27	132.447	132.447	1464.27	132.447	0	0.0904526	sas_voromqa	1464.27	3590.12
8bep-1-8bep_B-1-8bep_D-1__receptor.pdb	8bep-1-8bep_B-1-8bep_D-1__ligand.sdf	3834	124	1349.69	7.05793	7.05793	1349.69	7.05793	0	0.0052293	sas_voromqa	1349.69	3503.88
8bf9-1-8bf9_C-1-8bf9_b-1__receptor.pdb	8bf9-1-8bf9_C-1-8bf9_b-1__ligand.sdf	2974	146	1977.29	117.767	117.767	1977.29	117.767	0	0.0595598	sas_voromqa	1977.29	4488.74
8bft-1-8bft_A-1-8bft_B-1__receptor.pdb	8bft-1-8bft_A-1-8bft_B-1__ligand.sdf	2405	56	411.285	5.48899	5.48899	411.285	5.48899	0	0.013346	sas_voromqa	411.285	1344.99
8bjs-1-8bjs_A-1-8bjs_U-1__receptor.pdb	8bjs-1-8bjs_A-1-8bjs_U-1__ligand.sdf	2723	18	247.221	19.1861	19.1861	247.221	19.1861	0	0.0776071	sas_voromqa	247.221	568.639
8blv-1-8blv_A-1-8blv_C-1__receptor.pdb	8blv-1-8blv_A-1-8blv_C-1__ligand.sdf	1462	65	671.791	75.6307	75.6307	671.791	75.6307	0	0.112581	sas_voromqa	671.791	1729.78
8bp4-1-8bp4_A-1-8bp4_D-1__receptor.pdb	8bp4-1-8bp4_A-1-8bp4_D-1__ligand.sdf	693	37	304.502	-12.9793	-12.9793	304.502	-12.9793	0	-0.0426247	sas_voromqa	304.502	931.547
8bpo-1-8bpo_Q2-1-8bpo_D1-1__receptor.pdb	8bpo-1-8bpo_Q2-1-8bpo_D1-1__ligand.sdf	1294	150	2185.88	181.066	181.066	2185.88	181.066	0	0.0828344	sas_voromqa	2185.88	4821.97
8bpo-1-8bpo_T2-1-8bpo_D1-1__receptor.pdb	8bpo-1-8bpo_T2-1-8bpo_D1-1__ligand.sdf	834	150	2080.13	161.124	161.124	2080.13	161.124	0	0.0774586	sas_voromqa	2080.13	4719.01
8bpo-1-8bpo_t2-1-8bpo_u2-1__receptor.pdb	8bpo-1-8bpo_t2-1-8bpo_u2-1__ligand.sdf	3262	82	593.714	20.3488	20.3488	593.714	20.3488	0	0.0342737	sas_voromqa	593.714	2202.39
8bq3-1-8bq3_A-1-8bq3_B-2__receptor.pdb	8bq3-1-8bq3_A-1-8bq3_B-2__ligand.sdf	487	22	332.157	38.2526	38.2526	332.157	38.2526	0	0.115164	sas_voromqa	332.157	722.472
8bq8-1-8bq8_A-1-8bq8_D-1__receptor.pdb	8bq8-1-8bq8_A-1-8bq8_D-1__ligand.sdf	659	37	313.591	-19.2895	-19.2895	313.591	-19.2895	0	-0.0615117	sas_voromqa	313.591	956.618
8bqw-1-8bqw_A-1-8bqw_B-1__receptor.pdb	8bqw-1-8bqw_A-1-8bqw_B-1__ligand.sdf	530	45	925.968	67.1099	67.1099	925.968	67.1099	0	0.0724754	sas_voromqa	925.968	1658.16
8brh-1-8brh_A-1-8brh_B-1__receptor.pdb	8brh-1-8brh_A-1-8brh_B-1__ligand.sdf	5020	63	485.496	66.4938	66.4938	485.496	66.4938	0	0.136961	sas_voromqa	485.496	1663.16
8btq-1-8btq_A-1-8btq_B-1__receptor.pdb	8btq-1-8btq_A-1-8btq_B-1__ligand.sdf	1821	177	1568.88	-13.7796	-13.7796	1568.88	-13.7796	0	-0.00878308	sas_voromqa	1568.88	4661.32
8bv7-1-8bv7_A-1-8bv7_B-1__receptor.pdb	8bv7-1-8bv7_A-1-8bv7_B-1__ligand.sdf	689	64	675.433	-110.733	-114.545	672.523	-112.807	0	-0.163944	sas_voromqa	675.433	1727.82
8bva-1-8bva_A-1-8bva_B-1__receptor.pdb	8bva-1-8bva_A-1-8bva_B-1__ligand.sdf	2728	50	134.184	13.7802	13.7802	134.184	13.7802	0	0.102696	sas_voromqa	134.184	1005.92
8bvf-1-8bvf_A-1-8bvf_D-1__receptor.pdb	8bvf-1-8bvf_A-1-8bvf_D-1__ligand.sdf	2837	44	567.17	-65.5016	-65.5016	567.17	-65.5016	0	-0.115488	sas_voromqa	567.17	1306.55
8bwf-10-8bwf_J-1-8bwf_j-1__receptor.pdb	8bwf-10-8bwf_J-1-8bwf_j-1__ligand.sdf	611	110	1145.03	-34.7339	-34.7339	1145.03	-34.7339	0	-0.0303345	sas_voromqa	1145.03	3011.77
8byj-1-8byj_A-1-8byj_D-1__receptor.pdb	8byj-1-8byj_A-1-8byj_D-1__ligand.sdf	4862	145	696.473	43.7052	43.7052	696.473	43.7052	0	0.0627522	sas_voromqa	696.473	3463.06
8bzl-1-8bzl_A-1-8bzl_h-1__receptor.pdb	8bzl-1-8bzl_A-1-8bzl_h-1__ligand.sdf	1760	35	336.163	61.3043	61.3043	336.163	61.3043	0	0.182365	sas_voromqa	336.163	963.284
8bzl-1-8bzl_B-1-8bzl_d-1__receptor.pdb	8bzl-1-8bzl_B-1-8bzl_d-1__ligand.sdf	1814	41	491.39	22.8896	22.8896	491.39	22.8896	0	0.0465813	sas_voromqa	491.39	1180.72
8bzl-1-8bzl_B-1-8bzl_h-1__receptor.pdb	8bzl-1-8bzl_B-1-8bzl_h-1__ligand.sdf	1814	35	396.274	56.6309	56.6309	396.274	56.6309	0	0.142908	sas_voromqa	396.274	999.182
8bzl-1-8bzl_C-1-8bzl_d-1__receptor.pdb	8bzl-1-8bzl_C-1-8bzl_d-1__ligand.sdf	1696	41	409.946	61.2197	61.2197	409.946	61.2197	0	0.149336	sas_voromqa	409.946	1085.29
8bzl-1-8bzl_D-1-8bzl_f-1__receptor.pdb	8bzl-1-8bzl_D-1-8bzl_f-1__ligand.sdf	1632	30	387.517	35.9009	35.9009	387.517	35.9009	0	0.0926434	sas_voromqa	387.517	882.853
8bzl-1-8bzl_E-1-8bzl_f-1__receptor.pdb	8bzl-1-8bzl_E-1-8bzl_f-1__ligand.sdf	1741	30	264.52	64.0882	64.0882	264.52	64.0882	0	0.242281	sas_voromqa	264.52	783.646
8bzl-1-8bzl_Q-1-8bzl_c-1__receptor.pdb	8bzl-1-8bzl_Q-1-8bzl_c-1__ligand.sdf	1675	41	418.527	58.4192	58.4192	418.527	58.4192	0	0.139583	sas_voromqa	418.527	1097.96
8c17-1-8c17_A-1-8c17_B-1__receptor.pdb	8c17-1-8c17_A-1-8c17_B-1__ligand.sdf	1746	151	1061.46	125.479	112.844	1051.81	118.604	0	0.118214	sas_voromqa	1061.46	3590.53
8c1j-1-8c1j_A-1-8c1j_B-1__receptor.pdb	8c1j-1-8c1j_A-1-8c1j_B-1__ligand.sdf	2729	77	317.308	-42.1029	-42.1029	317.308	-42.1029	0	-0.132688	sas_voromqa	317.308	1692.38
8c1l-1-8c1l_A-1-8c1l_E-2__receptor.pdb	8c1l-1-8c1l_A-1-8c1l_E-2__ligand.sdf	1673	52	477.496	43.4564	43.4564	477.496	43.4564	0	0.0910089	sas_voromqa	477.496	1447.66
8c1n-1-8c1n_A-1-8c1n_C-1__receptor.pdb	8c1n-1-8c1n_A-1-8c1n_C-1__ligand.sdf	3738	137	2122.07	-76.5706	-76.5706	2122.07	-76.5706	0	-0.036083	sas_voromqa	2122.07	4468.76
8c1t-1-8c1t_D-1-8c1t_E-1__receptor.pdb	8c1t-1-8c1t_D-1-8c1t_E-1__ligand.sdf	659	60	667.09	-35.3246	-35.3246	667.09	-35.3246	0	-0.0529533	sas_voromqa	667.09	1659.83
8c28-1-8c28_AAA-1-8c28_DDD-1__receptor.pdb	8c28-1-8c28_AAA-1-8c28_DDD-1__ligand.sdf	1781	62	826.895	-33.8579	-39.1406	822.862	-36.7322	0	-0.0409458	sas_voromqa	826.895	1903.38
8c3h-1-8c3h_A-1-8c3h_D-1__receptor.pdb	8c3h-1-8c3h_A-1-8c3h_D-1__ligand.sdf	806	49	382.681	6.34386	6.34386	382.681	6.34386	0	0.0165774	sas_voromqa	382.681	1230.54
8c5l-1-8c5l_A-1-8c5l_C-1__receptor.pdb	8c5l-1-8c5l_A-1-8c5l_C-1__ligand.sdf	4175	145	1338.02	144.286	144.286	1338.02	144.286	0	0.107835	sas_voromqa	1338.02	3877.45
8cav-1-8cav_A-1-8cav_D-1__receptor.pdb	8cav-1-8cav_A-1-8cav_D-1__ligand.sdf	6502	99	1389.9	108.953	108.953	1389.9	108.953	0	0.0783891	sas_voromqa	1389.9	3150.37
8cav-1-8cav_B-1-8cav_G-1__receptor.pdb	8cav-1-8cav_B-1-8cav_G-1__ligand.sdf	6464	55	767.745	57.9968	57.9968	767.745	57.9968	0	0.0755417	sas_voromqa	767.745	1699.83
8cb5-1-8cb5_A-1-8cb5_C-1__receptor.pdb	8cb5-1-8cb5_A-1-8cb5_C-1__ligand.sdf	1881	28	30.5714	-10.586	-10.586	30.5714	-10.586	0	-0.346271	sas_voromqa	30.5714	582.696
8ccz-1-8ccz_A-1-8ccz_C-1__receptor.pdb	8ccz-1-8ccz_A-1-8ccz_C-1__ligand.sdf	2152	127	1574.96	-180.276	-180.276	1574.96	-180.276	0	-0.114464	sas_voromqa	1574.96	3755.33
8cd8-1-8cd8_A-1-8cd8_B-1__receptor.pdb	8cd8-1-8cd8_A-1-8cd8_B-1__ligand.sdf	2039	17	130.638	-5.51747	-5.51747	130.638	-5.51747	0	-0.0422348	sas_voromqa	130.638	431.471
8ceu-1-8ceu_c-1-8ceu_I-1__receptor.pdb	8ceu-1-8ceu_c-1-8ceu_I-1__ligand.sdf	2082	47	714.543	-9.12518	-9.12518	714.543	-9.12518	0	-0.0127707	sas_voromqa	714.543	1443.14
8ceu-1-8ceu_s-1-8ceu_E-1__receptor.pdb	8ceu-1-8ceu_s-1-8ceu_E-1__ligand.sdf	738	47	697.379	5.34102	5.34102	697.379	5.34102	0	0.0076587	sas_voromqa	697.379	1443.52
8cgi-1-8cgi_N-1-8cgi_4-1__receptor.pdb	8cgi-1-8cgi_N-1-8cgi_4-1__ligand.sdf	805	107	1387.07	12.7176	12.7176	1387.07	12.7176	0	0.00916868	sas_voromqa	1387.07	3164.91
8cgi-1-8cgi_S-1-8cgi_4-1__receptor.pdb	8cgi-1-8cgi_S-1-8cgi_4-1__ligand.sdf	668	107	1071.62	-48.493	-48.493	1071.62	-48.493	0	-0.045252	sas_voromqa	1071.62	2909.53
8che-1-8che_H-1-8che_C-1__receptor.pdb	8che-1-8che_H-1-8che_C-1__ligand.sdf	1596	109	1255.62	43.7005	43.7005	1255.62	43.7005	0	0.0348039	sas_voromqa	1255.62	3086.25
8che-1-8che_L-1-8che_C-1__receptor.pdb	8che-1-8che_L-1-8che_C-1__ligand.sdf	1702	109	1394.39	11.0414	11.0414	1394.39	11.0414	0	0.00791844	sas_voromqa	1394.39	3196.16
8cis-1-8cis_A-1-8cis_B-1__receptor.pdb	8cis-1-8cis_A-1-8cis_B-1__ligand.sdf	2590	104	841.294	-20.8612	-20.8612	841.294	-20.8612	0	-0.0247966	sas_voromqa	841.294	2655.74
8cis-1-8cis_A-1-8cis_C-1__receptor.pdb	8cis-1-8cis_A-1-8cis_C-1__ligand.sdf	2590	110	1159.01	-31.3329	-31.3329	1159.01	-31.3329	0	-0.0270342	sas_voromqa	1159.01	2968.03
8cis-1-8cis_A-1-8cis_D-1__receptor.pdb	8cis-1-8cis_A-1-8cis_D-1__ligand.sdf	2590	29	508.749	29.3519	29.3519	508.749	29.3519	0	0.0576943	sas_voromqa	508.749	991.063
8cj1-1-8cj1_A-1-8cj1_I-1__receptor.pdb	8cj1-1-8cj1_A-1-8cj1_I-1__ligand.sdf	1240	41	684.755	-91.3725	-91.3725	684.755	-91.3725	0	-0.133438	sas_voromqa	684.755	1392.56
8cj1-1-8cj1_B-1-8cj1_I-1__receptor.pdb	8cj1-1-8cj1_B-1-8cj1_I-1__ligand.sdf	1240	41	460.118	-30.401	-30.401	460.118	-30.401	0	-0.0660722	sas_voromqa	460.118	1191.46
8cj2-1-8cj2_A-1-8cj2_F-1__receptor.pdb	8cj2-1-8cj2_A-1-8cj2_F-1__ligand.sdf	1240	112	1079.15	-46.1122	-46.1122	1079.15	-46.1122	0	-0.0427301	sas_voromqa	1079.15	3099.4
8cm9-1-8cm9_A-1-8cm9_E-1__receptor.pdb	8cm9-1-8cm9_A-1-8cm9_E-1__ligand.sdf	5461	62	580.654	60.5349	60.5349	580.654	60.5349	0	0.104253	sas_voromqa	580.654	1717.88
8cmk-1-8cmk_A-1-8cmk_C-1__receptor.pdb	8cmk-1-8cmk_A-1-8cmk_C-1__ligand.sdf	7229	115	855.452	19.1265	19.1265	855.452	19.1265	0	0.0223584	sas_voromqa	855.452	2780.51
8cmk-1-8cmk_A-1-8cmk_D-1__receptor.pdb	8cmk-1-8cmk_A-1-8cmk_D-1__ligand.sdf	7229	115	1352.5	117.114	117.114	1352.5	117.114	0	0.0865908	sas_voromqa	1352.5	3240.21
8cmk-1-8cmk_B-1-8cmk_C-1__receptor.pdb	8cmk-1-8cmk_B-1-8cmk_C-1__ligand.sdf	7079	115	1288.71	102.476	102.476	1288.71	102.476	0	0.0795183	sas_voromqa	1288.71	3241.38
8cmk-1-8cmk_B-1-8cmk_E-1__receptor.pdb	8cmk-1-8cmk_B-1-8cmk_E-1__ligand.sdf	7079	94	1216.53	8.52541	8.52541	1216.53	8.52541	0	0.00700797	sas_voromqa	1216.53	2745.78
8cmn-1-8cmn_AA-1-8cmn_B-1__receptor.pdb	8cmn-1-8cmn_AA-1-8cmn_B-1__ligand.sdf	495	173	1199.32	-146.748	-197.153	1160.84	-174.173	0	-0.122359	sas_voromqa	1199.32	3771.25
8cn1-1-8cn1_A-1-8cn1_V-1__receptor.pdb	8cn1-1-8cn1_A-1-8cn1_V-1__ligand.sdf	676	33	298.352	-40.6874	-40.6874	298.352	-40.6874	0	-0.136374	sas_voromqa	298.352	876.872
8cn1-1-8cn1_B-1-8cn1_V-1__receptor.pdb	8cn1-1-8cn1_B-1-8cn1_V-1__ligand.sdf	714	33	554.864	-90.8892	-90.8892	554.864	-90.8892	0	-0.163804	sas_voromqa	554.864	1082.47
8cn6-1-8cn6_A-1-8cn6_G-1__receptor.pdb	8cn6-1-8cn6_A-1-8cn6_G-1__ligand.sdf	621	120	1113.63	125.975	125.975	1113.63	125.975	0	0.113121	sas_voromqa	1113.63	3103.04
8coy-1-8coy_A-1-8coy_C-1__receptor.pdb	8coy-1-8coy_A-1-8coy_C-1__ligand.sdf	2570	43	259.995	24.1651	24.1651	259.995	24.1651	0	0.0929445	sas_voromqa	259.995	1022.57
8cp6-1-8cp6_B-1-8cp6_A-1__receptor.pdb	8cp6-1-8cp6_B-1-8cp6_A-1__ligand.sdf	8614	121	845.356	46.6504	46.6504	845.356	46.6504	0	0.0551843	sas_voromqa	845.356	3103.81
8cqy-1-8cqy_A-1-8cqy_B-1__receptor.pdb	8cqy-1-8cqy_A-1-8cqy_B-1__ligand.sdf	737	47	483.43	-61.0467	-61.0467	483.43	-61.0467	0	-0.126278	sas_voromqa	483.43	1290.36
8csq-1-8csq_B-1-8csq_Q-1__receptor.pdb	8csq-1-8csq_B-1-8csq_Q-1__ligand.sdf	1789	49	571.61	68.922	68.922	571.61	68.922	0	0.120575	sas_voromqa	571.61	1384.14
8csq-1-8csq_G-1-8csq_Q-1__receptor.pdb	8csq-1-8csq_G-1-8csq_Q-1__ligand.sdf	2384	49	598.554	30.4928	30.4928	598.554	30.4928	0	0.0509441	sas_voromqa	598.554	1414.87
8csq-1-8csq_W-1-8csq_Q-1__receptor.pdb	8csq-1-8csq_W-1-8csq_Q-1__ligand.sdf	775	49	691.162	39.2181	39.2181	691.162	39.2181	0	0.0567423	sas_voromqa	691.162	1488.34
8cv4-1-8cv4_A-1-8cv4_E-1__receptor.pdb	8cv4-1-8cv4_A-1-8cv4_E-1__ligand.sdf	945	129	1511.26	203.418	203.418	1511.26	203.418	0	0.134602	sas_voromqa	1511.26	3748.87
8cv5-1-8cv5_A-1-8cv5_B-1__receptor.pdb	8cv5-1-8cv5_A-1-8cv5_B-1__ligand.sdf	929	161	1278.22	186.821	186.821	1278.22	186.821	0	0.146157	sas_voromqa	1278.22	4104.06
8cv7-1-8cv7_A-1-8cv7_D-1__receptor.pdb	8cv7-1-8cv7_A-1-8cv7_D-1__ligand.sdf	902	124	917.382	118.094	118.094	917.382	118.094	0	0.128729	sas_voromqa	917.382	3068.24
8cx4-1-8cx4_D-1-8cx4_C-1__receptor.pdb	8cx4-1-8cx4_D-1-8cx4_C-1__ligand.sdf	1553	74	1262.81	91.915	91.915	1262.81	91.915	0	0.0727861	sas_voromqa	1262.81	2548.69
8cx4-1-8cx4_F-1-8cx4_C-1__receptor.pdb	8cx4-1-8cx4_F-1-8cx4_C-1__ligand.sdf	1922	74	1344.82	114.436	114.436	1344.82	114.436	0	0.0850939	sas_voromqa	1344.82	2589.54
8cz9-1-8cz9_A-1-8cz9_C-1__receptor.pdb	8cz9-1-8cz9_A-1-8cz9_C-1__ligand.sdf	826	72	637.234	-33.3043	-33.3043	637.234	-33.3043	0	-0.0522638	sas_voromqa	637.234	1880.29
8czk-1-8czk_A-1-8czk_C-1__receptor.pdb	8czk-1-8czk_A-1-8czk_C-1__ligand.sdf	3203	70	520.19	92.1421	92.1421	520.19	92.1421	0	0.177132	sas_voromqa	520.19	1761.03
8d36-1-8d36_H-1-8d36_F-1__receptor.pdb	8d36-1-8d36_H-1-8d36_F-1__ligand.sdf	1638	119	1090.61	127.567	127.567	1090.61	127.567	0	0.116968	sas_voromqa	1090.61	3191.73
8d36-1-8d36_L-1-8d36_F-1__receptor.pdb	8d36-1-8d36_L-1-8d36_F-1__ligand.sdf	1566	119	1651.2	26.4118	26.4118	1651.2	26.4118	0	0.0159955	sas_voromqa	1651.2	3630.45
8d3o-2-8d3o_B-1-8d3o_D-1__receptor.pdb	8d3o-2-8d3o_B-1-8d3o_D-1__ligand.sdf	3220	32	472.548	29.2125	29.2125	472.548	29.2125	0	0.0618191	sas_voromqa	472.548	1005.28
8d47-2-8d47_A-1-8d47_D-1__receptor.pdb	8d47-2-8d47_A-1-8d47_D-1__ligand.sdf	1609	103	1367.53	59.8925	59.8925	1367.53	59.8925	0	0.0437961	sas_voromqa	1367.53	3065.45
8d47-2-8d47_B-1-8d47_D-1__receptor.pdb	8d47-2-8d47_B-1-8d47_D-1__ligand.sdf	1732	103	875.823	112.16	112.16	875.823	112.16	0	0.128062	sas_voromqa	875.823	2684.11
8d5n-1-8d5n_C-1-8d5n_E-1__receptor.pdb	8d5n-1-8d5n_C-1-8d5n_E-1__ligand.sdf	2138	110	722.34	7.50611	7.50611	722.34	7.50611	0	0.0103914	sas_voromqa	722.34	2637.94
8d5q-1-8d5q_A-1-8d5q_E-1__receptor.pdb	8d5q-1-8d5q_A-1-8d5q_E-1__ligand.sdf	1600	82	1427.15	102.784	102.784	1427.15	102.784	0	0.0720205	sas_voromqa	1427.15	2664.18
8d5q-1-8d5q_B-1-8d5q_E-1__receptor.pdb	8d5q-1-8d5q_B-1-8d5q_E-1__ligand.sdf	1967	82	1274.31	116.851	116.851	1274.31	116.851	0	0.0916975	sas_voromqa	1274.31	2538.59
8d6w-1-8d6w_D-1-8d6w_d-1__receptor.pdb	8d6w-1-8d6w_D-1-8d6w_d-1__ligand.sdf	1658	34	498.905	33.5262	33.5262	498.905	33.5262	0	0.0671996	sas_voromqa	498.905	1052.99
8d6z-1-8d6z_A-1-8d6z_H-1__receptor.pdb	8d6z-1-8d6z_A-1-8d6z_H-1__ligand.sdf	1662	96	917.24	70.0974	70.0974	917.24	70.0974	0	0.0764221	sas_voromqa	917.24	2551.85
8d6z-1-8d6z_B-1-8d6z_H-1__receptor.pdb	8d6z-1-8d6z_B-1-8d6z_H-1__ligand.sdf	1637	96	1259.65	22.0937	22.0937	1259.65	22.0937	0	0.0175396	sas_voromqa	1259.65	2839.19
8d7o-1-8d7o_A-1-8d7o_C-1__receptor.pdb	8d7o-1-8d7o_A-1-8d7o_C-1__ligand.sdf	2363	57	401.255	-40.3516	-45.7913	397.103	-43.3113	0	-0.100563	sas_voromqa	401.255	1442.86
8d7p-2-8d7p_B-1-8d7p_D-1__receptor.pdb	8d7p-2-8d7p_B-1-8d7p_D-1__ligand.sdf	2363	87	708.285	-113.598	-115.078	707.155	-114.403	0	-0.160385	sas_voromqa	708.285	2298.45
8ddq-1-8ddq_A-1-8ddq_E-1__receptor.pdb	8ddq-1-8ddq_A-1-8ddq_E-1__ligand.sdf	7790	85	1043.47	90.149	90.149	1043.47	90.149	0	0.0863935	sas_voromqa	1043.47	2586.66
8des-1-8des_A-1-8des_E-1__receptor.pdb	8des-1-8des_A-1-8des_E-1__ligand.sdf	3789	76	662.232	-9.62162	-9.62162	662.232	-9.62162	0	-0.0145291	sas_voromqa	662.232	2171.91
8des-1-8des_A-1-8des_E-58__receptor.pdb	8des-1-8des_A-1-8des_E-58__ligand.sdf	3789	76	1276.32	-79.8448	-79.8448	1276.32	-79.8448	0	-0.0625586	sas_voromqa	1276.32	2575.26
8deu-1-8deu_B-1-8deu_D-1__receptor.pdb	8deu-1-8deu_B-1-8deu_D-1__ligand.sdf	7788	64	229.086	-54.2437	-54.2437	229.086	-54.2437	0	-0.236783	sas_voromqa	229.086	1357.06
8dew-1-8dew_B-1-8dew_D-1__receptor.pdb	8dew-1-8dew_B-1-8dew_D-1__ligand.sdf	7788	144	643.462	3.51363	3.51363	643.462	3.51363	0	0.00546051	sas_voromqa	643.462	3475.85
8dgo-1-8dgo_B-1-8dgo_C-1__receptor.pdb	8dgo-1-8dgo_B-1-8dgo_C-1__ligand.sdf	1741	48	507.154	32.6787	30.7838	505.708	31.6477	0	0.0644355	sas_voromqa	507.154	1312.48
8dgu-1-8dgu_H-1-8dgu_A-1__receptor.pdb	8dgu-1-8dgu_H-1-8dgu_A-1__ligand.sdf	1621	119	1161.07	46.0902	46.0902	1161.07	46.0902	0	0.0396963	sas_voromqa	1161.07	3178.22
8dgu-1-8dgu_L-1-8dgu_A-1__receptor.pdb	8dgu-1-8dgu_L-1-8dgu_A-1__ligand.sdf	1566	119	1222.92	114.305	114.305	1222.92	114.305	0	0.0934689	sas_voromqa	1222.92	3212.88
8dgv-1-8dgv_H-1-8dgv_A-1__receptor.pdb	8dgv-1-8dgv_H-1-8dgv_A-1__ligand.sdf	1589	149	1520.1	-23.9417	-23.9417	1520.1	-23.9417	0	-0.0157501	sas_voromqa	1520.1	4033.08
8dgv-1-8dgv_L-1-8dgv_A-1__receptor.pdb	8dgv-1-8dgv_L-1-8dgv_A-1__ligand.sdf	1570	149	1535.73	-24.6628	-24.6628	1535.73	-24.6628	0	-0.0160593	sas_voromqa	1535.73	4028.13
8dgx-1-8dgx_H-1-8dgx_C-1__receptor.pdb	8dgx-1-8dgx_H-1-8dgx_C-1__ligand.sdf	1542	121	1253.59	76.8015	76.8015	1253.59	76.8015	0	0.0612652	sas_voromqa	1253.59	3328.65
8dgx-1-8dgx_L-1-8dgx_C-1__receptor.pdb	8dgx-1-8dgx_L-1-8dgx_C-1__ligand.sdf	1594	121	1350.94	82.9486	82.9486	1350.94	82.9486	0	0.0614007	sas_voromqa	1350.94	3389.01
8dji-1-8dji_A-1-8dji_B-1__receptor.pdb	8dji-1-8dji_A-1-8dji_B-1__ligand.sdf	615	120	1387.23	19.9613	-65.1921	1322.22	-26.3707	0	0.0143893	sas_voromqa	1387.23	3453.27
8dk9-1-8dk9_A-1-8dk9_E-1__receptor.pdb	8dk9-1-8dk9_A-1-8dk9_E-1__ligand.sdf	2871	52	405.899	-21.0374	-21.0374	405.899	-21.0374	0	-0.0518291	sas_voromqa	405.899	1304.39
8dl7-1-8dl7_A-1-8dl7_F-1__receptor.pdb	8dl7-1-8dl7_A-1-8dl7_F-1__ligand.sdf	3536	123	1006.22	-9.26777	-9.26777	1006.22	-9.26777	0	-0.00921048	sas_voromqa	1006.22	3404.19
8dnq-1-8dnq_A-1-8dnq_C-1__receptor.pdb	8dnq-1-8dnq_A-1-8dnq_C-1__ligand.sdf	968	159	1189.4	223.685	223.685	1189.4	223.685	0	0.188065	sas_voromqa	1189.4	3878.72
8dny-1-8dny_A-1-8dny_D-1__receptor.pdb	8dny-1-8dny_A-1-8dny_D-1__ligand.sdf	3510	84	420.489	29.4733	29.4733	420.489	29.4733	0	0.0700929	sas_voromqa	420.489	1999.39
8dnz-1-8dnz_A-1-8dnz_D-1__receptor.pdb	8dnz-1-8dnz_A-1-8dnz_D-1__ligand.sdf	3548	58	335.133	29.6973	29.6973	335.133	29.6973	0	0.0886135	sas_voromqa	335.133	1399.51
8ds7-1-8ds7_H-1-8ds7_M-1__receptor.pdb	8ds7-1-8ds7_H-1-8ds7_M-1__ligand.sdf	1617	71	749.819	3.34279	3.34279	749.819	3.34279	0	0.00445813	sas_voromqa	749.819	2008.48
8ds8-1-8ds8_A-1-8ds8_C-1__receptor.pdb	8ds8-1-8ds8_A-1-8ds8_C-1__ligand.sdf	1319	52	571.552	38.6274	38.6274	571.552	38.6274	0	0.0675834	sas_voromqa	571.552	1510.08
8dtr-1-8dtr_A-1-8dtr_G-1__receptor.pdb	8dtr-1-8dtr_A-1-8dtr_G-1__ligand.sdf	1546	135	1462.89	23.9247	23.9247	1462.89	23.9247	0	0.0163544	sas_voromqa	1462.89	3707.38
8dtr-1-8dtr_B-1-8dtr_G-1__receptor.pdb	8dtr-1-8dtr_B-1-8dtr_G-1__ligand.sdf	1667	135	1484.02	25.5979	25.5979	1484.02	25.5979	0	0.017249	sas_voromqa	1484.02	3708.25
8dtt-1-8dtt_A-1-8dtt_G-1__receptor.pdb	8dtt-1-8dtt_A-1-8dtt_G-1__ligand.sdf	1602	120	1323.43	32.6783	32.6783	1323.43	32.6783	0	0.0246921	sas_voromqa	1323.43	3365.85
8dtt-1-8dtt_B-1-8dtt_G-1__receptor.pdb	8dtt-1-8dtt_B-1-8dtt_G-1__ligand.sdf	1659	120	1445.84	49.0419	49.0419	1445.84	49.0419	0	0.0339193	sas_voromqa	1445.84	3451.68
8dtu-1-8dtu_A-1-8dtu_B-1__receptor.pdb	8dtu-1-8dtu_A-1-8dtu_B-1__ligand.sdf	830	49	425.44	-9.61944	-9.61944	425.44	-9.61944	0	-0.0226106	sas_voromqa	425.44	1342.62
8dtx-1-8dtx_H-1-8dtx_I-1__receptor.pdb	8dtx-1-8dtx_H-1-8dtx_I-1__ligand.sdf	1659	135	1489.77	23.9499	23.9499	1489.77	23.9499	0	0.0160762	sas_voromqa	1489.77	3758.78
8dtx-1-8dtx_L-1-8dtx_I-1__receptor.pdb	8dtx-1-8dtx_L-1-8dtx_I-1__ligand.sdf	1686	135	1474.86	33.6795	33.6795	1474.86	33.6795	0	0.0228357	sas_voromqa	1474.86	3700.34
8duz-1-8duz_A-1-8duz_F-1__receptor.pdb	8duz-1-8duz_A-1-8duz_F-1__ligand.sdf	1591	108	999.39	10.7557	10.7557	999.39	10.7557	0	0.0107623	sas_voromqa	999.39	2874.42
8dvl-1-8dvl_A-1-8dvl_B-1__receptor.pdb	8dvl-1-8dvl_A-1-8dvl_B-1__ligand.sdf	4853	102	830.297	38.7061	38.7061	830.297	38.7061	0	0.0466172	sas_voromqa	830.297	2683.96
8dvm-1-8dvm_A-1-8dvm_B-1__receptor.pdb	8dvm-1-8dvm_A-1-8dvm_B-1__ligand.sdf	4868	313	3449.18	242.733	242.733	3449.18	242.733	0	0.0703741	sas_voromqa	3449.18	8623.96
8dzv-1-8dzv_A-1-8dzv_C-1__receptor.pdb	8dzv-1-8dzv_A-1-8dzv_C-1__ligand.sdf	1714	91	634.38	29.1333	29.1333	634.38	29.1333	0	0.0459241	sas_voromqa	634.38	2309.02
8e2c-1-8e2c_A-1-8e2c_C-1__receptor.pdb	8e2c-1-8e2c_A-1-8e2c_C-1__ligand.sdf	539	69	799.925	63.4633	63.4633	799.925	63.4633	0	0.0793366	sas_voromqa	799.925	2023.24
8e2z-1-8e2z_A-1-8e2z_C-1__receptor.pdb	8e2z-1-8e2z_A-1-8e2z_C-1__ligand.sdf	2191	75	255.756	29.8616	29.8616	255.756	29.8616	0	0.116758	sas_voromqa	255.756	1695.7
8ebb-1-8ebb_A-1-8ebb_C-1__receptor.pdb	8ebb-1-8ebb_A-1-8ebb_C-1__ligand.sdf	1317	147	1236.25	-3.21024	-3.21024	1236.25	-3.21024	0	-0.00259676	sas_voromqa	1236.25	3783.46
8ebk-1-8ebk_A-1-8ebk_B-1__receptor.pdb	8ebk-1-8ebk_A-1-8ebk_B-1__ligand.sdf	695	164	1587.41	168.959	73.6163	1514.63	117.083	0	0.106437	sas_voromqa	1587.41	4352.85
8ebl-1-8ebl_A-1-8ebl_C-1__receptor.pdb	8ebl-1-8ebl_A-1-8ebl_C-1__ligand.sdf	2655	43	150.873	-5.04055	-5.04055	150.873	-5.04055	0	-0.0334092	sas_voromqa	150.873	932.503
8ei1-1-8ei1_A-1-8ei1_E-1__receptor.pdb	8ei1-1-8ei1_A-1-8ei1_E-1__ligand.sdf	2843	157	1058.69	12.9836	12.9836	1058.69	12.9836	0	0.0122638	sas_voromqa	1058.69	3675.19
8ei2-1-8ei2_A-1-8ei2_C-1__receptor.pdb	8ei2-1-8ei2_A-1-8ei2_C-1__ligand.sdf	2932	135	1116.39	199.28	199.28	1116.39	199.28	0	0.178504	sas_voromqa	1116.39	3395.26
8ei4-1-8ei4_A-1-8ei4_B-1__receptor.pdb	8ei4-1-8ei4_A-1-8ei4_B-1__ligand.sdf	3037	122	1198.76	84.8843	84.8843	1198.76	84.8843	0	0.0708101	sas_voromqa	1198.76	3281.59
8ei5-3-8ei5_C-1-8ei5_G-1__receptor.pdb	8ei5-3-8ei5_C-1-8ei5_G-1__ligand.sdf	3144	91	865.243	31.4761	31.4761	865.243	31.4761	0	0.0363783	sas_voromqa	865.243	2458.84
8ei7-1-8ei7_A-1-8ei7_C-1__receptor.pdb	8ei7-1-8ei7_A-1-8ei7_C-1__ligand.sdf	3159	161	936.069	151.436	151.436	936.069	151.436	0	0.161779	sas_voromqa	936.069	3746.39
8eic-1-8eic_A-1-8eic_C-1__receptor.pdb	8eic-1-8eic_A-1-8eic_C-1__ligand.sdf	3932	144	1180.59	177.13	177.13	1180.59	177.13	0	0.150035	sas_voromqa	1180.59	3653.24
8ek5-1-8ek5_E-1-8ek5_C-1__receptor.pdb	8ek5-1-8ek5_E-1-8ek5_C-1__ligand.sdf	1711	81	1097.5	116.689	116.689	1097.5	116.689	0	0.106323	sas_voromqa	1097.5	2440.41
8ekf-1-8ekf_HHH-1-8ekf_CCC-1__receptor.pdb	8ekf-1-8ekf_HHH-1-8ekf_CCC-1__ligand.sdf	1678	69	685.91	-10.2047	-10.2047	685.91	-10.2047	0	-0.0148776	sas_voromqa	685.91	1820.07
8ekf-1-8ekf_LLL-1-8ekf_CCC-1__receptor.pdb	8ekf-1-8ekf_LLL-1-8ekf_CCC-1__ligand.sdf	1576	69	1034.21	4.85142	4.85142	1034.21	4.85142	0	0.00469094	sas_voromqa	1034.21	2118.99
8em8-1-8em8_A-1-8em8_U-1__receptor.pdb	8em8-1-8em8_A-1-8em8_U-1__ligand.sdf	5897	20	264.876	12.7213	12.7213	264.876	12.7213	0	0.0480274	sas_voromqa	264.876	651.982
8enh-2-8enh_I-1-8enh_H-1__receptor.pdb	8enh-2-8enh_I-1-8enh_H-1__ligand.sdf	1591	74	1327.58	100.621	100.621	1327.58	100.621	0	0.0757928	sas_voromqa	1327.58	2580.12
8eo8-1-8eo8_E-1-8eo8_C-1__receptor.pdb	8eo8-1-8eo8_E-1-8eo8_C-1__ligand.sdf	1942	72	1088.36	106.632	106.632	1088.36	106.632	0	0.0979749	sas_voromqa	1088.36	2321.15
8eq5-1-8eq5_A-1-8eq5_B-1__receptor.pdb	8eq5-1-8eq5_A-1-8eq5_B-1__ligand.sdf	2279	49	417.253	-71.1128	-71.1128	417.253	-71.1128	0	-0.170431	sas_voromqa	417.253	1245.71
8es8-1-8es8_B-1-8es8_P-1__receptor.pdb	8es8-1-8es8_B-1-8es8_P-1__ligand.sdf	2292	80	1203.75	-36.4539	-36.4539	1203.75	-36.4539	0	-0.0302836	sas_voromqa	1203.75	2476.52
8ese-1-8ese_Z-1-8ese_X-1__receptor.pdb	8ese-1-8ese_Z-1-8ese_X-1__ligand.sdf	1456	120	1275.65	156.581	156.581	1275.65	156.581	0	0.122746	sas_voromqa	1275.65	3350.32
8esh-1-8esh_A-1-8esh_C-1__receptor.pdb	8esh-1-8esh_A-1-8esh_C-1__ligand.sdf	2215	82	464.722	19.2779	19.2779	464.722	19.2779	0	0.0414826	sas_voromqa	464.722	2030.43
8euy-1-8euy_C-1-8euy_T-1__receptor.pdb	8euy-1-8euy_C-1-8euy_T-1__ligand.sdf	2572	147	2425.66	133.873	133.873	2425.66	133.873	0	0.0551903	sas_voromqa	2425.66	4825.63
8euy-1-8euy_F-1-8euy_T-1__receptor.pdb	8euy-1-8euy_F-1-8euy_T-1__ligand.sdf	1944	147	2156.67	36.0007	36.0007	2156.67	36.0007	0	0.0166927	sas_voromqa	2156.67	4594.26
8euy-1-8euy_S-1-8euy_T-1__receptor.pdb	8euy-1-8euy_S-1-8euy_T-1__ligand.sdf	1402	147	1766.34	88.7536	88.7536	1766.34	88.7536	0	0.0502472	sas_voromqa	1766.34	4284.97
8f0l-1-8f0l_A-1-8f0l_Q-1__receptor.pdb	8f0l-1-8f0l_A-1-8f0l_Q-1__ligand.sdf	1614	54	704.193	-58.0242	-58.0242	704.193	-58.0242	0	-0.0823981	sas_voromqa	704.193	1576.95
8f0l-1-8f0l_B-1-8f0l_Q-1__receptor.pdb	8f0l-1-8f0l_B-1-8f0l_Q-1__ligand.sdf	1682	54	659.376	-30.2492	-30.2492	659.376	-30.2492	0	-0.0458755	sas_voromqa	659.376	1521.94
8f10-1-8f10_A-1-8f10_B-1__receptor.pdb	8f10-1-8f10_A-1-8f10_B-1__ligand.sdf	721	144	932.186	55.823	55.823	932.186	55.823	0	0.059884	sas_voromqa	932.186	3421.34
8f1f-1-8f1f_A-1-8f1f_1-1__receptor.pdb	8f1f-1-8f1f_A-1-8f1f_1-1__ligand.sdf	609	107	855.107	158.948	158.948	855.107	158.948	0	0.185881	sas_voromqa	855.107	2688.33
8f1f-2-8f1f_a-1-8f1f_2-1__receptor.pdb	8f1f-2-8f1f_a-1-8f1f_2-1__ligand.sdf	597	107	916.62	163.86	163.86	916.62	163.86	0	0.178765	sas_voromqa	916.62	2730.24
8f1f-2-8f1f_b-1-8f1f_2-1__receptor.pdb	8f1f-2-8f1f_b-1-8f1f_2-1__ligand.sdf	601	107	1052.02	225.362	225.362	1052.02	225.362	0	0.214218	sas_voromqa	1052.02	2837.56
8f1f-2-8f1f_c-1-8f1f_2-1__receptor.pdb	8f1f-2-8f1f_c-1-8f1f_2-1__ligand.sdf	603	107	1062.06	166.548	166.548	1062.06	166.548	0	0.156816	sas_voromqa	1062.06	2853.41
8f59-1-8f59_A-1-8f59_C-1__receptor.pdb	8f59-1-8f59_A-1-8f59_C-1__ligand.sdf	5217	35	282.872	-2.43814	-2.43814	282.872	-2.43814	0	-0.00861923	sas_voromqa	282.872	992.126
8f5a-1-8f5a_C-1-8f5a_E-1__receptor.pdb	8f5a-1-8f5a_C-1-8f5a_E-1__ligand.sdf	1509	82	1319.51	64.3396	64.3396	1319.51	64.3396	0	0.0487602	sas_voromqa	1319.51	2616.13
8f5a-1-8f5a_D-1-8f5a_E-1__receptor.pdb	8f5a-1-8f5a_D-1-8f5a_E-1__ligand.sdf	1866	82	1183.95	38.5286	38.5286	1183.95	38.5286	0	0.0325424	sas_voromqa	1183.95	2512.6
8f5q-1-8f5q_A-1-8f5q_B-1__receptor.pdb	8f5q-1-8f5q_A-1-8f5q_B-1__ligand.sdf	1818	72	517.332	-2.02011	-2.02011	517.332	-2.02011	0	-0.00390486	sas_voromqa	517.332	1779.33
8f7s-1-8f7s_D-1-8f7s_Q-1__receptor.pdb	8f7s-1-8f7s_D-1-8f7s_Q-1__ligand.sdf	2268	56	82.6434	7.05729	7.05729	82.6434	7.05729	0	0.0853945	sas_voromqa	82.6434	1185.23
8f9t-1-8f9t_A-1-8f9t_C-1__receptor.pdb	8f9t-1-8f9t_A-1-8f9t_C-1__ligand.sdf	1688	75	689.212	15.3289	15.3289	689.212	15.3289	0	0.0222412	sas_voromqa	689.212	1919.96
8f9t-1-8f9t_B-1-8f9t_C-1__receptor.pdb	8f9t-1-8f9t_B-1-8f9t_C-1__ligand.sdf	1643	75	1125.26	28.5024	28.5024	1125.26	28.5024	0	0.0253296	sas_voromqa	1125.26	2292.06
8f9u-1-8f9u_A-1-8f9u_P-1__receptor.pdb	8f9u-1-8f9u_A-1-8f9u_P-1__ligand.sdf	1688	81	720.488	-34.3505	-34.3505	720.488	-34.3505	0	-0.0476767	sas_voromqa	720.488	2059.94
8f9u-1-8f9u_B-1-8f9u_P-1__receptor.pdb	8f9u-1-8f9u_B-1-8f9u_P-1__ligand.sdf	1645	81	1134.78	-10.3569	-10.3569	1134.78	-10.3569	0	-0.00912679	sas_voromqa	1134.78	2403.64
8f9v-1-8f9v_A-1-8f9v_M-1__receptor.pdb	8f9v-1-8f9v_A-1-8f9v_M-1__ligand.sdf	1705	58	475.482	-25.4096	-25.4096	475.482	-25.4096	0	-0.0534397	sas_voromqa	475.482	1441.27
8fa7-1-8fa7_H-1-8fa7_P-1__receptor.pdb	8fa7-1-8fa7_H-1-8fa7_P-1__ligand.sdf	1744	84	848.479	10.3906	10.3906	848.479	10.3906	0	0.0122461	sas_voromqa	848.479	2277.75
8fa7-1-8fa7_L-1-8fa7_P-1__receptor.pdb	8fa7-1-8fa7_L-1-8fa7_P-1__ligand.sdf	1636	84	1250.74	70.7548	70.7548	1250.74	70.7548	0	0.0565704	sas_voromqa	1250.74	2619.05
8fa9-1-8fa9_H-1-8fa9_P-1__receptor.pdb	8fa9-1-8fa9_H-1-8fa9_P-1__ligand.sdf	1702	77	601.716	8.17057	8.17057	601.716	8.17057	0	0.0135788	sas_voromqa	601.716	1894.26
8fan-1-8fan_C-1-8fan_Q-1__receptor.pdb	8fan-1-8fan_C-1-8fan_Q-1__ligand.sdf	1588	43	416.494	-5.01008	-5.01008	416.494	-5.01008	0	-0.0120292	sas_voromqa	416.494	1114.06
8fan-2-8fan_F-1-8fan_R-1__receptor.pdb	8fan-2-8fan_F-1-8fan_R-1__ligand.sdf	1638	60	928.621	19.046	19.046	928.621	19.046	0	0.02051	sas_voromqa	928.621	1871.81
8fas-1-8fas_A-1-8fas_C-1__receptor.pdb	8fas-1-8fas_A-1-8fas_C-1__ligand.sdf	1665	76	784.805	-31.9714	-31.9714	784.805	-31.9714	0	-0.040738	sas_voromqa	784.805	2024.48
8fas-1-8fas_B-1-8fas_C-1__receptor.pdb	8fas-1-8fas_B-1-8fas_C-1__ligand.sdf	1678	76	1083.81	-11.7692	-11.7692	1083.81	-11.7692	0	-0.0108591	sas_voromqa	1083.81	2288.71
8fat-1-8fat_A-1-8fat_E-1__receptor.pdb	8fat-1-8fat_A-1-8fat_E-1__ligand.sdf	1608	86	950.202	-32.8566	-32.8566	950.202	-32.8566	0	-0.0345785	sas_voromqa	950.202	2345.47
8fat-1-8fat_B-1-8fat_E-1__receptor.pdb	8fat-1-8fat_B-1-8fat_E-1__ligand.sdf	1674	86	1016.48	3.94182	3.94182	1016.48	3.94182	0	0.00387791	sas_voromqa	1016.48	2399.52
8fax-1-8fax_A-1-8fax_L-1__receptor.pdb	8fax-1-8fax_A-1-8fax_L-1__ligand.sdf	1643	110	1127.59	64.6438	-32.6201	1053.34	11.7225	0	0.0573292	sas_voromqa	1127.59	2953.64
8fax-1-8fax_B-1-8fax_L-1__receptor.pdb	8fax-1-8fax_B-1-8fax_L-1__ligand.sdf	1651	110	1239.78	50.41	-46.8538	1165.53	-2.51129	0	0.0406604	sas_voromqa	1239.78	3042.69
8fb5-1-8fb5_B-1-8fb5_O-1__receptor.pdb	8fb5-1-8fb5_B-1-8fb5_O-1__ligand.sdf	1640	51	711.986	-8.04985	-8.04985	711.986	-8.04985	0	-0.0113062	sas_voromqa	711.986	1505.16
8fb8-1-8fb8_H-1-8fb8_P-1__receptor.pdb	8fb8-1-8fb8_H-1-8fb8_P-1__ligand.sdf	1679	58	461.96	-7.27147	-7.27147	461.96	-7.27147	0	-0.0157405	sas_voromqa	461.96	1426.94
8fb8-1-8fb8_L-1-8fb8_P-1__receptor.pdb	8fb8-1-8fb8_L-1-8fb8_P-1__ligand.sdf	1638	58	829.103	2.54862	2.54862	829.103	2.54862	0	0.00307395	sas_voromqa	829.103	1722.51
8fba-2-8fba_C-1-8fba_Q-1__receptor.pdb	8fba-2-8fba_C-1-8fba_Q-1__ligand.sdf	1626	81	804.641	-29.8399	-29.8399	804.641	-29.8399	0	-0.0370847	sas_voromqa	804.641	2136.57
8fba-2-8fba_D-1-8fba_Q-1__receptor.pdb	8fba-2-8fba_D-1-8fba_Q-1__ligand.sdf	1624	81	1199.12	-12.6876	-12.6876	1199.12	-12.6876	0	-0.0105808	sas_voromqa	1199.12	2478.73
8fbw-1-8fbw_C-1-8fbw_E-1__receptor.pdb	8fbw-1-8fbw_C-1-8fbw_E-1__ligand.sdf	1745	145	1488.36	5.76034	5.76034	1488.36	5.76034	0	0.00387026	sas_voromqa	1488.36	3922.95
8fbw-1-8fbw_D-1-8fbw_E-1__receptor.pdb	8fbw-1-8fbw_D-1-8fbw_E-1__ligand.sdf	1596	145	2018.61	118.382	118.382	2018.61	118.382	0	0.0586453	sas_voromqa	2018.61	4405.28
8fdc-1-8fdc_A-1-8fdc_P-1__receptor.pdb	8fdc-1-8fdc_A-1-8fdc_P-1__ligand.sdf	1641	57	666.137	15.3671	15.3671	666.137	15.3671	0	0.023069	sas_voromqa	666.137	1574.36
8fdc-1-8fdc_B-1-8fdc_P-1__receptor.pdb	8fdc-1-8fdc_B-1-8fdc_P-1__ligand.sdf	1611	57	900.223	46.8916	46.8916	900.223	46.8916	0	0.0520889	sas_voromqa	900.223	1803.06
8fdd-1-8fdd_A-1-8fdd_P-1__receptor.pdb	8fdd-1-8fdd_A-1-8fdd_P-1__ligand.sdf	1670	91	876.085	-13.3798	-13.3798	876.085	-13.3798	0	-0.0152723	sas_voromqa	876.085	2357.62
8fdd-1-8fdd_B-1-8fdd_P-1__receptor.pdb	8fdd-1-8fdd_B-1-8fdd_P-1__ligand.sdf	1621	91	1306.49	20.56	20.56	1306.49	20.56	0	0.0157368	sas_voromqa	1306.49	2712.82
8feg-1-8feg_B-1-8feg_A-1__receptor.pdb	8feg-1-8feg_B-1-8feg_A-1__ligand.sdf	2129	94	306.237	62.4023	62.4023	306.237	62.4023	0	0.203771	sas_voromqa	306.237	1955.04
8fg0-1-8fg0_C-1-8fg0_P-1__receptor.pdb	8fg0-1-8fg0_C-1-8fg0_P-1__ligand.sdf	1569	62	712.206	-34.6958	-34.6958	712.206	-34.6958	0	-0.048716	sas_voromqa	712.206	1747.94
8fg6-1-8fg6_B-1-8fg6_A-1__receptor.pdb	8fg6-1-8fg6_B-1-8fg6_A-1__ligand.sdf	1200	69	415.705	-72.4563	-72.4563	415.705	-72.4563	0	-0.174297	sas_voromqa	415.705	1706.76
8fif-1-8fif_A-1-8fif_D-1__receptor.pdb	8fif-1-8fif_A-1-8fif_D-1__ligand.sdf	927	71	578.057	0.168684	0.168684	578.057	0.168684	0	0.000291812	sas_voromqa	578.057	1839.37
8fja-1-8fja_D-1-8fja_C-1__receptor.pdb	8fja-1-8fja_D-1-8fja_C-1__ligand.sdf	1645	80	1283.29	-37.9253	-37.9253	1283.29	-37.9253	0	-0.0295532	sas_voromqa	1283.29	2563.69
8fja-1-8fja_E-1-8fja_C-1__receptor.pdb	8fja-1-8fja_E-1-8fja_C-1__ligand.sdf	1620	80	1248	-18.8216	-18.8216	1248	-18.8216	0	-0.0150814	sas_voromqa	1248	2527.86
8fkc-1-8fkc_A-1-8fkc_D-1__receptor.pdb	8fkc-1-8fkc_A-1-8fkc_D-1__ligand.sdf	2078	102	899.944	-37.6761	-37.6761	899.944	-37.6761	0	-0.0418649	sas_voromqa	899.944	2740.17
8fl3-1-8fl3_NU-1-8fl3_BD-1__receptor.pdb	8fl3-1-8fl3_NU-1-8fl3_BD-1__ligand.sdf	6469	149	1126.98	3.06465	3.06465	1126.98	3.06465	0	0.00271935	sas_voromqa	1126.98	3837.64
8fmz-1-8fmz_A-1-8fmz_F-1__receptor.pdb	8fmz-1-8fmz_A-1-8fmz_F-1__ligand.sdf	2188	58	194.233	-24.8682	-24.8682	194.233	-24.8682	0	-0.128033	sas_voromqa	194.233	1362.7
8fud-1-8fud_A-1-8fud_C-1__receptor.pdb	8fud-1-8fud_A-1-8fud_C-1__ligand.sdf	1475	46	458.805	-7.38688	-7.38688	458.805	-7.38688	0	-0.0161003	sas_voromqa	458.805	1287.62
8fvl-1-8fvl_A-1-8fvl_L-1__receptor.pdb	8fvl-1-8fvl_A-1-8fvl_L-1__ligand.sdf	740	85	1135.04	222.993	222.993	1135.04	222.993	0	0.196463	sas_voromqa	1135.04	2610.7
8fvl-1-8fvl_B-1-8fvl_L-1__receptor.pdb	8fvl-1-8fvl_B-1-8fvl_L-1__ligand.sdf	3537	85	642.276	72.0107	72.0107	642.276	72.0107	0	0.112118	sas_voromqa	642.276	2216.17
8fxi-1-8fxi_C-1-8fxi_G-1__receptor.pdb	8fxi-1-8fxi_C-1-8fxi_G-1__ligand.sdf	5033	57	536.501	-142.805	-142.805	536.501	-142.805	0	-0.266178	sas_voromqa	536.501	1500.85
8fxi-1-8fxi_C-1-8fxi_H-1__receptor.pdb	8fxi-1-8fxi_C-1-8fxi_H-1__ligand.sdf	5033	57	920.785	-163.137	-163.137	920.785	-163.137	0	-0.177172	sas_voromqa	920.785	1800.06
8fxq-1-8fxq_A-1-8fxq_W-1__receptor.pdb	8fxq-1-8fxq_A-1-8fxq_W-1__ligand.sdf	2411	31	122.676	12.1494	12.1494	122.676	12.1494	0	0.0990365	sas_voromqa	122.676	740.249
8fym-1-8fym_H-1-8fym_P-1__receptor.pdb	8fym-1-8fym_H-1-8fym_P-1__ligand.sdf	1686	176	1748.37	265.654	265.654	1748.37	265.654	0	0.151944	sas_voromqa	1748.37	4733.52
8g1w-1-8g1w_A-1-8g1w_L-1__receptor.pdb	8g1w-1-8g1w_A-1-8g1w_L-1__ligand.sdf	1847	57	346.491	109.4	109.4	346.491	109.4	0	0.315737	sas_voromqa	346.491	1303.26
8g1w-1-8g1w_A-1-8g1w_M-1__receptor.pdb	8g1w-1-8g1w_A-1-8g1w_M-1__ligand.sdf	1847	57	528.07	121.099	121.099	528.07	121.099	0	0.229324	sas_voromqa	528.07	1532.73
8g2m-1-8g2m_H-1-8g2m_F-1__receptor.pdb	8g2m-1-8g2m_H-1-8g2m_F-1__ligand.sdf	1660	67	670.879	94.092	94.092	670.879	94.092	0	0.140252	sas_voromqa	670.879	1844.77
8g2m-1-8g2m_L-1-8g2m_F-1__receptor.pdb	8g2m-1-8g2m_L-1-8g2m_F-1__ligand.sdf	1571	67	869.402	80.1504	80.1504	869.402	80.1504	0	0.0921903	sas_voromqa	869.402	2017.39
8g46-1-8g46_A-1-8g46_E-1__receptor.pdb	8g46-1-8g46_A-1-8g46_E-1__ligand.sdf	6150	157	1381.14	61.2331	61.2331	1381.14	61.2331	0	0.0443352	sas_voromqa	1381.14	4066.59
8g8a-1-8g8a_A-1-8g8a_C-1__receptor.pdb	8g8a-1-8g8a_A-1-8g8a_C-1__ligand.sdf	1633	112	1097.27	131.35	131.35	1097.27	131.35	0	0.119706	sas_voromqa	1097.27	3039.27
8g8a-1-8g8a_B-1-8g8a_C-1__receptor.pdb	8g8a-1-8g8a_B-1-8g8a_C-1__ligand.sdf	1645	112	1641.72	35.5558	35.5558	1641.72	35.5558	0	0.0216577	sas_voromqa	1641.72	3460.38
8g8c-1-8g8c_H-1-8g8c_C-1__receptor.pdb	8g8c-1-8g8c_H-1-8g8c_C-1__ligand.sdf	1684	141	1212.07	159.756	159.756	1212.07	159.756	0	0.131804	sas_voromqa	1212.07	3653.43
8g8c-1-8g8c_L-1-8g8c_C-1__receptor.pdb	8g8c-1-8g8c_L-1-8g8c_C-1__ligand.sdf	1635	141	1681.57	89.7229	89.7229	1681.57	89.7229	0	0.0533566	sas_voromqa	1681.57	4027.49
8gal-1-8gal_A-1-8gal_B-1__receptor.pdb	8gal-1-8gal_A-1-8gal_B-1__ligand.sdf	969	138	1260.24	-12.2118	-12.2118	1260.24	-12.2118	0	-0.00969006	sas_voromqa	1260.24	3762.54
8gh7-2-8gh7_B-1-8gh7_H-1__receptor.pdb	8gh7-2-8gh7_B-1-8gh7_H-1__ligand.sdf	751	37	327.886	43.6707	42.361	326.887	42.9581	0	0.133189	sas_voromqa	327.886	953.473
8gho-1-8gho_A-1-8gho_C-1__receptor.pdb	8gho-1-8gho_A-1-8gho_C-1__ligand.sdf	961	127	1358.47	-39.0371	-39.0371	1358.47	-39.0371	0	-0.0287361	sas_voromqa	1358.47	3564.56
8gho-1-8gho_B-1-8gho_C-1__receptor.pdb	8gho-1-8gho_B-1-8gho_C-1__ligand.sdf	924	127	1501.02	-89.3504	-89.3504	1501.02	-89.3504	0	-0.0595265	sas_voromqa	1501.02	3690.42
8gjf-1-8gjf_A-1-8gjf_D-1__receptor.pdb	8gjf-1-8gjf_A-1-8gjf_D-1__ligand.sdf	1859	111	950.936	-21.4145	-21.4145	950.936	-21.4145	0	-0.0225194	sas_voromqa	950.936	2835.53
8gnn-1-8gnn_C-1-8gnn_D-1__receptor.pdb	8gnn-1-8gnn_C-1-8gnn_D-1__ligand.sdf	2043	84	735.252	-94.6446	-94.6446	735.252	-94.6446	0	-0.128724	sas_voromqa	735.252	2149.08
8gon-1-8gon_D-1-8gon_C-1__receptor.pdb	8gon-1-8gon_D-1-8gon_C-1__ligand.sdf	1475	79	1256.26	22.2686	22.2686	1256.26	22.2686	0	0.0177261	sas_voromqa	1256.26	2577.69
8gon-1-8gon_E-1-8gon_C-1__receptor.pdb	8gon-1-8gon_E-1-8gon_C-1__ligand.sdf	1943	79	1243.12	-45.7226	-45.7226	1243.12	-45.7226	0	-0.0367805	sas_voromqa	1243.12	2554.99
8gqa-1-8gqa_A-1-8gqa_B-7__receptor.pdb	8gqa-1-8gqa_A-1-8gqa_B-7__ligand.sdf	3296	64	802.028	136.041	136.041	802.028	136.041	0	0.169621	sas_voromqa	802.028	1905.99
8gqv-1-8gqv_A-1-8gqv_C-1__receptor.pdb	8gqv-1-8gqv_A-1-8gqv_C-1__ligand.sdf	2237	75	393.964	11.5221	11.5221	393.964	11.5221	0	0.0292466	sas_voromqa	393.964	1792.23
8gra-1-8gra_G-1-8gra_J2-1__receptor.pdb	8gra-1-8gra_G-1-8gra_J2-1__ligand.sdf	4752	24	405.549	28.639	28.639	405.549	28.639	0	0.0706179	sas_voromqa	405.549	818.501
8gvd-1-8gvd_A-1-8gvd_B-1__receptor.pdb	8gvd-1-8gvd_A-1-8gvd_B-1__ligand.sdf	2360	29	221.872	33.6297	33.6297	221.872	33.6297	0	0.151573	sas_voromqa	221.872	758.391
8gwh-1-8gwh_A-1-8gwh_E-1__receptor.pdb	8gwh-1-8gwh_A-1-8gwh_E-1__ligand.sdf	2387	41	429.533	30.922	30.922	429.533	30.922	0	0.0719898	sas_voromqa	429.533	1099.88
8h1r-1-8h1r_A-1-8h1r_C-1__receptor.pdb	8h1r-1-8h1r_A-1-8h1r_C-1__ligand.sdf	5976	90	844.98	67.0957	67.0957	844.98	67.0957	0	0.0794051	sas_voromqa	844.98	2378
8h7k-1-8h7k_A-1-8h7k_B-1__receptor.pdb	8h7k-1-8h7k_A-1-8h7k_B-1__ligand.sdf	2319	74	623.618	49.5644	49.5644	623.618	49.5644	0	0.0794788	sas_voromqa	623.618	1920.46
8h7p-1-8h7p_A-1-8h7p_B-1__receptor.pdb	8h7p-1-8h7p_A-1-8h7p_B-1__ligand.sdf	1996	36	202.204	-7.21213	-7.21213	202.204	-7.21213	0	-0.0356676	sas_voromqa	202.204	814.711
8hbd-1-8hbd_R-1-8hbd_L-1__receptor.pdb	8hbd-1-8hbd_R-1-8hbd_L-1__ligand.sdf	2293	123	473.252	-47.7553	-47.7553	473.252	-47.7553	0	-0.100909	sas_voromqa	473.252	2766.86
8hc0-1-8hc0_A-1-8hc0_C-1__receptor.pdb	8hc0-1-8hc0_A-1-8hc0_C-1__ligand.sdf	2734	98	620.676	118.593	118.593	620.676	118.593	0	0.191071	sas_voromqa	620.676	2339.56
8hdj-1-8hdj_B-1-8hdj_A-1__receptor.pdb	8hdj-1-8hdj_B-1-8hdj_A-1__ligand.sdf	1144	86	306.965	-40.53	-40.53	306.965	-40.53	0	-0.132035	sas_voromqa	306.965	1830.42
8he0-1-8he0_A-1-8he0_B-1__receptor.pdb	8he0-1-8he0_A-1-8he0_B-1__ligand.sdf	3220	118	1053.13	38.941	38.941	1053.13	38.941	0	0.0369764	sas_voromqa	1053.13	3209.58
8hew-1-8hew_A-1-8hew_B-1__receptor.pdb	8hew-1-8hew_A-1-8hew_B-1__ligand.sdf	1822	58	433.788	-34.3362	-35.2656	433.079	-34.8419	0	-0.0791543	sas_voromqa	433.788	1470.83
8hlo-1-8hlo_A-1-8hlo_C-1__receptor.pdb	8hlo-1-8hlo_A-1-8hlo_C-1__ligand.sdf	540	92	1171.59	-15.4665	-15.4665	1171.59	-15.4665	0	-0.0132013	sas_voromqa	1171.59	2658.5
8hou-1-8hou_A-1-8hou_C-1__receptor.pdb	8hou-1-8hou_A-1-8hou_C-1__ligand.sdf	3561	35	59.1685	34.8533	34.8533	59.1685	34.8533	0	0.589052	sas_voromqa	59.1685	724.221
8hqv-1-8hqv_A-1-8hqv_B-1__receptor.pdb	8hqv-1-8hqv_A-1-8hqv_B-1__ligand.sdf	2379	54	527.43	-28.7499	-28.7499	527.43	-28.7499	0	-0.0545094	sas_voromqa	527.43	1426.02
8hsv-1-8hsv_A-1-8hsv_E-1__receptor.pdb	8hsv-1-8hsv_A-1-8hsv_E-1__ligand.sdf	2881	109	1343.85	-45.9114	-45.9114	1343.85	-45.9114	0	-0.0341641	sas_voromqa	1343.85	3252.09
8hsv-1-8hsv_B-1-8hsv_E-1__receptor.pdb	8hsv-1-8hsv_B-1-8hsv_E-1__ligand.sdf	2867	109	1647.64	-9.10974	-9.10974	1647.64	-9.10974	0	-0.00552896	sas_voromqa	1647.64	3437.58
8hsv-1-8hsv_B-1-8hsv_F-1__receptor.pdb	8hsv-1-8hsv_B-1-8hsv_F-1__ligand.sdf	2867	72	1071.84	-91.9653	-91.9653	1071.84	-91.9653	0	-0.0858013	sas_voromqa	1071.84	2329.39
8hsw-1-8hsw_A-1-8hsw_C-1__receptor.pdb	8hsw-1-8hsw_A-1-8hsw_C-1__ligand.sdf	2267	62	233.535	11.2785	11.2785	233.535	11.2785	0	0.0482947	sas_voromqa	233.535	1366.7
8hxx-1-8hxx_K-1-8hxx_E-1__receptor.pdb	8hxx-1-8hxx_K-1-8hxx_E-1__ligand.sdf	4597	141	2137.05	11.7796	11.7796	2137.05	11.7796	0	0.00551208	sas_voromqa	2137.05	4478.15
8hxx-1-8hxx_L-1-8hxx_E-1__receptor.pdb	8hxx-1-8hxx_L-1-8hxx_E-1__ligand.sdf	3048	141	1843.83	-8.51065	-8.51065	1843.83	-8.51065	0	-0.00461575	sas_voromqa	1843.83	4292.15
8hxx-1-8hxx_M-1-8hxx_E-1__receptor.pdb	8hxx-1-8hxx_M-1-8hxx_E-1__ligand.sdf	1483	141	2225.02	49.7022	49.7022	2225.02	49.7022	0	0.0223379	sas_voromqa	2225.02	4560.21
8hxx-1-8hxx_N-1-8hxx_E-1__receptor.pdb	8hxx-1-8hxx_N-1-8hxx_E-1__ligand.sdf	3073	141	1818.06	34.4077	34.4077	1818.06	34.4077	0	0.0189255	sas_voromqa	1818.06	4269.51
8i17-1-8i17_A-1-8i17_C-1__receptor.pdb	8i17-1-8i17_A-1-8i17_C-1__ligand.sdf	664	115	1566.88	-52.9043	-52.9043	1566.88	-52.9043	0	-0.0337641	sas_voromqa	1566.88	3384.36
8i17-1-8i17_B-1-8i17_C-1__receptor.pdb	8i17-1-8i17_B-1-8i17_C-1__ligand.sdf	695	115	1368.5	-128.364	-128.364	1368.5	-128.364	0	-0.0937991	sas_voromqa	1368.5	3202.77
8i3f-1-8i3f_B-1-8i3f_C-1__receptor.pdb	8i3f-1-8i3f_B-1-8i3f_C-1__ligand.sdf	915	46	453.769	-2.67422	-2.67422	453.769	-2.67422	0	-0.00589335	sas_voromqa	453.769	1272.7
8i7p-1-8i7p_A-1-8i7p_B-1__receptor.pdb	8i7p-1-8i7p_A-1-8i7p_B-1__ligand.sdf	2034	31	122.597	-16.0963	-16.0963	122.597	-16.0963	0	-0.131294	sas_voromqa	122.597	613.621
8i82-1-8i82_A-1-8i82_D-1__receptor.pdb	8i82-1-8i82_A-1-8i82_D-1__ligand.sdf	2074	47	286.16	14.7812	14.7812	286.16	14.7812	0	0.0516536	sas_voromqa	286.16	1084.54
8ia4-1-8ia4_B-1-8ia4_Q-1__receptor.pdb	8ia4-1-8ia4_B-1-8ia4_Q-1__ligand.sdf	755	35	560.029	-12.9035	-12.9035	560.029	-12.9035	0	-0.0230408	sas_voromqa	560.029	1163.88
8ia5-1-8ia5_A-1-8ia5_B-1__receptor.pdb	8ia5-1-8ia5_A-1-8ia5_B-1__ligand.sdf	686	77	828.776	75.3408	75.3408	828.776	75.3408	0	0.0909061	sas_voromqa	828.776	2117.69
8ia8-1-8ia8_A-1-8ia8_L-1__receptor.pdb	8ia8-1-8ia8_A-1-8ia8_L-1__ligand.sdf	2255	56	319.331	17.5696	17.5696	319.331	17.5696	0	0.05502	sas_voromqa	319.331	1446.9
8ib1-1-8ib1_A-1-8ib1_C-1__receptor.pdb	8ib1-1-8ib1_A-1-8ib1_C-1__ligand.sdf	1662	102	1119.62	-47.6684	-47.6684	1119.62	-47.6684	0	-0.0425755	sas_voromqa	1119.62	2828.26
8ib1-1-8ib1_B-1-8ib1_C-1__receptor.pdb	8ib1-1-8ib1_B-1-8ib1_C-1__ligand.sdf	1609	102	984.529	-9.01037	-9.01037	984.529	-9.01037	0	-0.00915196	sas_voromqa	984.529	2703.81
8iiz-1-8iiz_A-1-8iiz_B-1__receptor.pdb	8iiz-1-8iiz_A-1-8iiz_B-1__ligand.sdf	3937	68	754.721	29.9027	29.9027	754.721	29.9027	0	0.0396209	sas_voromqa	754.721	1945.07
8iiz-1-8iiz_A-1-8iiz_C-1__receptor.pdb	8iiz-1-8iiz_A-1-8iiz_C-1__ligand.sdf	3937	73	703.138	59.6789	59.6789	703.138	59.6789	0	0.0848751	sas_voromqa	703.138	1899.14
8ij0-1-8ij0_A-1-8ij0_D-1__receptor.pdb	8ij0-1-8ij0_A-1-8ij0_D-1__ligand.sdf	1149	100	1060.02	-31.4777	-34.994	1057.33	-33.3909	0	-0.0296954	sas_voromqa	1060.02	2841.16
8imx-1-8imx_K-1-8imx_P-1__receptor.pdb	8imx-1-8imx_K-1-8imx_P-1__ligand.sdf	2634	190	2892.37	-22.6097	-40.218	2878.93	-32.1904	0	-0.00781702	sas_voromqa	2892.37	6074.39
8ioc-1-8ioc_R-1-8ioc_L-1__receptor.pdb	8ioc-1-8ioc_R-1-8ioc_L-1__ligand.sdf	2158	107	700.21	17.3471	17.3471	700.21	17.3471	0	0.0247741	sas_voromqa	700.21	2660.14
8iod-1-8iod_R-1-8iod_L-1__receptor.pdb	8iod-1-8iod_R-1-8iod_L-1__ligand.sdf	2124	75	336.621	-2.62916	-2.62916	336.621	-2.62916	0	-0.00781045	sas_voromqa	336.621	1656.43
8iql-1-8iql_C-1-8iql_D-1__receptor.pdb	8iql-1-8iql_C-1-8iql_D-1__ligand.sdf	1130	159	1246.1	-7.84801	-7.84801	1246.1	-7.84801	0	-0.00629806	sas_voromqa	1246.1	4074.45
8ir4-1-8ir4_A-1-8ir4_C-1__receptor.pdb	8ir4-1-8ir4_A-1-8ir4_C-1__ligand.sdf	1594	124	921.627	-44.2767	-44.7787	921.243	-44.5498	0	-0.0480419	sas_voromqa	921.627	3102.03
8itg-1-8itg_A-1-8itg_B-1__receptor.pdb	8itg-1-8itg_A-1-8itg_B-1__ligand.sdf	3303	48	381.641	58.9105	58.9105	381.641	58.9105	0	0.154361	sas_voromqa	381.641	1269.2
8itg-1-8itg_A-1-8itg_B-7__receptor.pdb	8itg-1-8itg_A-1-8itg_B-7__ligand.sdf	3303	48	911.245	168.353	168.353	911.245	168.353	0	0.184751	sas_voromqa	911.245	1688.68
8iuf-1-8iuf_A1-1-8iuf_A-1__receptor.pdb	8iuf-1-8iuf_A1-1-8iuf_A-1__ligand.sdf	1071	60	1098.48	86.1189	86.1189	1098.48	86.1189	0	0.0783982	sas_voromqa	1098.48	2088.81
8iuf-1-8iuf_B2-1-8iuf_B-1__receptor.pdb	8iuf-1-8iuf_B2-1-8iuf_B-1__ligand.sdf	913	60	968.49	86.8539	86.8539	968.49	86.8539	0	0.0896797	sas_voromqa	968.49	1987.74
8iuf-1-8iuf_B7-1-8iuf_B-1__receptor.pdb	8iuf-1-8iuf_B7-1-8iuf_B-1__ligand.sdf	857	60	794.481	75.6989	75.6989	794.481	75.6989	0	0.0952809	sas_voromqa	794.481	1882.77
8iuf-1-8iuf_E6-1-8iuf_A-1__receptor.pdb	8iuf-1-8iuf_E6-1-8iuf_A-1__ligand.sdf	2871	60	696.316	55.0238	55.0238	696.316	55.0238	0	0.0790213	sas_voromqa	696.316	1758.5
8iun-1-8iun_M-1-8iun_Z-1__receptor.pdb	8iun-1-8iun_M-1-8iun_Z-1__ligand.sdf	2488	51	760.989	67.4102	67.4102	760.989	67.4102	0	0.0885824	sas_voromqa	760.989	1648.8
8iun-1-8iun_h-1-8iun_Z-1__receptor.pdb	8iun-1-8iun_h-1-8iun_Z-1__ligand.sdf	362	51	760.805	64.9744	64.9744	760.805	64.9744	0	0.0854022	sas_voromqa	760.805	1637.52
8iwh-1-8iwh_H-1-8iwh_n-1__receptor.pdb	8iwh-1-8iwh_H-1-8iwh_n-1__ligand.sdf	512	150	2124.85	177.818	177.818	2124.85	177.818	0	0.083685	sas_voromqa	2124.85	4588.38
8iya-1-8iya_B-1-8iya_D-1__receptor.pdb	8iya-1-8iya_B-1-8iya_D-1__ligand.sdf	1259	46	525.575	-4.98336	-4.98336	525.575	-4.98336	0	-0.00948173	sas_voromqa	525.575	1283.02
8j5k-1-8j5k_B-1-8j5k_N-1__receptor.pdb	8j5k-1-8j5k_B-1-8j5k_N-1__ligand.sdf	3748	150	2197.52	190.947	190.947	2197.52	190.947	0	0.086892	sas_voromqa	2197.52	4655.08
8j5k-1-8j5k_H-1-8j5k_N-1__receptor.pdb	8j5k-1-8j5k_H-1-8j5k_N-1__ligand.sdf	499	150	2127.17	204.513	204.513	2127.17	204.513	0	0.0961432	sas_voromqa	2127.17	4581.95
8j5u-1-8j5u_A-1-8j5u_B-1__receptor.pdb	8j5u-1-8j5u_A-1-8j5u_B-1__ligand.sdf	4073	65	173.954	-10.7214	-10.7214	173.954	-10.7214	0	-0.0616335	sas_voromqa	173.954	1346.21
8j8r-1-8j8r_A-1-8j8r_G-1__receptor.pdb	8j8r-1-8j8r_A-1-8j8r_G-1__ligand.sdf	2691	74	673.061	-116.492	-122.695	668.325	-119.867	0	-0.173078	sas_voromqa	673.061	1942.21
8jbf-1-8jbf_B-1-8jbf_A-1__receptor.pdb	8jbf-1-8jbf_B-1-8jbf_A-1__ligand.sdf	2194	58	155.387	-31.8121	-31.8121	155.387	-31.8121	0	-0.204728	sas_voromqa	155.387	1314.37
8jbg-1-8jbg_B-1-8jbg_A-1__receptor.pdb	8jbg-1-8jbg_B-1-8jbg_A-1__ligand.sdf	2077	62	307.812	39.1479	39.1479	307.812	39.1479	0	0.127181	sas_voromqa	307.812	1556.33
8jg4-1-8jg4_A-1-8jg4_D-1__receptor.pdb	8jg4-1-8jg4_A-1-8jg4_D-1__ligand.sdf	1230	48	523.497	-6.48186	-6.48186	523.497	-6.48186	0	-0.0123818	sas_voromqa	523.497	1371.96
8jgb-1-8jgb_R-1-8jgb_L-1__receptor.pdb	8jgb-1-8jgb_R-1-8jgb_L-1__ligand.sdf	1529	36	539.496	103.43	103.43	539.496	103.43	0	0.191716	sas_voromqa	539.496	1171.9
8jgf-1-8jgf_R-1-8jgf_L-1__receptor.pdb	8jgf-1-8jgf_R-1-8jgf_L-1__ligand.sdf	1786	110	792.702	66.9142	66.9142	792.702	66.9142	0	0.0844128	sas_voromqa	792.702	2692.81
8jjp-1-8jjp_A-1-8jjp_L-1__receptor.pdb	8jjp-1-8jjp_A-1-8jjp_L-1__ligand.sdf	2415	77	220.928	46.1949	46.1949	220.928	46.1949	0	0.209095	sas_voromqa	220.928	1668.48
8jjv-1-8jjv_A-1-8jjv_B-1__receptor.pdb	8jjv-1-8jjv_A-1-8jjv_B-1__ligand.sdf	828	72	583.634	-1.39927	-1.39927	583.634	-1.39927	0	-0.00239751	sas_voromqa	583.634	1849.78
8jmj-1-8jmj_A-1-8jmj_M-1__receptor.pdb	8jmj-1-8jmj_A-1-8jmj_M-1__ligand.sdf	2050	62	1163.27	75.5811	75.5811	1163.27	75.5811	0	0.064973	sas_voromqa	1163.27	2203.6
8jmj-1-8jmj_C-1-8jmj_K-1__receptor.pdb	8jmj-1-8jmj_C-1-8jmj_K-1__ligand.sdf	2050	67	955.684	66.3424	66.3424	955.684	66.3424	0	0.0694188	sas_voromqa	955.684	2196.76
8jow-1-8jow_A-1-8jow_B-1__receptor.pdb	8jow-1-8jow_A-1-8jow_B-1__ligand.sdf	1678	106	976.736	107.598	107.029	976.302	107.288	0	0.110161	sas_voromqa	976.736	2772.37
8jqt-1-8jqt_A-1-8jqt_C-1__receptor.pdb	8jqt-1-8jqt_A-1-8jqt_C-1__ligand.sdf	2245	66	348.739	16.3827	16.3827	348.739	16.3827	0	0.046977	sas_voromqa	348.739	1544.37
8jr4-1-8jr4_A-1-8jr4_E-1__receptor.pdb	8jr4-1-8jr4_A-1-8jr4_E-1__ligand.sdf	1465	102	1400.75	94.1637	94.1637	1400.75	94.1637	0	0.0672238	sas_voromqa	1400.75	3165.76
8jr4-1-8jr4_B-1-8jr4_E-1__receptor.pdb	8jr4-1-8jr4_B-1-8jr4_E-1__ligand.sdf	1439	102	1340.23	125.253	125.253	1340.23	125.253	0	0.0934563	sas_voromqa	1340.23	3139.69
8jt1-1-8jt1_A-1-8jt1_C-1__receptor.pdb	8jt1-1-8jt1_A-1-8jt1_C-1__ligand.sdf	4209	39	160.299	-18.3026	-18.3026	160.299	-18.3026	0	-0.114178	sas_voromqa	160.299	830.344
8jt1-1-8jt1_A-1-8jt1_E-1__receptor.pdb	8jt1-1-8jt1_A-1-8jt1_E-1__ligand.sdf	4209	39	346.622	-30.5226	-30.5226	346.622	-30.5226	0	-0.0880573	sas_voromqa	346.622	989.612
8jt1-1-8jt1_A-1-8jt1_F-1__receptor.pdb	8jt1-1-8jt1_A-1-8jt1_F-1__ligand.sdf	4209	19	198.687	19.4111	19.4111	198.687	19.4111	0	0.0976969	sas_voromqa	198.687	523.006
8jug-1-8jug_A-1-8jug_C-1__receptor.pdb	8jug-1-8jug_A-1-8jug_C-1__ligand.sdf	1268	64	396.661	21.8095	20.6435	395.771	21.1752	0	0.0549827	sas_voromqa	396.661	1493.04
8jyq-1-8jyq_A-1-8jyq_C-1__receptor.pdb	8jyq-1-8jyq_A-1-8jyq_C-1__ligand.sdf	1348	73	806.71	35.6508	35.6508	806.71	35.6508	0	0.0441928	sas_voromqa	806.71	2051.53
8jyq-1-8jyq_B-1-8jyq_C-1__receptor.pdb	8jyq-1-8jyq_B-1-8jyq_C-1__ligand.sdf	1211	73	1080.36	158.635	158.635	1080.36	158.635	0	0.146835	sas_voromqa	1080.36	2312.97
8jzd-1-8jzd_A-1-8jzd_B-1__receptor.pdb	8jzd-1-8jzd_A-1-8jzd_B-1__ligand.sdf	1261	112	904.918	13.2608	13.2608	904.918	13.2608	0	0.0146541	sas_voromqa	904.918	2859.54
8jzw-1-8jzw_C-1-8jzw_F-1__receptor.pdb	8jzw-1-8jzw_C-1-8jzw_F-1__ligand.sdf	485	101	1563.37	39.8424	39.8424	1563.37	39.8424	0	0.0254849	sas_voromqa	1563.37	3250.59
8k2c-1-8k2c_Lc-1-8k2c_CB-1__receptor.pdb	8k2c-1-8k2c_Lc-1-8k2c_CB-1__ligand.sdf	764	127	1201.21	20.7949	20.7949	1201.21	20.7949	0	0.0173116	sas_voromqa	1201.21	3385.34
8k2c-1-8k2c_Lg-1-8k2c_CB-1__receptor.pdb	8k2c-1-8k2c_Lg-1-8k2c_CB-1__ligand.sdf	906	127	1671.2	66.7444	66.7444	1671.2	66.7444	0	0.039938	sas_voromqa	1671.2	3805.21
8k42-1-8k42_R-1-8k42_r-1__receptor.pdb	8k42-1-8k42_R-1-8k42_r-1__ligand.sdf	4713	110	1000.45	35.838	35.838	1000.45	35.838	0	0.0358219	sas_voromqa	1000.45	2979.87
8k42-1-8k42_R-1-8k42_t-1__receptor.pdb	8k42-1-8k42_R-1-8k42_t-1__ligand.sdf	4713	110	1458.66	-49.5114	-49.5114	1458.66	-49.5114	0	-0.0339431	sas_voromqa	1458.66	3357.26
8k8e-1-8k8e_B-1-8k8e_G-1__receptor.pdb	8k8e-1-8k8e_B-1-8k8e_G-1__ligand.sdf	2394	133	594.846	88.7088	88.7088	594.846	88.7088	0	0.149129	sas_voromqa	594.846	3207.23
8k9k-1-8k9k_R-1-8k9k_S-1__receptor.pdb	8k9k-1-8k9k_R-1-8k9k_S-1__ligand.sdf	2264	37	160.498	9.16215	9.16215	160.498	9.16215	0	0.0570858	sas_voromqa	160.498	892.796
8k9t-1-8k9t_A-1-8k9t_B-1__receptor.pdb	8k9t-1-8k9t_A-1-8k9t_B-1__ligand.sdf	7520	42	484.477	-6.50659	-9.27574	482.363	-8.01329	0	-0.0134301	sas_voromqa	484.477	1142.34
8kb1-1-8kb1_A-1-8kb1_C-1__receptor.pdb	8kb1-1-8kb1_A-1-8kb1_C-1__ligand.sdf	2235	62	369.832	38.5094	38.5094	369.832	38.5094	0	0.104127	sas_voromqa	369.832	1592.21
8kcv-1-8kcv_A-1-8kcv_C-1__receptor.pdb	8kcv-1-8kcv_A-1-8kcv_C-1__ligand.sdf	2216	68	420.062	45.9936	45.9936	420.062	45.9936	0	0.109492	sas_voromqa	420.062	1729.18
8kdx-1-8kdx_A-1-8kdx_B-2__receptor.pdb	8kdx-1-8kdx_A-1-8kdx_B-2__ligand.sdf	479	75	902.3	43.0785	43.0785	902.3	43.0785	0	0.047743	sas_voromqa	902.3	2155.92
8kic-1-8kic_A-1-8kic_G-1__receptor.pdb	8kic-1-8kic_A-1-8kic_G-1__ligand.sdf	2178	40	374.668	36.8338	36.8338	374.668	36.8338	0	0.0983105	sas_voromqa	374.668	1123.05
8ofg-1-8ofg_A-1-8ofg_C-1__receptor.pdb	8ofg-1-8ofg_A-1-8ofg_C-1__ligand.sdf	1181	67	934.759	-49.6013	-49.6013	934.759	-49.6013	0	-0.0530632	sas_voromqa	934.759	2099.25
8ofg-1-8ofg_B-1-8ofg_C-1__receptor.pdb	8ofg-1-8ofg_B-1-8ofg_C-1__ligand.sdf	1163	67	1039.44	-29.2572	-29.2572	1039.44	-29.2572	0	-0.0281471	sas_voromqa	1039.44	2151.47
8og0-1-8og0_H-1-8og0_P-1__receptor.pdb	8og0-1-8og0_H-1-8og0_P-1__ligand.sdf	1577	43	523.395	13.1826	13.1826	523.395	13.1826	0	0.0251867	sas_voromqa	523.395	1211.32
8og0-1-8og0_L-1-8og0_P-1__receptor.pdb	8og0-1-8og0_L-1-8og0_P-1__ligand.sdf	1591	43	619.419	-22.0751	-22.0751	619.419	-22.0751	0	-0.0356384	sas_voromqa	619.419	1317.99
8oij-1-8oij_A-1-8oij_C-1__receptor.pdb	8oij-1-8oij_A-1-8oij_C-1__ligand.sdf	1302	107	893.685	-83.0286	-83.0286	893.685	-83.0286	0	-0.0929059	sas_voromqa	893.685	2780.72
8oij-1-8oij_A-1-8oij_D-1__receptor.pdb	8oij-1-8oij_A-1-8oij_D-1__ligand.sdf	1302	111	1394.22	-35.3529	-35.3529	1394.22	-35.3529	0	-0.0253568	sas_voromqa	1394.22	3261.49
8ois-1-8ois_AV-1-8ois_BX-1__receptor.pdb	8ois-1-8ois_AV-1-8ois_BX-1__ligand.sdf	2969	113	1607.88	18.8738	18.8738	1607.88	18.8738	0	0.0117383	sas_voromqa	1607.88	3581.12
8okf-1-8okf_A-1-8okf_B-1__receptor.pdb	8okf-1-8okf_A-1-8okf_B-1__ligand.sdf	2349	57	650.332	30.2738	30.2738	650.332	30.2738	0	0.0465513	sas_voromqa	650.332	1665.69
8on9-1-8on9_A-1-8on9_D-1__receptor.pdb	8on9-1-8on9_A-1-8on9_D-1__ligand.sdf	4199	41	363.859	11.0096	11.0096	363.859	11.0096	0	0.0302579	sas_voromqa	363.859	1143.09
8op0-1-8op0_A-1-8op0_B-1__receptor.pdb	8op0-1-8op0_A-1-8op0_B-1__ligand.sdf	864	74	860.611	93.6265	93.6265	860.611	93.6265	0	0.108791	sas_voromqa	860.611	2141.96
8os1-1-8os1_B-1-8os1_D-1__receptor.pdb	8os1-1-8os1_B-1-8os1_D-1__ligand.sdf	2379	45	194.107	34.498	34.498	194.107	34.498	0	0.177727	sas_voromqa	194.107	1023.72
8ovc-1-8ovc_H-1-8ovc_e-1__receptor.pdb	8ovc-1-8ovc_H-1-8ovc_e-1__ligand.sdf	4167	115	1918.19	136.892	136.892	1918.19	136.892	0	0.0713652	sas_voromqa	1918.19	3867.59
8ovc-1-8ovc_J-1-8ovc_e-1__receptor.pdb	8ovc-1-8ovc_J-1-8ovc_e-1__ligand.sdf	1455	115	1414.03	80.3509	80.3509	1414.03	80.3509	0	0.056824	sas_voromqa	1414.03	3464.42
8ovc-1-8ovc_J-1-8ovc_f-1__receptor.pdb	8ovc-1-8ovc_J-1-8ovc_f-1__ligand.sdf	1455	35	498.23	30.8353	30.8353	498.23	30.8353	0	0.0618897	sas_voromqa	498.23	1138.35
8ovc-1-8ovc_K-1-8ovc_e-1__receptor.pdb	8ovc-1-8ovc_K-1-8ovc_e-1__ligand.sdf	1077	115	1811.75	124.834	124.834	1811.75	124.834	0	0.0689024	sas_voromqa	1811.75	3785.43
8oxo-1-8oxo_A-1-8oxo_E-1__receptor.pdb	8oxo-1-8oxo_A-1-8oxo_E-1__ligand.sdf	11907	53	571.96	10.6221	10.6221	571.96	10.6221	0	0.0185714	sas_voromqa	571.96	1519.7
8oza-1-8oza_A-1-8oza_E-1__receptor.pdb	8oza-1-8oza_A-1-8oza_E-1__ligand.sdf	1695	27	162.735	7.13219	7.13219	162.735	7.13219	0	0.043827	sas_voromqa	162.735	684.4
8p0q-1-8p0q_A-1-8p0q_C-1__receptor.pdb	8p0q-1-8p0q_A-1-8p0q_C-1__ligand.sdf	4967	51	252.764	41.527	41.527	252.764	41.527	0	0.164292	sas_voromqa	252.764	1172.05
8p6i-1-8p6i_H-1-8p6i_A-1__receptor.pdb	8p6i-1-8p6i_H-1-8p6i_A-1__ligand.sdf	1595	61	778.807	-36.3359	-36.3359	778.807	-36.3359	0	-0.0466558	sas_voromqa	778.807	1790.67
8p8b-1-8p8b_r-1-8p8b_Z-1__receptor.pdb	8p8b-1-8p8b_r-1-8p8b_Z-1__ligand.sdf	1091	187	3557.41	252.018	252.018	3557.41	252.018	0	0.0708431	sas_voromqa	3557.41	6571.52
8p8b-1-8p8b_t-1-8p8b_Z-1__receptor.pdb	8p8b-1-8p8b_t-1-8p8b_Z-1__ligand.sdf	871	187	3587.6	260.454	260.454	3587.6	260.454	0	0.0725984	sas_voromqa	3587.6	6549.94
8pay-1-8pay_A-1-8pay_H-1__receptor.pdb	8pay-1-8pay_A-1-8pay_H-1__ligand.sdf	2856	52	354.244	0.435728	0.435728	354.244	0.435728	0	0.00123002	sas_voromqa	354.244	1280.13
8pbc-1-8pbc_A-1-8pbc_U-1__receptor.pdb	8pbc-1-8pbc_A-1-8pbc_U-1__ligand.sdf	2384	121	1919.29	251.561	251.561	1919.29	251.561	0	0.13107	sas_voromqa	1919.29	3915.22
8pbc-1-8pbc_B-1-8pbc_U-1__receptor.pdb	8pbc-1-8pbc_B-1-8pbc_U-1__ligand.sdf	2384	121	1473.67	180.545	180.545	1473.67	180.545	0	0.122514	sas_voromqa	1473.67	3573.1
8pch-1-8pch_A-1-8pch_P-1__receptor.pdb	8pch-1-8pch_A-1-8pch_P-1__ligand.sdf	1706	58	590.001	-43.7141	-43.7141	590.001	-43.7141	0	-0.0740916	sas_voromqa	590.001	1564.76
8pdp-1-8pdp_A-1-8pdp_B-1__receptor.pdb	8pdp-1-8pdp_A-1-8pdp_B-1__ligand.sdf	2815	61	498.122	-12.2651	-12.2651	498.122	-12.2651	0	-0.0246227	sas_voromqa	498.122	1651.11
8pef-1-8pef_A-1-8pef_B-1__receptor.pdb	8pef-1-8pef_A-1-8pef_B-1__ligand.sdf	1016	97	1166.7	-77.9168	-77.9168	1166.7	-77.9168	0	-0.0667839	sas_voromqa	1166.7	2815.28
8pis-1-8pis_A-1-8pis_J-1__receptor.pdb	8pis-1-8pis_A-1-8pis_J-1__ligand.sdf	3200	45	900.719	65.4728	65.4728	900.719	65.4728	0	0.0726895	sas_voromqa	900.719	1626.23
8pis-1-8pis_A-1-8pis_M-1__receptor.pdb	8pis-1-8pis_A-1-8pis_M-1__ligand.sdf	3200	40	530.438	39.289	39.289	530.438	39.289	0	0.074069	sas_voromqa	530.438	1244.3
8pjg-1-8pjg_D-1-8pjg_C-1__receptor.pdb	8pjg-1-8pjg_D-1-8pjg_C-1__ligand.sdf	1584	114	1914.98	49.6113	49.6113	1914.98	49.6113	0	0.025907	sas_voromqa	1914.98	3836.39
8pjg-1-8pjg_E-1-8pjg_C-1__receptor.pdb	8pjg-1-8pjg_E-1-8pjg_C-1__ligand.sdf	1916	114	1898.68	87.3111	87.3111	1898.68	87.3111	0	0.0459852	sas_voromqa	1898.68	3832.1
8pkw-2-8pkw_B-1-8pkw_P-1__receptor.pdb	8pkw-2-8pkw_B-1-8pkw_P-1__ligand.sdf	2095	85	695.808	40.2625	40.2625	695.808	40.2625	0	0.0578644	sas_voromqa	695.808	2147.26
8pm0-1-8pm0_A-1-8pm0_G-1__receptor.pdb	8pm0-1-8pm0_A-1-8pm0_G-1__ligand.sdf	5748	55	584.343	42.9042	42.9042	584.343	42.9042	0	0.073423	sas_voromqa	584.343	1516.71
8pm0-1-8pm0_A-1-8pm0_P-1__receptor.pdb	8pm0-1-8pm0_A-1-8pm0_P-1__ligand.sdf	5748	73	475.817	46.225	44.9134	474.815	45.5114	0	0.0971487	sas_voromqa	475.817	1800.69
8pn3-1-8pn3_A-1-8pn3_C-1__receptor.pdb	8pn3-1-8pn3_A-1-8pn3_C-1__ligand.sdf	2747	114	886.639	26.349	26.349	886.639	26.349	0	0.0297178	sas_voromqa	886.639	2797.38
8psr-1-8psr_A-1-8psr_B-1__receptor.pdb	8psr-1-8psr_A-1-8psr_B-1__ligand.sdf	2827	157	1442.36	-187.791	-187.791	1442.36	-187.791	0	-0.130197	sas_voromqa	1442.36	4238.26
8puu-1-8puu_B-1-8puu_C-1__receptor.pdb	8puu-1-8puu_B-1-8puu_C-1__ligand.sdf	1823	40	647.187	61.2637	61.2637	647.187	61.2637	0	0.0946615	sas_voromqa	647.187	1338.25
8px6-1-8px6_A-1-8px6_M-1__receptor.pdb	8px6-1-8px6_A-1-8px6_M-1__ligand.sdf	1143	24	396.104	26.0034	26.0034	396.104	26.0034	0	0.0656479	sas_voromqa	396.104	810.573
8px6-1-8px6_C-1-8px6_E-1__receptor.pdb	8px6-1-8px6_C-1-8px6_E-1__ligand.sdf	1143	24	424.82	33.2923	33.2923	424.82	33.2923	0	0.078368	sas_voromqa	424.82	820.937
8px6-1-8px6_D-1-8px6_E-1__receptor.pdb	8px6-1-8px6_D-1-8px6_E-1__ligand.sdf	1143	24	389.411	24.1396	24.1396	389.411	24.1396	0	0.06199	sas_voromqa	389.411	807.599
8pxy-1-8pxy_A-1-8pxy_B-1__receptor.pdb	8pxy-1-8pxy_A-1-8pxy_B-1__ligand.sdf	2619	65	962.52	1.26561	1.26561	962.52	1.26561	0	0.00131489	sas_voromqa	962.52	1991.24
8q05-1-8q05_A-1-8q05_Z-1__receptor.pdb	8q05-1-8q05_A-1-8q05_Z-1__ligand.sdf	3264	105	1011.2	64.2125	64.2125	1011.2	64.2125	0	0.0635013	sas_voromqa	1011.2	2792.9
8q1g-1-8q1g_A-1-8q1g_C-1__receptor.pdb	8q1g-1-8q1g_A-1-8q1g_C-1__ligand.sdf	5217	117	560.592	58.2413	58.2413	560.592	58.2413	0	0.103892	sas_voromqa	560.592	2771.39
8q1n-1-8q1n_A-1-8q1n_a-1__receptor.pdb	8q1n-1-8q1n_A-1-8q1n_a-1__ligand.sdf	2476	87	1039.61	-136.103	-136.103	1039.61	-136.103	0	-0.130917	sas_voromqa	1039.61	2491.44
8q1r-1-8q1r_A-1-8q1r_E-1__receptor.pdb	8q1r-1-8q1r_A-1-8q1r_E-1__ligand.sdf	2213	86	676.375	56.5808	56.5808	676.375	56.5808	0	0.083653	sas_voromqa	676.375	2168.64
8q3e-1-8q3e_EEE-1-8q3e_MMM-1__receptor.pdb	8q3e-1-8q3e_EEE-1-8q3e_MMM-1__ligand.sdf	807	141	2204.43	47.6908	47.6908	2204.43	47.6908	0	0.0216341	sas_voromqa	2204.43	4473.26
8q3e-1-8q3e_GGG-1-8q3e_MMM-1__receptor.pdb	8q3e-1-8q3e_GGG-1-8q3e_MMM-1__ligand.sdf	828	141	1757.63	125.623	125.623	1757.63	125.623	0	0.0714729	sas_voromqa	1757.63	4159.45
8q3e-1-8q3e_HHH-1-8q3e_MMM-1__receptor.pdb	8q3e-1-8q3e_HHH-1-8q3e_MMM-1__ligand.sdf	745	141	2022.58	82.0381	82.0381	2022.58	82.0381	0	0.0405611	sas_voromqa	2022.58	4349.83
8q3x-1-8q3x_GGG-1-8q3x_MMM-1__receptor.pdb	8q3x-1-8q3x_GGG-1-8q3x_MMM-1__ligand.sdf	828	99	1124.67	11.2466	11.2466	1124.67	11.2466	0	0.00999991	sas_voromqa	1124.67	2857.72
8q7i-1-8q7i_A-1-8q7i_P-1__receptor.pdb	8q7i-1-8q7i_A-1-8q7i_P-1__ligand.sdf	1952	97	911.293	8.81625	8.81625	911.293	8.81625	0	0.00967444	sas_voromqa	911.293	2586.9
8q9n-1-8q9n_A-1-8q9n_X-1__receptor.pdb	8q9n-1-8q9n_A-1-8q9n_X-1__ligand.sdf	756	141	1597.78	92.6722	92.6722	1597.78	92.6722	0	0.0580006	sas_voromqa	1597.78	4107.57
8qci-1-8qci_B-1-8qci_A-1__receptor.pdb	8qci-1-8qci_B-1-8qci_A-1__ligand.sdf	1992	79	440.907	87.5663	87.5663	440.907	87.5663	0	0.198605	sas_voromqa	440.907	1774.9
8qfx-3-8qfx_C-1-8qfx_E-1__receptor.pdb	8qfx-3-8qfx_C-1-8qfx_E-1__ligand.sdf	4957	23	95.661	-2.30448	-2.30448	95.661	-2.30448	0	-0.0240901	sas_voromqa	95.661	525.54
8qfy-1-8qfy_DDD-1-8qfy_CCC-1__receptor.pdb	8qfy-1-8qfy_DDD-1-8qfy_CCC-1__ligand.sdf	1471	69	1305.75	-12.5959	-12.5959	1305.75	-12.5959	0	-0.00964649	sas_voromqa	1305.75	2464.23
8qfy-1-8qfy_EEE-1-8qfy_CCC-1__receptor.pdb	8qfy-1-8qfy_EEE-1-8qfy_CCC-1__ligand.sdf	1936	69	1278.57	-36.4195	-36.4195	1278.57	-36.4195	0	-0.0284846	sas_voromqa	1278.57	2437.95
8qfz-1-8qfz_A-1-8qfz_B-1__receptor.pdb	8qfz-1-8qfz_A-1-8qfz_B-1__ligand.sdf	898	125	1028.04	44.6938	44.6938	1028.04	44.6938	0	0.0434748	sas_voromqa	1028.04	3156.92
8qhu-1-8qhu_Q-1-8qhu_U-1__receptor.pdb	8qhu-1-8qhu_Q-1-8qhu_U-1__ligand.sdf	1527	81	1357.69	-11.3251	-11.3251	1357.69	-11.3251	0	-0.00834145	sas_voromqa	1357.69	2697.72
8qke-2-8qke_B-1-8qke_D-1__receptor.pdb	8qke-2-8qke_B-1-8qke_D-1__ligand.sdf	2603	44	290.52	17.9596	17.9596	290.52	17.9596	0	0.0618188	sas_voromqa	290.52	1075.53
8qlg-1-8qlg_A-1-8qlg_E-1__receptor.pdb	8qlg-1-8qlg_A-1-8qlg_E-1__ligand.sdf	4942	48	180.588	-5.43826	-5.43826	180.588	-5.43826	0	-0.0301142	sas_voromqa	180.588	1017.3
8qlv-1-8qlv_A-1-8qlv_B-1__receptor.pdb	8qlv-1-8qlv_A-1-8qlv_B-1__ligand.sdf	4915	68	374.208	25.6299	25.6299	374.208	25.6299	0	0.0684911	sas_voromqa	374.208	1708.79
8qoo-1-8qoo_A-1-8qoo_B-1__receptor.pdb	8qoo-1-8qoo_A-1-8qoo_B-1__ligand.sdf	2335	76	528.485	49.6263	49.6263	528.485	49.6263	0	0.0939029	sas_voromqa	528.485	1943.42
8qqf-1-8qqf_A-1-8qqf_B-1__receptor.pdb	8qqf-1-8qqf_A-1-8qqf_B-1__ligand.sdf	958	108	869.562	-20.2202	-23.8287	866.807	-22.1836	0	-0.0232533	sas_voromqa	869.562	2671.54
8qsz-1-8qsz_B-1-8qsz_X-1__receptor.pdb	8qsz-1-8qsz_B-1-8qsz_X-1__ligand.sdf	9589	124	1103.73	-108.739	-108.739	1103.73	-108.739	0	-0.0985196	sas_voromqa	1103.73	3269.69
8qsz-1-8qsz_L-1-8qsz_X-1__receptor.pdb	8qsz-1-8qsz_L-1-8qsz_X-1__ligand.sdf	368	124	1534.13	-105.721	-105.721	1534.13	-105.721	0	-0.0689127	sas_voromqa	1534.13	3616.65
8qtf-2-8qtf_C-1-8qtf_M-1__receptor.pdb	8qtf-2-8qtf_C-1-8qtf_M-1__ligand.sdf	1859	56	403.511	-6.99717	-6.99717	403.511	-6.99717	0	-0.0173407	sas_voromqa	403.511	1389.23
8qu4-1-8qu4_B-1-8qu4_A-1__receptor.pdb	8qu4-1-8qu4_B-1-8qu4_A-1__ligand.sdf	683	124	1416.87	-79.0331	-79.0331	1416.87	-79.0331	0	-0.0557801	sas_voromqa	1416.87	3529.28
8qu4-1-8qu4_C-1-8qu4_A-1__receptor.pdb	8qu4-1-8qu4_C-1-8qu4_A-1__ligand.sdf	659	124	1602.36	-133.691	-133.691	1602.36	-133.691	0	-0.0834338	sas_voromqa	1602.36	3706.06
8qu5-1-8qu5_J-1-8qu5_t-1__receptor.pdb	8qu5-1-8qu5_J-1-8qu5_t-1__ligand.sdf	1061	140	1757.14	138.894	138.894	1757.14	138.894	0	0.0790455	sas_voromqa	1757.14	4032.27
8qu9-1-8qu9_A-1-8qu9_B-1__receptor.pdb	8qu9-1-8qu9_A-1-8qu9_B-1__ligand.sdf	1413	132	969.065	-29.8619	-29.8619	969.065	-29.8619	0	-0.0308152	sas_voromqa	969.065	3324.75
8r0q-1-8r0q_A-1-8r0q_B-1__receptor.pdb	8r0q-1-8r0q_A-1-8r0q_B-1__ligand.sdf	2127	77	814.56	-55.1088	-55.1088	814.56	-55.1088	0	-0.0676547	sas_voromqa	814.56	2141.33
8r3x-1-8r3x_A-1-8r3x_C-1__receptor.pdb	8r3x-1-8r3x_A-1-8r3x_C-1__ligand.sdf	2748	91	704.667	-16.3915	-16.3915	704.667	-16.3915	0	-0.0232613	sas_voromqa	704.667	2417.34
8r8r-1-8r8r_A-1-8r8r_D-1__receptor.pdb	8r8r-1-8r8r_A-1-8r8r_D-1__ligand.sdf	9069	102	1126.81	-12.4032	-12.4032	1126.81	-12.4032	0	-0.0110074	sas_voromqa	1126.81	3001.27
8ral-1-8ral_A-1-8ral_C-1__receptor.pdb	8ral-1-8ral_A-1-8ral_C-1__ligand.sdf	1360	159	2133.53	105.226	105.226	2133.53	105.226	0	0.0493201	sas_voromqa	2133.53	4739.33
8ral-1-8ral_B-1-8ral_C-1__receptor.pdb	8ral-1-8ral_B-1-8ral_C-1__ligand.sdf	1349	159	2379.18	145.957	145.957	2379.18	145.957	0	0.0613476	sas_voromqa	2379.18	4951.09
8rbh-1-8rbh_A-1-8rbh_C-1__receptor.pdb	8rbh-1-8rbh_A-1-8rbh_C-1__ligand.sdf	2171	44	352.887	23.7639	23.7639	352.887	23.7639	0	0.0673414	sas_voromqa	352.887	1135.96
8rcv-1-8rcv_A-1-8rcv_C-1__receptor.pdb	8rcv-1-8rcv_A-1-8rcv_C-1__ligand.sdf	2253	82	450.964	3.98821	3.98821	450.964	3.98821	0	0.00884374	sas_voromqa	450.964	1974.29
8rhq-1-8rhq_A-1-8rhq_G-1__receptor.pdb	8rhq-1-8rhq_A-1-8rhq_G-1__ligand.sdf	2233	82	296.735	-58.0653	-58.0653	296.735	-58.0653	0	-0.195681	sas_voromqa	296.735	1841.37
8rlt-1-8rlt_D-1-8rlt_C-1__receptor.pdb	8rlt-1-8rlt_D-1-8rlt_C-1__ligand.sdf	1421	72	1219.98	66.2464	66.2464	1219.98	66.2464	0	0.0543012	sas_voromqa	1219.98	2439.18
8rlt-1-8rlt_E-1-8rlt_C-1__receptor.pdb	8rlt-1-8rlt_E-1-8rlt_C-1__ligand.sdf	1910	72	1174.91	77.8407	77.8407	1174.91	77.8407	0	0.0662525	sas_voromqa	1174.91	2426.23
8rmo-1-8rmo_H-1-8rmo_F-1__receptor.pdb	8rmo-1-8rmo_H-1-8rmo_F-1__ligand.sdf	1550	53	617.764	-106.022	-106.022	617.764	-106.022	0	-0.171622	sas_voromqa	617.764	1466.6
8rmo-1-8rmo_L-1-8rmo_F-1__receptor.pdb	8rmo-1-8rmo_L-1-8rmo_F-1__ligand.sdf	1646	53	577.278	8.98874	8.98874	577.278	8.98874	0	0.0155709	sas_voromqa	577.278	1441.43
8rmy-1-8rmy_D-1-8rmy_K-1__receptor.pdb	8rmy-1-8rmy_D-1-8rmy_K-1__ligand.sdf	3589	43	398.203	60.5643	60.5643	398.203	60.5643	0	0.152094	sas_voromqa	398.203	1165.36
8rne-1-8rne_A-1-8rne_P-1__receptor.pdb	8rne-1-8rne_A-1-8rne_P-1__ligand.sdf	2231	64	252.885	14.8447	14.8447	252.885	14.8447	0	0.0587014	sas_voromqa	252.885	1501.48
8rop-1-8rop_A-1-8rop_C-1__receptor.pdb	8rop-1-8rop_A-1-8rop_C-1__ligand.sdf	2239	73	216.677	-27.7384	-27.7384	216.677	-27.7384	0	-0.128017	sas_voromqa	216.677	1532.47
8rpy-1-8rpy_T-1-8rpy_y-1__receptor.pdb	8rpy-1-8rpy_T-1-8rpy_y-1__ligand.sdf	738	148	2271.82	-45.32	-45.32	2271.82	-45.32	0	-0.0199488	sas_voromqa	2271.82	4636.01
8rpz-1-8rpz_2-1-8rpz_x-1__receptor.pdb	8rpz-1-8rpz_2-1-8rpz_x-1__ligand.sdf	377	112	1888.51	21.0402	21.0402	1888.51	21.0402	0	0.0111412	sas_voromqa	1888.51	3651.54
8rpz-1-8rpz_E-1-8rpz_z-1__receptor.pdb	8rpz-1-8rpz_E-1-8rpz_z-1__ligand.sdf	1552	148	2280.15	-35.038	-35.038	2280.15	-35.038	0	-0.0153665	sas_voromqa	2280.15	4652.38
8rpz-1-8rpz_T-1-8rpz_x-1__receptor.pdb	8rpz-1-8rpz_T-1-8rpz_x-1__ligand.sdf	738	112	1827.34	54.1116	54.1116	1827.34	54.1116	0	0.0296122	sas_voromqa	1827.34	3621.56
8rq2-1-8rq2_S-1-8rq2_z-1__receptor.pdb	8rq2-1-8rq2_S-1-8rq2_z-1__ligand.sdf	857	148	2262.95	-12.0756	-12.0756	2262.95	-12.0756	0	-0.00533622	sas_voromqa	2262.95	4634.42
8rt5-1-8rt5_B-1-8rt5_A-1__receptor.pdb	8rt5-1-8rt5_B-1-8rt5_A-1__ligand.sdf	942	149	1787.43	6.08287	6.08287	1787.43	6.08287	0	0.00340314	sas_voromqa	1787.43	4340.45
8rt5-1-8rt5_B-1-8rt5_D-1__receptor.pdb	8rt5-1-8rt5_B-1-8rt5_D-1__ligand.sdf	942	149	1751.03	-32.4275	-32.4275	1751.03	-32.4275	0	-0.0185191	sas_voromqa	1751.03	4280.86
8rte-1-8rte_A-1-8rte_D-1__receptor.pdb	8rte-1-8rte_A-1-8rte_D-1__ligand.sdf	2858	46	104.582	-15.0679	-15.0679	104.582	-15.0679	0	-0.144077	sas_voromqa	104.582	967.839
8rtz-1-8rtz_AAA-1-8rtz_A-1__receptor.pdb	8rtz-1-8rtz_AAA-1-8rtz_A-1__ligand.sdf	2422	121	677.918	44.0204	44.0204	677.918	44.0204	0	0.0649347	sas_voromqa	677.918	2845.99
8ru3-1-8ru3_A-1-8ru3_P-1__receptor.pdb	8ru3-1-8ru3_A-1-8ru3_P-1__ligand.sdf	3864	111	766.927	-63.5295	-63.5295	766.927	-63.5295	0	-0.0828364	sas_voromqa	766.927	2743.02
8rxb-1-8rxb_A-1-8rxb_B-1__receptor.pdb	8rxb-1-8rxb_A-1-8rxb_B-1__ligand.sdf	1150	53	583.017	45.3273	45.3273	583.017	45.3273	0	0.0777461	sas_voromqa	583.017	1565.93
8ryk-1-8ryk_A-1-8ryk_C-1__receptor.pdb	8ryk-1-8ryk_A-1-8ryk_C-1__ligand.sdf	1219	138	943.846	208.528	208.528	943.846	208.528	0	0.220934	sas_voromqa	943.846	3211.32
8ryn-1-8ryn_D-1-8ryn_C-1__receptor.pdb	8ryn-1-8ryn_D-1-8ryn_C-1__ligand.sdf	1411	81	1333.37	12.2154	12.2154	1333.37	12.2154	0	0.0091613	sas_voromqa	1333.37	2659.77
8ryn-1-8ryn_E-1-8ryn_C-1__receptor.pdb	8ryn-1-8ryn_E-1-8ryn_C-1__ligand.sdf	1918	81	1362.78	85.9353	85.9353	1362.78	85.9353	0	0.0630588	sas_voromqa	1362.78	2687.82
8ryp-1-8ryp_D-1-8ryp_C-1__receptor.pdb	8ryp-1-8ryp_D-1-8ryp_C-1__ligand.sdf	1458	81	1296.78	16.4462	16.4462	1296.78	16.4462	0	0.0126823	sas_voromqa	1296.78	2657.3
8ryp-1-8ryp_E-1-8ryp_C-1__receptor.pdb	8ryp-1-8ryp_E-1-8ryp_C-1__ligand.sdf	1878	81	1272.35	56.432	56.432	1272.35	56.432	0	0.0443526	sas_voromqa	1272.35	2624.17
8s1r-1-8s1r_AAA-1-8s1r_EaE-1__receptor.pdb	8s1r-1-8s1r_AAA-1-8s1r_EaE-1__ligand.sdf	842	72	602.118	-43.7587	-43.7587	602.118	-43.7587	0	-0.0726746	sas_voromqa	602.118	1786.86
8s32-1-8s32_A-1-8s32_O-1__receptor.pdb	8s32-1-8s32_A-1-8s32_O-1__ligand.sdf	3864	104	922.232	139.287	139.287	922.232	139.287	0	0.151032	sas_voromqa	922.232	2702.69
8s3m-1-8s3m_A-1-8s3m_C-1__receptor.pdb	8s3m-1-8s3m_A-1-8s3m_C-1__ligand.sdf	2796	46	378.149	-110.722	-112.71	376.63	-111.804	0	-0.2928	sas_voromqa	378.149	1214.91
8s4y-1-8s4y_B-1-8s4y_A-1__receptor.pdb	8s4y-1-8s4y_B-1-8s4y_A-1__ligand.sdf	1541	129	1771.72	178.122	178.122	1771.72	178.122	0	0.100536	sas_voromqa	1771.72	3861.28
8s6a-1-8s6a_A-1-8s6a_P-1__receptor.pdb	8s6a-1-8s6a_A-1-8s6a_P-1__ligand.sdf	823	68	715.222	82.0216	82.0216	715.222	82.0216	0	0.11468	sas_voromqa	715.222	1916.3
8s6k-1-8s6k_A-1-8s6k_M-1__receptor.pdb	8s6k-1-8s6k_A-1-8s6k_M-1__ligand.sdf	1775	70	585.7	19.5532	19.5532	585.7	19.5532	0	0.0333843	sas_voromqa	585.7	1749.68
8s6n-1-8s6n_A-1-8s6n_E-1__receptor.pdb	8s6n-1-8s6n_A-1-8s6n_E-1__ligand.sdf	889	65	663.461	9.91181	9.91181	663.461	9.91181	0	0.0149396	sas_voromqa	663.461	1766.27
8s6u-1-8s6u_A-1-8s6u_C-1__receptor.pdb	8s6u-1-8s6u_A-1-8s6u_C-1__ligand.sdf	519	110	1224.26	-2.77432	-2.77432	1224.26	-2.77432	0	-0.00226612	sas_voromqa	1224.26	3056.41
8s6v-1-8s6v_B-1-8s6v_M-1__receptor.pdb	8s6v-1-8s6v_B-1-8s6v_M-1__ligand.sdf	1691	82	1003.62	77.7163	77.7163	1003.62	77.7163	0	0.077436	sas_voromqa	1003.62	2320.33
8s73-1-8s73_B-1-8s73_M-1__receptor.pdb	8s73-1-8s73_B-1-8s73_M-1__ligand.sdf	1638	67	969.557	62.5312	62.5312	969.557	62.5312	0	0.0644946	sas_voromqa	969.557	2045.63
8sao-1-8sao_B-1-8sao_A-1__receptor.pdb	8sao-1-8sao_B-1-8sao_A-1__ligand.sdf	6821	109	994.794	-22.2758	-22.2758	994.794	-22.2758	0	-0.0223924	sas_voromqa	994.794	2999.19
8sb6-1-8sb6_A-1-8sb6_D-1__receptor.pdb	8sb6-1-8sb6_A-1-8sb6_D-1__ligand.sdf	904	42	474.269	-28.8006	-28.8006	474.269	-28.8006	0	-0.0607263	sas_voromqa	474.269	1218.94
8scb-1-8scb_P-1-8scb_1-1__receptor.pdb	8scb-1-8scb_P-1-8scb_1-1__ligand.sdf	1242	125	1839.05	130.627	130.627	1839.05	130.627	0	0.0710296	sas_voromqa	1839.05	3880.87
8sg1-1-8sg1_R-1-8sg1_L-1__receptor.pdb	8sg1-1-8sg1_R-1-8sg1_L-1__ligand.sdf	2172	77	276.658	77.663	77.663	276.658	77.663	0	0.280718	sas_voromqa	276.658	1761.55
8sg8-1-8sg8_E-1-8sg8_N-1__receptor.pdb	8sg8-1-8sg8_E-1-8sg8_N-1__ligand.sdf	4121	89	948.538	119.79	119.79	948.538	119.79	0	0.126289	sas_voromqa	948.538	2548.08
8shi-1-8shi_H-1-8shi_C-1__receptor.pdb	8shi-1-8shi_H-1-8shi_C-1__ligand.sdf	1896	80	1282.66	-130.288	-130.288	1282.66	-130.288	0	-0.101576	sas_voromqa	1282.66	2638.62
8shw-1-8shw_H-1-8shw_Q-1__receptor.pdb	8shw-1-8shw_H-1-8shw_Q-1__ligand.sdf	1643	67	758.896	-36.1455	-36.1455	758.896	-36.1455	0	-0.0476291	sas_voromqa	758.896	1868.13
8shw-1-8shw_L-1-8shw_Q-1__receptor.pdb	8shw-1-8shw_L-1-8shw_Q-1__ligand.sdf	1666	67	1016.68	-1.14594	-1.14594	1016.68	-1.14594	0	-0.00112714	sas_voromqa	1016.68	2055.44
8sii-1-8sii_A-1-8sii_F-1__receptor.pdb	8sii-1-8sii_A-1-8sii_F-1__ligand.sdf	482	61	497.281	111.561	111.561	497.281	111.561	0	0.224342	sas_voromqa	497.281	1576.28
8siu-1-8siu_A-1-8siu_B-1__receptor.pdb	8siu-1-8siu_A-1-8siu_B-1__ligand.sdf	2824	137	1183.47	-21.7713	-21.7713	1183.47	-21.7713	0	-0.0183962	sas_voromqa	1183.47	3577.09
8siy-1-8siy_A-1-8siy_B-1__receptor.pdb	8siy-1-8siy_A-1-8siy_B-1__ligand.sdf	2654	137	1173.63	-29.5705	-29.5705	1173.63	-29.5705	0	-0.0251958	sas_voromqa	1173.63	3553.27
8skj-1-8skj_A-1-8skj_E-1__receptor.pdb	8skj-1-8skj_A-1-8skj_E-1__ligand.sdf	921	99	993.025	11.7658	11.7658	993.025	11.7658	0	0.0118484	sas_voromqa	993.025	2731.62
8sm5-1-8sm5_A-1-8sm5_B-1__receptor.pdb	8sm5-1-8sm5_A-1-8sm5_B-1__ligand.sdf	1258	140	1124.89	-126.2	-126.2	1124.89	-126.2	0	-0.112189	sas_voromqa	1124.89	3591.92
8sm5-5-8sm5_I-1-8sm5_J-1__receptor.pdb	8sm5-5-8sm5_I-1-8sm5_J-1__ligand.sdf	1113	132	1406.53	-109.642	-109.642	1406.53	-109.642	0	-0.0779521	sas_voromqa	1406.53	3742.54
8smo-8-8smo_O-1-8smo_P-1__receptor.pdb	8smo-8-8smo_O-1-8smo_P-1__ligand.sdf	363	111	1157.3	108.708	108.708	1157.3	108.708	0	0.0939324	sas_voromqa	1157.3	3074.75
8smr-1-8smr_J-1-8smr_L-1__receptor.pdb	8smr-1-8smr_J-1-8smr_L-1__ligand.sdf	1842	115	1413.81	64.0406	64.0406	1413.81	64.0406	0	0.0452965	sas_voromqa	1413.81	3379.19
8smr-1-8smr_K-1-8smr_L-1__receptor.pdb	8smr-1-8smr_K-1-8smr_L-1__ligand.sdf	1306	115	1403.79	34.8346	34.8346	1403.79	34.8346	0	0.0248147	sas_voromqa	1403.79	3389.14
8sp6-1-8sp6_A-1-8sp6_G-1__receptor.pdb	8sp6-1-8sp6_A-1-8sp6_G-1__ligand.sdf	483	61	477.887	104.57	104.57	477.887	104.57	0	0.218817	sas_voromqa	477.887	1584.03
8srv-1-8srv_A-1-8srv_D-1__receptor.pdb	8srv-1-8srv_A-1-8srv_D-1__ligand.sdf	2254	56	277.552	48.0824	48.0824	277.552	48.0824	0	0.173237	sas_voromqa	277.552	1310.27
8swi-1-8swi_A-1-8swi_B-1__receptor.pdb	8swi-1-8swi_A-1-8swi_B-1__ligand.sdf	3548	73	443.848	7.95887	7.95887	443.848	7.95887	0	0.0179315	sas_voromqa	443.848	1875.57
8t0p-1-8t0p_A-1-8t0p_C-1__receptor.pdb	8t0p-1-8t0p_A-1-8t0p_C-1__ligand.sdf	1265	145	1429.71	-150.1	-151.339	1428.76	-150.774	0	-0.104986	sas_voromqa	1429.71	3856.79
8t0p-1-8t0p_B-1-8t0p_C-1__receptor.pdb	8t0p-1-8t0p_B-1-8t0p_C-1__ligand.sdf	867	145	1662.27	-117.052	-119.656	1660.28	-118.469	0	-0.070417	sas_voromqa	1662.27	4077.84
8t19-1-8t19_A-1-8t19_B-1__receptor.pdb	8t19-1-8t19_A-1-8t19_B-1__ligand.sdf	639	66	684.118	7.40312	7.40312	684.118	7.40312	0	0.0108214	sas_voromqa	684.118	1875.96
8t2n-1-8t2n_A-1-8t2n_B-1__receptor.pdb	8t2n-1-8t2n_A-1-8t2n_B-1__ligand.sdf	978	89	1048.41	54.8452	54.8452	1048.41	54.8452	0	0.0523127	sas_voromqa	1048.41	2575.77
8t4r-1-8t4r_A-1-8t4r_D-1__receptor.pdb	8t4r-1-8t4r_A-1-8t4r_D-1__ligand.sdf	596	66	668.406	-4.17148	-4.17148	668.406	-4.17148	0	-0.00624094	sas_voromqa	668.406	1823.51
8t51-2-8t51_D-1-8t51_F-1__receptor.pdb	8t51-2-8t51_D-1-8t51_F-1__ligand.sdf	1669	146	1609.84	188.411	-27.2974	1445.17	71.044	0	0.117037	sas_voromqa	1609.84	4137.44
8t59-1-8t59_A-1-8t59_E-1__receptor.pdb	8t59-1-8t59_A-1-8t59_E-1__ligand.sdf	1580	117	1153.9	-17.5131	-68.7516	1114.78	-45.392	0	-0.0151773	sas_voromqa	1153.9	3146.7
8t5p-1-8t5p_A-1-8t5p_G-1__receptor.pdb	8t5p-1-8t5p_A-1-8t5p_G-1__ligand.sdf	1516	35	408.445	30.9212	30.9212	408.445	30.9212	0	0.0757047	sas_voromqa	408.445	1047.88
8t5p-2-8t5p_D-1-8t5p_I-1__receptor.pdb	8t5p-2-8t5p_D-1-8t5p_I-1__ligand.sdf	1516	35	416.593	48.0349	48.0349	416.593	48.0349	0	0.115304	sas_voromqa	416.593	1051.23
8t5q-1-8t5q_A-1-8t5q_G-1__receptor.pdb	8t5q-1-8t5q_A-1-8t5q_G-1__ligand.sdf	1334	35	372.003	43.077	43.077	372.003	43.077	0	0.115797	sas_voromqa	372.003	985.782
8t70-1-8t70_A-1-8t70_P-1__receptor.pdb	8t70-1-8t70_A-1-8t70_P-1__ligand.sdf	2644	33	605.271	99.4163	99.4163	605.271	99.4163	0	0.164251	sas_voromqa	605.271	1234.33
8t70-1-8t70_B-1-8t70_P-1__receptor.pdb	8t70-1-8t70_B-1-8t70_P-1__ligand.sdf	3731	33	296.468	-11.4233	-11.4233	296.468	-11.4233	0	-0.0385313	sas_voromqa	296.468	969.875
8tah-1-8tah_A-1-8tah_H-1__receptor.pdb	8tah-1-8tah_A-1-8tah_H-1__ligand.sdf	3225	87	806.584	-34.4526	-34.4526	806.584	-34.4526	0	-0.0427142	sas_voromqa	806.584	2299.45
8tdx-1-8tdx_A-1-8tdx_E-1__receptor.pdb	8tdx-1-8tdx_A-1-8tdx_E-1__ligand.sdf	1705	51	498.339	95.6044	95.6044	498.339	95.6044	0	0.191846	sas_voromqa	498.339	1417.18
8tdx-1-8tdx_D-1-8tdx_E-1__receptor.pdb	8tdx-1-8tdx_D-1-8tdx_E-1__ligand.sdf	1610	51	835.404	145.152	145.152	835.404	145.152	0	0.173751	sas_voromqa	835.404	1692.48
8tec-1-8tec_A-1-8tec_C-1__receptor.pdb	8tec-1-8tec_A-1-8tec_C-1__ligand.sdf	3494	88	801.912	89.2039	89.2039	801.912	89.2039	0	0.111239	sas_voromqa	801.912	2369.76
8tfu-1-8tfu_A-1-8tfu_D-1__receptor.pdb	8tfu-1-8tfu_A-1-8tfu_D-1__ligand.sdf	541	92	935.19	-29.4028	-29.4028	935.19	-29.4028	0	-0.0314405	sas_voromqa	935.19	2469.85
8th1-1-8th1_A-1-8th1_E-1__receptor.pdb	8th1-1-8th1_A-1-8th1_E-1__ligand.sdf	1099	46	362.254	19.8374	19.8374	362.254	19.8374	0	0.054761	sas_voromqa	362.254	1204.03
8ti7-1-8ti7_A-1-8ti7_B-1__receptor.pdb	8ti7-1-8ti7_A-1-8ti7_B-1__ligand.sdf	994	85	954.022	24.3968	24.3968	954.022	24.3968	0	0.0255726	sas_voromqa	954.022	2322.97
8tii-1-8tii_A-1-8tii_R-1__receptor.pdb	8tii-1-8tii_A-1-8tii_R-1__ligand.sdf	2367	64	653.552	-36.4755	-40.0967	650.787	-38.4458	0	-0.0558112	sas_voromqa	653.552	1746.28
8tlx-1-8tlx_A-1-8tlx_B-1__receptor.pdb	8tlx-1-8tlx_A-1-8tlx_B-1__ligand.sdf	3377	86	518.893	25.6195	25.6195	518.893	25.6195	0	0.0493734	sas_voromqa	518.893	2060.73
8tm9-1-8tm9_A-1-8tm9_D-1__receptor.pdb	8tm9-1-8tm9_A-1-8tm9_D-1__ligand.sdf	1680	66	499.962	106.582	106.582	499.962	106.582	0	0.21318	sas_voromqa	499.962	1773.41
8tm9-1-8tm9_B-1-8tm9_D-1__receptor.pdb	8tm9-1-8tm9_B-1-8tm9_D-1__ligand.sdf	1763	66	641.492	166.773	166.773	641.492	166.773	0	0.259977	sas_voromqa	641.492	1881.75
8tmu-1-8tmu_A-1-8tmu_E-1__receptor.pdb	8tmu-1-8tmu_A-1-8tmu_E-1__ligand.sdf	2184	75	345.153	32.9323	32.9323	345.153	32.9323	0	0.0954136	sas_voromqa	345.153	1736.73
8tmz-1-8tmz_H-1-8tmz_A-1__receptor.pdb	8tmz-1-8tmz_H-1-8tmz_A-1__ligand.sdf	1560	128	1413.12	-68.6	-68.6	1413.12	-68.6	0	-0.0485451	sas_voromqa	1413.12	3545.58
8tmz-1-8tmz_L-1-8tmz_A-1__receptor.pdb	8tmz-1-8tmz_L-1-8tmz_A-1__ligand.sdf	1563	128	1334.55	31.3526	31.3526	1334.55	31.3526	0	0.023493	sas_voromqa	1334.55	3453.66
8tof-1-8tof_A-1-8tof_x-1__receptor.pdb	8tof-1-8tof_A-1-8tof_x-1__ligand.sdf	4572	39	709.647	37.9689	37.9689	709.647	37.9689	0	0.0535039	sas_voromqa	709.647	1366.09
8tof-1-8tof_B-1-8tof_x-1__receptor.pdb	8tof-1-8tof_B-1-8tof_x-1__ligand.sdf	3057	39	514.264	49.399	49.399	514.264	49.399	0	0.0960577	sas_voromqa	514.264	1188.07
8tof-1-8tof_c-1-8tof_H-1__receptor.pdb	8tof-1-8tof_c-1-8tof_H-1__ligand.sdf	795	31	557.106	36.4228	36.4228	557.106	36.4228	0	0.0653786	sas_voromqa	557.106	1078.41
8tor-1-8tor_A-1-8tor_E-1__receptor.pdb	8tor-1-8tor_A-1-8tor_E-1__ligand.sdf	4822	189	1668.23	55.1331	55.1331	1668.23	55.1331	0	0.0330489	sas_voromqa	1668.23	5023.72
8trl-1-8trl_I-1-8trl_C-1__receptor.pdb	8trl-1-8trl_I-1-8trl_C-1__ligand.sdf	1307	99	1749.46	61.0363	61.0363	1749.46	61.0363	0	0.0348887	sas_voromqa	1749.46	3313.18
8trl-1-8trl_J-1-8trl_C-1__receptor.pdb	8trl-1-8trl_J-1-8trl_C-1__ligand.sdf	1857	99	1715.49	33.8428	33.8428	1715.49	33.8428	0	0.0197278	sas_voromqa	1715.49	3274.24
8trq-1-8trq_D-1-8trq_C-1__receptor.pdb	8trq-1-8trq_D-1-8trq_C-1__ligand.sdf	1533	94	1655.36	110.851	110.851	1655.36	110.851	0	0.0669649	sas_voromqa	1655.36	3181.2
8trq-1-8trq_E-1-8trq_C-1__receptor.pdb	8trq-1-8trq_E-1-8trq_C-1__ligand.sdf	1882	94	1733.9	111.439	111.439	1733.9	111.439	0	0.0642707	sas_voromqa	1733.9	3234.51
8trr-1-8trr_D-1-8trr_C-1__receptor.pdb	8trr-1-8trr_D-1-8trr_C-1__ligand.sdf	1483	89	1585.57	104.86	104.86	1585.57	104.86	0	0.0661339	sas_voromqa	1585.57	3028.89
8trr-1-8trr_E-1-8trr_C-1__receptor.pdb	8trr-1-8trr_E-1-8trr_C-1__ligand.sdf	1878	89	1648.36	99.3543	99.3543	1648.36	99.3543	0	0.0602746	sas_voromqa	1648.36	3076.98
8ttv-1-8ttv_A-1-8ttv_B-1__receptor.pdb	8ttv-1-8ttv_A-1-8ttv_B-1__ligand.sdf	2116	35	240.77	-19.6701	-19.6701	240.77	-19.6701	0	-0.0816966	sas_voromqa	240.77	880.535
8twe-1-8twe_A-1-8twe_C-1__receptor.pdb	8twe-1-8twe_A-1-8twe_C-1__ligand.sdf	3006	101	1329.16	51.1091	51.1091	1329.16	51.1091	0	0.0384522	sas_voromqa	1329.16	2989.51
8twe-1-8twe_B-1-8twe_C-1__receptor.pdb	8twe-1-8twe_B-1-8twe_C-1__ligand.sdf	3472	101	932.009	-4.6487	-4.6487	932.009	-4.6487	0	-0.00498783	sas_voromqa	932.009	2657.15
8twe-1-8twe_B-1-8twe_D-1__receptor.pdb	8twe-1-8twe_B-1-8twe_D-1__ligand.sdf	3472	104	816.214	-16.3165	-16.3165	816.214	-16.3165	0	-0.0199905	sas_voromqa	816.214	2677.85
8twi-1-8twi_C-1-8twi_D-1__receptor.pdb	8twi-1-8twi_C-1-8twi_D-1__ligand.sdf	2397	153	1395.53	-23.5027	-23.5027	1395.53	-23.5027	0	-0.0168414	sas_voromqa	1395.53	4160.54
8u1z-1-8u1z_A-1-8u1z_B-1__receptor.pdb	8u1z-1-8u1z_A-1-8u1z_B-1__ligand.sdf	1019	97	861.271	17.563	17.563	861.271	17.563	0	0.020392	sas_voromqa	861.271	2526.7
8u26-1-8u26_R-1-8u26_S-1__receptor.pdb	8u26-1-8u26_R-1-8u26_S-1__ligand.sdf	2269	84	466.285	1.09092	1.09092	466.285	1.09092	0	0.0023396	sas_voromqa	466.285	2087.38
8u2m-1-8u2m_A-1-8u2m_D-1__receptor.pdb	8u2m-1-8u2m_A-1-8u2m_D-1__ligand.sdf	2889	50	191.167	0.520345	0.520345	191.167	0.520345	0	0.00272194	sas_voromqa	191.167	1147.78
8u51-1-8u51_A-1-8u51_B-1__receptor.pdb	8u51-1-8u51_A-1-8u51_B-1__ligand.sdf	2026	67	582.956	33.8159	33.8159	582.956	33.8159	0	0.0580076	sas_voromqa	582.956	1817.92
8u8c-1-8u8c_A-1-8u8c_D-1__receptor.pdb	8u8c-1-8u8c_A-1-8u8c_D-1__ligand.sdf	3697	95	1298.92	-21.3329	-21.3329	1298.92	-21.3329	0	-0.0164236	sas_voromqa	1298.92	2875.51
8u8c-1-8u8c_B-1-8u8c_D-1__receptor.pdb	8u8c-1-8u8c_B-1-8u8c_D-1__ligand.sdf	3676	95	1047.43	-66.899	-66.899	1047.43	-66.899	0	-0.0638697	sas_voromqa	1047.43	2673.44
8ub4-1-8ub4_B-1-8ub4_H-1__receptor.pdb	8ub4-1-8ub4_B-1-8ub4_H-1__ligand.sdf	4166	105	1024.76	4.84663	4.84663	1024.76	4.84663	0	0.00472953	sas_voromqa	1024.76	2824.16
8ugp-1-8ugp_1B-1-8ugp_1A-1__receptor.pdb	8ugp-1-8ugp_1B-1-8ugp_1A-1__ligand.sdf	911	34	427.461	136.209	136.209	427.461	136.209	0	0.318647	sas_voromqa	427.461	1033.56
8ugp-1-8ugp_1B-1-8ugp_1H-1__receptor.pdb	8ugp-1-8ugp_1B-1-8ugp_1H-1__ligand.sdf	911	34	761.305	-44.8791	-44.8791	761.305	-44.8791	0	-0.0589502	sas_voromqa	761.305	1367
8ugp-1-8ugp_1B-1-8ugp_1P-1__receptor.pdb	8ugp-1-8ugp_1B-1-8ugp_1P-1__ligand.sdf	911	95	1281.78	1.37935	1.37935	1281.78	1.37935	0	0.00107612	sas_voromqa	1281.78	3089.58
8ugp-1-8ugp_1C-1-8ugp_1P-1__receptor.pdb	8ugp-1-8ugp_1C-1-8ugp_1P-1__ligand.sdf	433	95	1423.9	35.7654	35.7654	1423.9	35.7654	0	0.0251179	sas_voromqa	1423.9	3188.51
8ugp-1-8ugp_1C-1-8ugp_1W-1__receptor.pdb	8ugp-1-8ugp_1C-1-8ugp_1W-1__ligand.sdf	433	33	459.501	12.0068	12.0068	459.501	12.0068	0	0.0261301	sas_voromqa	459.501	1085.48
8ugp-1-8ugp_1D-1-8ugp_1H-1__receptor.pdb	8ugp-1-8ugp_1D-1-8ugp_1H-1__ligand.sdf	1756	34	718.344	-54.6213	-54.6213	718.344	-54.6213	0	-0.0760378	sas_voromqa	718.344	1342.99
8ugp-1-8ugp_1I-1-8ugp_1P-1__receptor.pdb	8ugp-1-8ugp_1I-1-8ugp_1P-1__ligand.sdf	997	95	1464.16	26.7885	26.7885	1464.16	26.7885	0	0.0182962	sas_voromqa	1464.16	3197.62
8ugp-1-8ugp_1Q-1-8ugp_1P-1__receptor.pdb	8ugp-1-8ugp_1Q-1-8ugp_1P-1__ligand.sdf	150	95	1430.64	9.04252	9.04252	1430.64	9.04252	0	0.00632061	sas_voromqa	1430.64	3187.65
8uhd-1-8uhd_V-1-8uhd_X-1__receptor.pdb	8uhd-1-8uhd_V-1-8uhd_X-1__ligand.sdf	4410	103	1057.16	50.3162	50.3162	1057.16	50.3162	0	0.0475956	sas_voromqa	1057.16	2958.25
8uhg-1-8uhg_V-1-8uhg_X-1__receptor.pdb	8uhg-1-8uhg_V-1-8uhg_X-1__ligand.sdf	4411	124	1685.66	154.194	154.194	1685.66	154.194	0	0.091474	sas_voromqa	1685.66	3896.16
8ui6-1-8ui6_A-1-8ui6_B-1__receptor.pdb	8ui6-1-8ui6_A-1-8ui6_B-1__ligand.sdf	4202	52	444.968	29.1466	29.1466	444.968	29.1466	0	0.0655027	sas_voromqa	444.968	1362.7
8uih-1-8uih_H-1-8uih_D-1__receptor.pdb	8uih-1-8uih_H-1-8uih_D-1__ligand.sdf	1605	37	481.086	6.55556	6.46171	481.014	6.50449	0	0.0136266	sas_voromqa	481.086	1100.99
8uih-1-8uih_L-1-8uih_D-1__receptor.pdb	8uih-1-8uih_L-1-8uih_D-1__ligand.sdf	1679	37	439.754	-44.3854	-46.9025	437.832	-45.7549	0	-0.100932	sas_voromqa	439.754	1049
8ujb-1-8ujb_SK-1-8ujb_CD-1__receptor.pdb	8ujb-1-8ujb_SK-1-8ujb_CD-1__ligand.sdf	827	102	1096.12	-17.8494	-17.8494	1096.12	-17.8494	0	-0.0162842	sas_voromqa	1096.12	2820.24
8ujg-1-8ujg_A-1-8ujg_D-1__receptor.pdb	8ujg-1-8ujg_A-1-8ujg_D-1__ligand.sdf	4222	14	247.783	16.0884	16.0884	247.783	16.0884	0	0.0649294	sas_voromqa	247.783	506.561
8ujh-1-8ujh_A-1-8ujh_C-1__receptor.pdb	8ujh-1-8ujh_A-1-8ujh_C-1__ligand.sdf	4194	67	503.664	29.5737	29.5737	503.664	29.5737	0	0.0587171	sas_voromqa	503.664	1728.19
8uk5-1-8uk5_A-1-8uk5_B-1__receptor.pdb	8uk5-1-8uk5_A-1-8uk5_B-1__ligand.sdf	1057	45	531.87	-42.5359	-48.5946	527.244	-45.8324	0	-0.0799742	sas_voromqa	531.87	1302.51
8umo-1-8umo_J-1-8umo_P-1__receptor.pdb	8umo-1-8umo_J-1-8umo_P-1__ligand.sdf	948	68	1249.12	27.7443	27.7443	1249.12	27.7443	0	0.0222111	sas_voromqa	1249.12	2395.05
8us8-1-8us8_A-1-8us8_R-1__receptor.pdb	8us8-1-8us8_A-1-8us8_R-1__ligand.sdf	1587	149	2145.06	-236.978	-241.014	2141.98	-239.174	0	-0.110476	sas_voromqa	2145.06	4560.5
8us8-1-8us8_B-1-8us8_R-1__receptor.pdb	8us8-1-8us8_B-1-8us8_R-1__ligand.sdf	1657	149	2090.98	-259.296	-263.352	2087.89	-261.503	0	-0.124007	sas_voromqa	2090.98	4512.66
8usb-1-8usb_G-1-8usb_O-1__receptor.pdb	8usb-1-8usb_G-1-8usb_O-1__ligand.sdf	1886	49	641.707	54.3151	54.3151	641.707	54.3151	0	0.0846416	sas_voromqa	641.707	1445.36
8usb-1-8usb_H-1-8usb_O-1__receptor.pdb	8usb-1-8usb_H-1-8usb_O-1__ligand.sdf	1793	49	585.516	50.9566	50.9566	585.516	50.9566	0	0.0870285	sas_voromqa	585.516	1424.65
8usd-1-8usd_B-1-8usd_U-1__receptor.pdb	8usd-1-8usd_B-1-8usd_U-1__ligand.sdf	350	75	993.398	64.7727	64.7727	993.398	64.7727	0	0.0652032	sas_voromqa	993.398	2314.25
8usd-1-8usd_f-1-8usd_U-1__receptor.pdb	8usd-1-8usd_f-1-8usd_U-1__ligand.sdf	5456	75	1078.04	66.7757	66.7757	1078.04	66.7757	0	0.0619418	sas_voromqa	1078.04	2361.53
8uuq-1-8uuq_C-1-8uuq_M-1__receptor.pdb	8uuq-1-8uuq_C-1-8uuq_M-1__ligand.sdf	2800	37	361.194	86.6563	86.6563	361.194	86.6563	0	0.239916	sas_voromqa	361.194	1023.74
8uuq-1-8uuq_C-1-8uuq_N-1__receptor.pdb	8uuq-1-8uuq_C-1-8uuq_N-1__ligand.sdf	2800	37	545.273	165.342	165.342	545.273	165.342	0	0.303228	sas_voromqa	545.273	1173.76
8uuq-1-8uuq_C-1-8uuq_O-1__receptor.pdb	8uuq-1-8uuq_C-1-8uuq_O-1__ligand.sdf	2800	37	659.421	246.785	246.785	659.421	246.785	0	0.374245	sas_voromqa	659.421	1273.31
8v15-1-8v15_A-1-8v15_B-1__receptor.pdb	8v15-1-8v15_A-1-8v15_B-1__ligand.sdf	2094	46	447.825	55.9302	55.9302	447.825	55.9302	0	0.124893	sas_voromqa	447.825	1276.22
8v30-1-8v30_A-1-8v30_F-1__receptor.pdb	8v30-1-8v30_A-1-8v30_F-1__ligand.sdf	2888	55	702.063	94.5381	94.5381	702.063	94.5381	0	0.134658	sas_voromqa	702.063	1614.07
8v30-1-8v30_B-1-8v30_F-1__receptor.pdb	8v30-1-8v30_B-1-8v30_F-1__ligand.sdf	2888	55	617.687	94.0628	94.0628	617.687	94.0628	0	0.152282	sas_voromqa	617.687	1544.26
8v3o-1-8v3o_A-1-8v3o_I-1__receptor.pdb	8v3o-1-8v3o_A-1-8v3o_I-1__ligand.sdf	3706	59	364.995	-33.6481	-33.6481	364.995	-33.6481	0	-0.0921878	sas_voromqa	364.995	1382.85
8v51-1-8v51_D-1-8v51_C-1__receptor.pdb	8v51-1-8v51_D-1-8v51_C-1__ligand.sdf	1536	73	1241.32	87.5987	87.5987	1241.32	87.5987	0	0.070569	sas_voromqa	1241.32	2456.05
8v51-1-8v51_E-1-8v51_C-1__receptor.pdb	8v51-1-8v51_E-1-8v51_C-1__ligand.sdf	1921	73	1134.73	75.3168	75.3168	1134.73	75.3168	0	0.0663742	sas_voromqa	1134.73	2393.87
8v5u-1-8v5u_A-1-8v5u_B-1__receptor.pdb	8v5u-1-8v5u_A-1-8v5u_B-1__ligand.sdf	2116	46	407.32	33.9884	33.9884	407.32	33.9884	0	0.083444	sas_voromqa	407.32	1241.94
8v5y-1-8v5y_A-1-8v5y_C-1__receptor.pdb	8v5y-1-8v5y_A-1-8v5y_C-1__ligand.sdf	1005	43	431.418	-1.74181	-1.74181	431.418	-1.74181	0	-0.00403741	sas_voromqa	431.418	1147.03
8v5y-1-8v5y_B-1-8v5y_C-1__receptor.pdb	8v5y-1-8v5y_B-1-8v5y_C-1__ligand.sdf	992	43	455.854	-6.71307	-6.71307	455.854	-6.71307	0	-0.0147264	sas_voromqa	455.854	1158.1
8v83-1-8v83_l-1-8v83_7-1__receptor.pdb	8v83-1-8v83_l-1-8v83_7-1__ligand.sdf	1394	87	859.444	15.0276	15.0276	859.444	15.0276	0	0.0174853	sas_voromqa	859.444	2416.85
8v8e-1-8v8e_A-1-8v8e_C-1__receptor.pdb	8v8e-1-8v8e_A-1-8v8e_C-1__ligand.sdf	1431	70	931.482	33.6876	33.6876	931.482	33.6876	0	0.0361656	sas_voromqa	931.482	2137.75
8v8f-1-8v8f_A-1-8v8f_H-1__receptor.pdb	8v8f-1-8v8f_A-1-8v8f_H-1__ligand.sdf	1813	77	571.292	47.4445	47.4445	571.292	47.4445	0	0.0830477	sas_voromqa	571.292	1933.15
8v9q-1-8v9q_A-1-8v9q_D-1__receptor.pdb	8v9q-1-8v9q_A-1-8v9q_D-1__ligand.sdf	4028	126	1331.6	75.1529	75.1529	1331.6	75.1529	0	0.056438	sas_voromqa	1331.6	3519.68
8v9q-1-8v9q_A-1-8v9q_H-1__receptor.pdb	8v9q-1-8v9q_A-1-8v9q_H-1__ligand.sdf	4028	59	578.488	34.2872	34.2872	578.488	34.2872	0	0.0592704	sas_voromqa	578.488	1553.47
8vcx-1-8vcx_D-1-8vcx_C-1__receptor.pdb	8vcx-1-8vcx_D-1-8vcx_C-1__ligand.sdf	1424	189	3599.08	107.543	107.543	3599.08	107.543	0	0.0298807	sas_voromqa	3599.08	6414.45
8vcx-1-8vcx_E-1-8vcx_C-1__receptor.pdb	8vcx-1-8vcx_E-1-8vcx_C-1__ligand.sdf	1863	189	3573.25	101.559	101.559	3573.25	101.559	0	0.028422	sas_voromqa	3573.25	6408.59
8vd2-1-8vd2_D-1-8vd2_C-1__receptor.pdb	8vd2-1-8vd2_D-1-8vd2_C-1__ligand.sdf	1447	92	1485.58	22.6458	22.6458	1485.58	22.6458	0	0.0152437	sas_voromqa	1485.58	2953.67
8vd2-1-8vd2_E-1-8vd2_C-1__receptor.pdb	8vd2-1-8vd2_E-1-8vd2_C-1__ligand.sdf	1879	92	1630.68	11.1473	11.1473	1630.68	11.1473	0	0.00683598	sas_voromqa	1630.68	3090.96
8vdv-1-8vdv_A-1-8vdv_L-1__receptor.pdb	8vdv-1-8vdv_A-1-8vdv_L-1__ligand.sdf	740	89	1155.42	260.64	260.64	1155.42	260.64	0	0.22558	sas_voromqa	1155.42	2685.9
8vgc-1-8vgc_A-1-8vgc_P-1__receptor.pdb	8vgc-1-8vgc_A-1-8vgc_P-1__ligand.sdf	583	73	987.564	63.9631	63.9631	987.564	63.9631	0	0.0647686	sas_voromqa	987.564	2286.93
8vis-1-8vis_B-1-8vis_A-1__receptor.pdb	8vis-1-8vis_B-1-8vis_A-1__ligand.sdf	1778	109	1300.69	-157.307	-189.175	1276.36	-174.646	0	-0.120941	sas_voromqa	1300.69	3104.76
8vis-2-8vis_D-1-8vis_C-1__receptor.pdb	8vis-2-8vis_D-1-8vis_C-1__ligand.sdf	1805	164	1806.91	-110.623	-110.623	1806.91	-110.623	0	-0.0612222	sas_voromqa	1806.91	4568.53
8vjo-1-8vjo_A-1-8vjo_F-1__receptor.pdb	8vjo-1-8vjo_A-1-8vjo_F-1__ligand.sdf	2132	59	470.493	28.126	28.126	470.493	28.126	0	0.0597798	sas_voromqa	470.493	1537.42
8vjw-1-8vjw_A-1-8vjw_C-1__receptor.pdb	8vjw-1-8vjw_A-1-8vjw_C-1__ligand.sdf	5359	19	84.0948	7.58142	7.58142	84.0948	7.58142	0	0.0901533	sas_voromqa	84.0948	479.523
8vjw-1-8vjw_A-1-8vjw_D-1__receptor.pdb	8vjw-1-8vjw_A-1-8vjw_D-1__ligand.sdf	5359	36	158.983	36.6058	36.6058	158.983	36.6058	0	0.23025	sas_voromqa	158.983	848.144
8vjy-1-8vjy_A-1-8vjy_B-1__receptor.pdb	8vjy-1-8vjy_A-1-8vjy_B-1__ligand.sdf	5353	65	311.821	15.9088	15.9088	311.821	15.9088	0	0.051019	sas_voromqa	311.821	1570.1
8vlf-1-8vlf_A-1-8vlf_T-1__receptor.pdb	8vlf-1-8vlf_A-1-8vlf_T-1__ligand.sdf	414	93	1246.03	-20.2129	-20.2129	1246.03	-20.2129	0	-0.0162218	sas_voromqa	1246.03	2824.74
8vod-1-8vod_A-1-8vod_B-1__receptor.pdb	8vod-1-8vod_A-1-8vod_B-1__ligand.sdf	1461	116	1207.2	-97.5911	-97.5911	1207.2	-97.5911	0	-0.0808409	sas_voromqa	1207.2	3250.86
8vp4-1-8vp4_A-1-8vp4_C-1__receptor.pdb	8vp4-1-8vp4_A-1-8vp4_C-1__ligand.sdf	1829	38	173.248	12.944	12.944	173.248	12.944	0	0.0747137	sas_voromqa	173.248	842.757
8vs6-1-8vs6_A-1-8vs6_E-1__receptor.pdb	8vs6-1-8vs6_A-1-8vs6_E-1__ligand.sdf	3386	76	1148.97	-60.4751	-60.4751	1148.97	-60.4751	0	-0.0526342	sas_voromqa	1148.97	2454.49
8vs6-1-8vs6_B-1-8vs6_E-1__receptor.pdb	8vs6-1-8vs6_B-1-8vs6_E-1__ligand.sdf	2744	76	847.827	-61.3847	-61.3847	847.827	-61.3847	0	-0.0724024	sas_voromqa	847.827	2210.5
8vsj-1-8vsj_C-1-8vsj_P-1__receptor.pdb	8vsj-1-8vsj_C-1-8vsj_P-1__ligand.sdf	993	94	1696.54	126.461	126.461	1696.54	126.461	0	0.0745405	sas_voromqa	1696.54	3319.77
8vx7-1-8vx7_A-1-8vx7_C-1__receptor.pdb	8vx7-1-8vx7_A-1-8vx7_C-1__ligand.sdf	1083	66	541.526	85.6313	85.6313	541.526	85.6313	0	0.15813	sas_voromqa	541.526	1809.19
8vy4-1-8vy4_A-1-8vy4_C-1__receptor.pdb	8vy4-1-8vy4_A-1-8vy4_C-1__ligand.sdf	1591	50	620.119	32.0385	32.0385	620.119	32.0385	0	0.0516651	sas_voromqa	620.119	1425.1
8vy4-1-8vy4_B-1-8vy4_C-1__receptor.pdb	8vy4-1-8vy4_B-1-8vy4_C-1__ligand.sdf	1605	50	623.658	3.77906	3.77906	623.658	3.77906	0	0.00605951	sas_voromqa	623.658	1426.13
8w5z-1-8w5z_A-1-8w5z_B-1__receptor.pdb	8w5z-1-8w5z_A-1-8w5z_B-1__ligand.sdf	2687	58	439.996	51.404	51.404	439.996	51.404	0	0.116828	sas_voromqa	439.996	1444.26
8w5z-1-8w5z_A-1-8w5z_D-1__receptor.pdb	8w5z-1-8w5z_A-1-8w5z_D-1__ligand.sdf	2687	58	909.068	-59.6227	-59.6227	909.068	-59.6227	0	-0.0655866	sas_voromqa	909.068	1838.5
8w6l-1-8w6l_A-1-8w6l_C-1__receptor.pdb	8w6l-1-8w6l_A-1-8w6l_C-1__ligand.sdf	2227	76	298.09	19.7823	19.7823	298.09	19.7823	0	0.0663635	sas_voromqa	298.09	1673.81
8wav-1-8wav_o-1-8wav_N-1__receptor.pdb	8wav-1-8wav_o-1-8wav_N-1__ligand.sdf	11510	64	288.296	18.2989	4.81632	278.003	10.963	0	0.0634726	sas_voromqa	288.296	1372.76
8wb4-1-8wb4_A-1-8wb4_R-1__receptor.pdb	8wb4-1-8wb4_A-1-8wb4_R-1__ligand.sdf	2618	130	1807.81	162.617	162.617	1807.81	162.617	0	0.0899525	sas_voromqa	1807.81	3957.46
8wb4-1-8wb4_E-1-8wb4_R-1__receptor.pdb	8wb4-1-8wb4_E-1-8wb4_R-1__ligand.sdf	629	130	1482.88	129.888	129.888	1482.88	129.888	0	0.0875917	sas_voromqa	1482.88	3777.16
8wb4-1-8wb4_J-1-8wb4_R-1__receptor.pdb	8wb4-1-8wb4_J-1-8wb4_R-1__ligand.sdf	214	130	1805.44	165.231	165.231	1805.44	165.231	0	0.0915184	sas_voromqa	1805.44	3972.96
8wb4-1-8wb4_S-1-8wb4_Q-1__receptor.pdb	8wb4-1-8wb4_S-1-8wb4_Q-1__ligand.sdf	1563	105	1288.49	87.9859	87.9859	1288.49	87.9859	0	0.0682861	sas_voromqa	1288.49	3097.08
8wb4-1-8wb4_f-1-8wb4_r-1__receptor.pdb	8wb4-1-8wb4_f-1-8wb4_r-1__ligand.sdf	247	130	1820.49	161.758	161.758	1820.49	161.758	0	0.0888541	sas_voromqa	1820.49	3978.46
8we2-1-8we2_A-1-8we2_R-1__receptor.pdb	8we2-1-8we2_A-1-8we2_R-1__ligand.sdf	1813	27	240.678	0.102295	-1.66656	239.328	-0.860141	0	0.000425028	sas_voromqa	240.678	748.794
8wee-1-8wee_A-1-8wee_B-1__receptor.pdb	8wee-1-8wee_A-1-8wee_B-1__ligand.sdf	5038	250	3209.37	31.687	31.687	3209.37	31.687	0	0.00987328	sas_voromqa	3209.37	7188.39
8wef-1-8wef_A-1-8wef_C-1__receptor.pdb	8wef-1-8wef_A-1-8wef_C-1__ligand.sdf	4981	271	3717.81	118.263	118.263	3717.81	118.263	0	0.0318099	sas_voromqa	3717.81	7965.62
8wej-1-8wej_E-1-8wej_C-1__receptor.pdb	8wej-1-8wej_E-1-8wej_C-1__ligand.sdf	1328	67	699.72	49.9209	49.9209	699.72	49.9209	0	0.0713441	sas_voromqa	699.72	1894.01
8wg8-1-8wg8_R-1-8wg8_E-1__receptor.pdb	8wg8-1-8wg8_R-1-8wg8_E-1__ligand.sdf	2050	131	1746.2	100.531	100.531	1746.2	100.531	0	0.0575713	sas_voromqa	1746.2	4036.96
8wi0-1-8wi0_A-1-8wi0_B-1__receptor.pdb	8wi0-1-8wi0_A-1-8wi0_B-1__ligand.sdf	9580	136	496.522	1.40229	0.294598	495.677	0.799594	0	0.00282423	sas_voromqa	496.522	3144.74
8wif-1-8wif_t-1-8wif_x-1__receptor.pdb	8wif-1-8wif_t-1-8wif_x-1__ligand.sdf	662	94	935.728	-59.914	-59.914	935.728	-59.914	0	-0.0640293	sas_voromqa	935.728	2561.17
8wkd-1-8wkd_A-1-8wkd_C-1__receptor.pdb	8wkd-1-8wkd_A-1-8wkd_C-1__ligand.sdf	1472	119	728.789	3.7381	3.7381	728.789	3.7381	0	0.00512919	sas_voromqa	728.789	2861.82
8wm0-1-8wm0_A-1-8wm0_B-1__receptor.pdb	8wm0-1-8wm0_A-1-8wm0_B-1__ligand.sdf	2307	132	1009.69	243.32	243.32	1009.69	243.32	0	0.240985	sas_voromqa	1009.69	3258.42
8wo9-1-8wo9_A-1-8wo9_C-1__receptor.pdb	8wo9-1-8wo9_A-1-8wo9_C-1__ligand.sdf	2207	74	264.235	31.7161	31.7161	264.235	31.7161	0	0.12003	sas_voromqa	264.235	1701.68
8wst-1-8wst_R-1-8wst_L-1__receptor.pdb	8wst-1-8wst_R-1-8wst_L-1__ligand.sdf	2280	129	678.344	50.5565	50.5565	678.344	50.5565	0	0.0745293	sas_voromqa	678.344	3164.28
8wte-1-8wte_B-1-8wte_J-1__receptor.pdb	8wte-1-8wte_B-1-8wte_J-1__ligand.sdf	1904	54	1023.72	57.993	57.993	1023.72	57.993	0	0.0566493	sas_voromqa	1023.72	1902.97
8wte-2-8wte_D-1-8wte_G-1__receptor.pdb	8wte-2-8wte_D-1-8wte_G-1__ligand.sdf	1923	54	1016.82	72.9197	72.9197	1016.82	72.9197	0	0.0717135	sas_voromqa	1016.82	1896.95
8wtw-1-8wtw_A-1-8wtw_B-1__receptor.pdb	8wtw-1-8wtw_A-1-8wtw_B-1__ligand.sdf	4415	113	746.492	25.662	25.662	746.492	25.662	0	0.0343768	sas_voromqa	746.492	3039.56
8wu8-1-8wu8_A-1-8wu8_D-1__receptor.pdb	8wu8-1-8wu8_A-1-8wu8_D-1__ligand.sdf	1981	91	908.076	33.3579	33.3579	908.076	33.3579	0	0.0367347	sas_voromqa	908.076	2523.02
8wwk-1-8wwk_R-1-8wwk_L-1__receptor.pdb	8wwk-1-8wwk_R-1-8wwk_L-1__ligand.sdf	2242	139	709.792	5.74433	5.74433	709.792	5.74433	0	0.00809298	sas_voromqa	709.792	3362.31
8wxw-1-8wxw_A-1-8wxw_P-1__receptor.pdb	8wxw-1-8wxw_A-1-8wxw_P-1__ligand.sdf	8870	46	242.885	18.7153	18.7153	242.885	18.7153	0	0.0770542	sas_voromqa	242.885	1122.22
8x8l-1-8x8l_R-1-8x8l_C-1__receptor.pdb	8x8l-1-8x8l_R-1-8x8l_C-1__ligand.sdf	2105	106	499.622	38.3132	38.3132	499.622	38.3132	0	0.0766844	sas_voromqa	499.622	2497.5
8x8n-1-8x8n_R-1-8x8n_C-1__receptor.pdb	8x8n-1-8x8n_R-1-8x8n_C-1__ligand.sdf	2086	71	424.244	106.616	106.616	424.244	106.616	0	0.251308	sas_voromqa	424.244	1911.51
8xag-1-8xag_A-1-8xag_C-1__receptor.pdb	8xag-1-8xag_A-1-8xag_C-1__ligand.sdf	485	61	619.072	-41.5931	-41.5931	619.072	-41.5931	0	-0.0671862	sas_voromqa	619.072	1685.58
8xes-1-8xes_A-1-8xes_C-1__receptor.pdb	8xes-1-8xes_A-1-8xes_C-1__ligand.sdf	2246	75	283.184	48.7782	48.7782	283.184	48.7782	0	0.172249	sas_voromqa	283.184	1693.19
8xgo-1-8xgo_A-1-8xgo_F-1__receptor.pdb	8xgo-1-8xgo_A-1-8xgo_F-1__ligand.sdf	2309	88	210.483	54.6147	54.6147	210.483	54.6147	0	0.259473	sas_voromqa	210.483	1853.52
8xoo-1-8xoo_O-1-8xoo_X-1__receptor.pdb	8xoo-1-8xoo_O-1-8xoo_X-1__ligand.sdf	4486	120	2278.67	200.244	200.244	2278.67	200.244	0	0.0878776	sas_voromqa	2278.67	4219.57
8xop-1-8xop_A-1-8xop_O-1__receptor.pdb	8xop-1-8xop_A-1-8xop_O-1__ligand.sdf	1369	52	668.401	112.646	112.646	668.401	112.646	0	0.168531	sas_voromqa	668.401	1527.37
8xop-1-8xop_A-1-8xop_U-1__receptor.pdb	8xop-1-8xop_A-1-8xop_U-1__ligand.sdf	1369	52	452.916	89.378	89.378	452.916	89.378	0	0.197339	sas_voromqa	452.916	1390.18
8xop-1-8xop_H-1-8xop_V-1__receptor.pdb	8xop-1-8xop_H-1-8xop_V-1__ligand.sdf	1347	52	500.212	93.4703	93.4703	500.212	93.4703	0	0.186861	sas_voromqa	500.212	1449.95
8xop-1-8xop_H-1-8xop_b-1__receptor.pdb	8xop-1-8xop_H-1-8xop_b-1__ligand.sdf	1347	52	703.619	122.369	122.369	703.619	122.369	0	0.173914	sas_voromqa	703.619	1554.06
8xpf-1-8xpf_A-1-8xpf_C-1__receptor.pdb	8xpf-1-8xpf_A-1-8xpf_C-1__ligand.sdf	2266	115	953.337	104.889	104.889	953.337	104.889	0	0.110023	sas_voromqa	953.337	2881.97
8xs1-1-8xs1_H-1-8xs1_A-1__receptor.pdb	8xs1-1-8xs1_H-1-8xs1_A-1__ligand.sdf	1588	64	655.579	-13.9069	-13.9069	655.579	-13.9069	0	-0.0212132	sas_voromqa	655.579	1733.25
8xs1-1-8xs1_L-1-8xs1_A-1__receptor.pdb	8xs1-1-8xs1_L-1-8xs1_A-1__ligand.sdf	1667	64	740.31	-9.38816	-9.38816	740.31	-9.38816	0	-0.0126814	sas_voromqa	740.31	1831.99
8xve-1-8xve_R-1-8xve_P-1__receptor.pdb	8xve-1-8xve_R-1-8xve_P-1__ligand.sdf	2459	131	507.213	19.2557	19.2557	507.213	19.2557	0	0.0379637	sas_voromqa	507.213	2915.04
8xwr-1-8xwr_A-1-8xwr_B-1__receptor.pdb	8xwr-1-8xwr_A-1-8xwr_B-1__ligand.sdf	2371	45	254.233	-2.30411	-2.30411	254.233	-2.30411	0	-0.00906299	sas_voromqa	254.233	1024.95
8xzh-1-8xzh_R-1-8xzh_L-1__receptor.pdb	8xzh-1-8xzh_R-1-8xzh_L-1__ligand.sdf	2419	105	460.588	-42.0869	-42.0869	460.588	-42.0869	0	-0.0913765	sas_voromqa	460.588	2497.07
8y47-1-8y47_A-1-8y47_B-1__receptor.pdb	8y47-1-8y47_A-1-8y47_B-1__ligand.sdf	1569	90	818.5	-3.03984	-3.03984	818.5	-3.03984	0	-0.00371392	sas_voromqa	818.5	2458.67
8y52-1-8y52_R-1-8y52_X-1__receptor.pdb	8y52-1-8y52_R-1-8y52_X-1__ligand.sdf	2392	81	142.237	46.3033	46.3033	142.237	46.3033	0	0.325536	sas_voromqa	142.237	1757.13
8y9v-2-8y9v_C-1-8y9v_E-1__receptor.pdb	8y9v-2-8y9v_C-1-8y9v_E-1__ligand.sdf	292	40	641.558	-88.8348	-88.8348	641.558	-88.8348	0	-0.138467	sas_voromqa	641.558	1292.73
8yhz-1-8yhz_H-1-8yhz_P-1__receptor.pdb	8yhz-1-8yhz_H-1-8yhz_P-1__ligand.sdf	1580	88	887.692	26.3066	26.3066	887.692	26.3066	0	0.0296348	sas_voromqa	887.692	2358.22
8yhz-1-8yhz_L-1-8yhz_P-1__receptor.pdb	8yhz-1-8yhz_L-1-8yhz_P-1__ligand.sdf	1641	88	1097.39	40.2523	40.2523	1097.39	40.2523	0	0.03668	sas_voromqa	1097.39	2579.81
8yiv-1-8yiv_D-1-8yiv_C-1__receptor.pdb	8yiv-1-8yiv_D-1-8yiv_C-1__ligand.sdf	1567	80	1435.73	-40.1658	-40.1658	1435.73	-40.1658	0	-0.0279759	sas_voromqa	1435.73	2695.09
8yiv-1-8yiv_E-1-8yiv_C-1__receptor.pdb	8yiv-1-8yiv_E-1-8yiv_C-1__ligand.sdf	1985	80	1263.62	-5.43216	-5.43216	1263.62	-5.43216	0	-0.00429889	sas_voromqa	1263.62	2561.76
8ym2-1-8ym2_A-1-8ym2_B-1__receptor.pdb	8ym2-1-8ym2_A-1-8ym2_B-1__ligand.sdf	1185	75	459.87	80.6458	80.6458	459.87	80.6458	0	0.175367	sas_voromqa	459.87	1801.3
8ype-1-8ype_A-1-8ype_B-1__receptor.pdb	8ype-1-8ype_A-1-8ype_B-1__ligand.sdf	2770	56	658.968	96.0802	96.0802	658.968	96.0802	0	0.145804	sas_voromqa	658.968	1686.28
8ysa-1-8ysa_A-1-8ysa_B-1__receptor.pdb	8ysa-1-8ysa_A-1-8ysa_B-1__ligand.sdf	2347	37	169.919	18.6677	18.6677	169.919	18.6677	0	0.109862	sas_voromqa	169.919	853.992
8ytd-1-8ytd_A-1-8ytd_C-1__receptor.pdb	8ytd-1-8ytd_A-1-8ytd_C-1__ligand.sdf	769	149	1260.11	249.563	249.563	1260.11	249.563	0	0.198049	sas_voromqa	1260.11	3753.13
8yte-1-8yte_A-1-8yte_B-1__receptor.pdb	8yte-1-8yte_A-1-8yte_B-1__ligand.sdf	754	123	942.612	173.099	173.099	942.612	173.099	0	0.183638	sas_voromqa	942.612	3114.77
8ytg-1-8ytg_A-1-8ytg_B-1__receptor.pdb	8ytg-1-8ytg_A-1-8ytg_B-1__ligand.sdf	574	46	429.551	17.496	17.496	429.551	17.496	0	0.0407309	sas_voromqa	429.551	1273.78
8z0h-1-8z0h_A-1-8z0h_C-1__receptor.pdb	8z0h-1-8z0h_A-1-8z0h_C-1__ligand.sdf	2202	72	295.583	-47.0797	-47.0797	295.583	-47.0797	0	-0.159277	sas_voromqa	295.583	1593.36
8z56-1-8z56_A-1-8z56_B-1__receptor.pdb	8z56-1-8z56_A-1-8z56_B-1__ligand.sdf	2038	42	357.838	57.1061	57.1061	357.838	57.1061	0	0.159586	sas_voromqa	357.838	1096.59
8zbi-1-8zbi_D-1-8zbi_S-1__receptor.pdb	8zbi-1-8zbi_D-1-8zbi_S-1__ligand.sdf	2188	105	366.246	49.5515	49.5515	366.246	49.5515	0	0.135296	sas_voromqa	366.246	2391.65
8zbj-1-8zbj_R-1-8zbj_S-1__receptor.pdb	8zbj-1-8zbj_R-1-8zbj_S-1__ligand.sdf	2034	78	347.512	55.1613	55.1613	347.512	55.1613	0	0.158732	sas_voromqa	347.512	1885.3
8zcs-1-8zcs_A-1-8zcs_C-1__receptor.pdb	8zcs-1-8zcs_A-1-8zcs_C-1__ligand.sdf	3936	224	2128.15	36.433	36.433	2128.15	36.433	0	0.0171196	sas_voromqa	2128.15	5889.56
8zcs-1-8zcs_B-1-8zcs_C-1__receptor.pdb	8zcs-1-8zcs_B-1-8zcs_C-1__ligand.sdf	3821	224	2263.29	75.321	75.321	2263.29	75.321	0	0.0332794	sas_voromqa	2263.29	6006.97
8ze8-1-8ze8_A-1-8ze8_E-1__receptor.pdb	8ze8-1-8ze8_A-1-8ze8_E-1__ligand.sdf	507	58	754.927	-17.6694	-17.6694	754.927	-17.6694	0	-0.0234054	sas_voromqa	754.927	1783.37
8zlz-1-8zlz_B-1-8zlz_D-1__receptor.pdb	8zlz-1-8zlz_B-1-8zlz_D-1__ligand.sdf	1036	129	1425.12	-19.8399	-19.8399	1425.12	-19.8399	0	-0.0139216	sas_voromqa	1425.12	3635.52
8zpu-1-8zpu_A-1-8zpu_C-1__receptor.pdb	8zpu-1-8zpu_A-1-8zpu_C-1__ligand.sdf	1730	66	438.828	75.0917	75.0892	438.826	75.0903	0	0.171119	sas_voromqa	438.828	1565.11
8zqe-1-8zqe_R-1-8zqe_L-1__receptor.pdb	8zqe-1-8zqe_R-1-8zqe_L-1__ligand.sdf	2192	75	430.037	93.9457	93.9457	430.037	93.9457	0	0.21846	sas_voromqa	430.037	1863.2
8zuk-1-8zuk_A-1-8zuk_D-1__receptor.pdb	8zuk-1-8zuk_A-1-8zuk_D-1__ligand.sdf	1432	118	1148.47	17.8386	17.8386	1148.47	17.8386	0	0.0155325	sas_voromqa	1148.47	3321.05
8zuk-1-8zuk_A-1-8zuk_R-1__receptor.pdb	8zuk-1-8zuk_A-1-8zuk_R-1__ligand.sdf	1432	118	2012.93	56.8461	56.8461	2012.93	56.8461	0	0.0282405	sas_voromqa	2012.93	3917
8zvy-1-8zvy_A-1-8zvy_C-1__receptor.pdb	8zvy-1-8zvy_A-1-8zvy_C-1__ligand.sdf	1414	85	937.119	-38.4653	-38.4653	937.119	-38.4653	0	-0.0410463	sas_voromqa	937.119	2300.73
8zvy-1-8zvy_B-1-8zvy_D-1__receptor.pdb	8zvy-1-8zvy_B-1-8zvy_D-1__ligand.sdf	1397	107	1429.18	-54.6193	-54.6193	1429.18	-54.6193	0	-0.0382172	sas_voromqa	1429.18	3130.95
8zxr-1-8zxr_A-1-8zxr_B-1__receptor.pdb	8zxr-1-8zxr_A-1-8zxr_B-1__ligand.sdf	711	134	1311.53	-42.9037	-42.9037	1311.53	-42.9037	0	-0.0327127	sas_voromqa	1311.53	3653.56
8zxr-2-8zxr_A-1-8zxr_B-2__receptor.pdb	8zxr-2-8zxr_A-1-8zxr_B-2__ligand.sdf	711	134	1711.02	-61.1034	-71.4634	1703.11	-66.7402	0	-0.0357117	sas_voromqa	1711.02	3973.09
8zxw-1-8zxw_H-1-8zxw_C-1__receptor.pdb	8zxw-1-8zxw_H-1-8zxw_C-1__ligand.sdf	1593	76	700.84	97.2898	97.2898	700.84	97.2898	0	0.138819	sas_voromqa	700.84	1956.39
8zxw-1-8zxw_L-1-8zxw_C-1__receptor.pdb	8zxw-1-8zxw_L-1-8zxw_C-1__ligand.sdf	1595	76	960.496	121.435	117.01	957.118	119.027	0	0.126429	sas_voromqa	960.496	2193.23
8zyt-1-8zyt_R-1-8zyt_L-1__receptor.pdb	8zyt-1-8zyt_R-1-8zyt_L-1__ligand.sdf	1900	51	430.967	-14.6825	-14.6825	430.967	-14.6825	0	-0.0340687	sas_voromqa	430.967	1452.7
8zyu-1-8zyu_R-1-8zyu_L-1__receptor.pdb	8zyu-1-8zyu_R-1-8zyu_L-1__ligand.sdf	2368	57	360.37	-37.1346	-37.1346	360.37	-37.1346	0	-0.103046	sas_voromqa	360.37	1499.78
9arr-1-9arr_A-1-9arr_C-1__receptor.pdb	9arr-1-9arr_A-1-9arr_C-1__ligand.sdf	1153	120	1803.6	71.9677	71.9677	1803.6	71.9677	0	0.0399023	sas_voromqa	1803.6	3888.7
9ax9-1-9ax9_A-1-9ax9_C-1__receptor.pdb	9ax9-1-9ax9_A-1-9ax9_C-1__ligand.sdf	1358	37	256.523	17.5222	17.5222	256.523	17.5222	0	0.0683065	sas_voromqa	256.523	905.461
9b0a-2-9b0a_B-1-9b0a_D-1__receptor.pdb	9b0a-2-9b0a_B-1-9b0a_D-1__ligand.sdf	893	124	1451.79	126.967	126.967	1451.79	126.967	0	0.0874555	sas_voromqa	1451.79	3561.34
9b3c-1-9b3c_A-1-9b3c_B-1__receptor.pdb	9b3c-1-9b3c_A-1-9b3c_B-1__ligand.sdf	153	53	883.438	111.025	111.025	883.438	111.025	0	0.125674	sas_voromqa	883.438	1762.9
9b3c-1-9b3c_A-1-9b3c_H-1__receptor.pdb	9b3c-1-9b3c_A-1-9b3c_H-1__ligand.sdf	153	53	912.126	110.495	110.495	912.126	110.495	0	0.12114	sas_voromqa	912.126	1788.15
9baq-1-9baq_A-1-9baq_D-1__receptor.pdb	9baq-1-9baq_A-1-9baq_D-1__ligand.sdf	7798	82	904.818	6.68903	6.68903	904.818	6.68903	0	0.00739268	sas_voromqa	904.818	2356.14
9baq-1-9baq_A-1-9baq_F-1__receptor.pdb	9baq-1-9baq_A-1-9baq_F-1__ligand.sdf	7798	73	655.705	53.6763	53.6763	655.705	53.6763	0	0.0818604	sas_voromqa	655.705	2006.39
9bl3-1-9bl3_G-1-9bl3_C-1__receptor.pdb	9bl3-1-9bl3_G-1-9bl3_C-1__ligand.sdf	2220	75	1165	107.567	107.567	1165	107.567	0	0.0923322	sas_voromqa	1165	2403.24
9bl4-1-9bl4_G-1-9bl4_C-1__receptor.pdb	9bl4-1-9bl4_G-1-9bl4_C-1__ligand.sdf	2112	75	1207.4	95.9209	95.9209	1207.4	95.9209	0	0.0794442	sas_voromqa	1207.4	2426.41
9bls-1-9bls_A-1-9bls_D-1__receptor.pdb	9bls-1-9bls_A-1-9bls_D-1__ligand.sdf	4516	53	493.125	13.081	13.081	493.125	13.081	0	0.0265267	sas_voromqa	493.125	1508.02
9blx-1-9blx_H-1-9blx_G-1__receptor.pdb	9blx-1-9blx_H-1-9blx_G-1__ligand.sdf	1676	133	1270.52	172.644	172.644	1270.52	172.644	0	0.135885	sas_voromqa	1270.52	3472.65
9blx-1-9blx_L-1-9blx_G-1__receptor.pdb	9blx-1-9blx_L-1-9blx_G-1__ligand.sdf	1644	133	1809.56	240.153	240.153	1809.56	240.153	0	0.132713	sas_voromqa	1809.56	3943.21
9bt3-1-9bt3_A-1-9bt3_a-1__receptor.pdb	9bt3-1-9bt3_A-1-9bt3_a-1__ligand.sdf	1270	127	655.699	32.3998	32.3998	655.699	32.3998	0	0.0494126	sas_voromqa	655.699	2933.56
9bt7-1-9bt7_A-1-9bt7_D-1__receptor.pdb	9bt7-1-9bt7_A-1-9bt7_D-1__ligand.sdf	1265	135	1127.87	80.4926	80.4926	1127.87	80.4926	0	0.0713669	sas_voromqa	1127.87	3432.85
9btn-1-9btn_A-1-9btn_L-1__receptor.pdb	9btn-1-9btn_A-1-9btn_L-1__ligand.sdf	3903	135	783.258	83.3233	83.3233	783.258	83.3233	0	0.10638	sas_voromqa	783.258	3157.08
9bw3-1-9bw3_A-1-9bw3_C-1__receptor.pdb	9bw3-1-9bw3_A-1-9bw3_C-1__ligand.sdf	5554	105	884.323	-4.95394	-4.95394	884.323	-4.95394	0	-0.00560196	sas_voromqa	884.323	2649.44
9c0o-1-9c0o_A-1-9c0o_D-1__receptor.pdb	9c0o-1-9c0o_A-1-9c0o_D-1__ligand.sdf	518	64	710.271	46.3027	46.3027	710.271	46.3027	0	0.0651902	sas_voromqa	710.271	1863.84
9c4t-1-9c4t_A-1-9c4t_B-1__receptor.pdb	9c4t-1-9c4t_A-1-9c4t_B-1__ligand.sdf	3668	78	471.935	8.14862	8.14862	471.935	8.14862	0	0.0172664	sas_voromqa	471.935	1888.89
9c7d-1-9c7d_H-1-9c7d_B-1__receptor.pdb	9c7d-1-9c7d_H-1-9c7d_B-1__ligand.sdf	1691	126	1895.97	-0.720942	-0.720942	1895.97	-0.720942	0	-0.00038025	sas_voromqa	1895.97	3788.1
9c7d-1-9c7d_L-1-9c7d_B-1__receptor.pdb	9c7d-1-9c7d_L-1-9c7d_B-1__ligand.sdf	1636	126	1729.81	-12.6096	-12.6096	1729.81	-12.6096	0	-0.00728959	sas_voromqa	1729.81	3636.95
9c7f-1-9c7f_H-1-9c7f_J-1__receptor.pdb	9c7f-1-9c7f_H-1-9c7f_J-1__ligand.sdf	1667	93	1267.74	9.52599	9.52599	1267.74	9.52599	0	0.00751415	sas_voromqa	1267.74	2719.12
9c7f-1-9c7f_L-1-9c7f_J-1__receptor.pdb	9c7f-1-9c7f_L-1-9c7f_J-1__ligand.sdf	1629	93	1189.1	4.64458	4.64458	1189.1	4.64458	0	0.00390596	sas_voromqa	1189.1	2646.72
9c88-1-9c88_A-1-9c88_S-1__receptor.pdb	9c88-1-9c88_A-1-9c88_S-1__ligand.sdf	2529	50	974.373	75.0456	75.0456	974.373	75.0456	0	0.0770194	sas_voromqa	974.373	1772.08
9cc6-1-9cc6_A-1-9cc6_B-1__receptor.pdb	9cc6-1-9cc6_A-1-9cc6_B-1__ligand.sdf	1118	72	395.459	28.9926	28.9926	395.459	28.9926	0	0.0733138	sas_voromqa	395.459	1644.68
9cdt-1-9cdt_A-1-9cdt_B-1__receptor.pdb	9cdt-1-9cdt_A-1-9cdt_B-1__ligand.sdf	1202	117	859.087	-33.5959	-33.5959	859.087	-33.5959	0	-0.0391065	sas_voromqa	859.087	2937.63
9cdu-2-9cdu_C-1-9cdu_D-1__receptor.pdb	9cdu-2-9cdu_C-1-9cdu_D-1__ligand.sdf	3222	114	853.701	42.0679	42.0679	853.701	42.0679	0	0.0492771	sas_voromqa	853.701	2807.23
9cdw-1-9cdw_A-1-9cdw_E-1__receptor.pdb	9cdw-1-9cdw_A-1-9cdw_E-1__ligand.sdf	512	47	639.887	-50.8255	-50.8255	639.887	-50.8255	0	-0.0794289	sas_voromqa	639.887	1464.85
9ce3-1-9ce3_A-1-9ce3_G-1__receptor.pdb	9ce3-1-9ce3_A-1-9ce3_G-1__ligand.sdf	10341	60	587.918	54.9206	54.9206	587.918	54.9206	0	0.0934154	sas_voromqa	587.918	1723.47
9ce3-1-9ce3_B-1-9ce3_H-1__receptor.pdb	9ce3-1-9ce3_B-1-9ce3_H-1__ligand.sdf	10200	60	626.626	45.0456	45.0456	626.626	45.0456	0	0.0718859	sas_voromqa	626.626	1766
9ckc-2-9ckc_B-1-9ckc_D-1__receptor.pdb	9ckc-2-9ckc_B-1-9ckc_D-1__ligand.sdf	3462	28	209.12	5.80811	5.80811	209.12	5.80811	0	0.0277741	sas_voromqa	209.12	782.98
9ckc-2-9ckc_B-1-9ckc_F-1__receptor.pdb	9ckc-2-9ckc_B-1-9ckc_F-1__ligand.sdf	3462	51	492.685	26.1313	26.1313	492.685	26.1313	0	0.0530386	sas_voromqa	492.685	1522.57
9ckn-1-9ckn_A-1-9ckn_E-1__receptor.pdb	9ckn-1-9ckn_A-1-9ckn_E-1__ligand.sdf	1172	111	693.637	-43.9121	-44.0373	693.541	-43.9802	0	-0.063307	sas_voromqa	693.637	2642.75
9cnu-1-9cnu_A-1-9cnu_B-1__receptor.pdb	9cnu-1-9cnu_A-1-9cnu_B-1__ligand.sdf	1735	55	684.347	114.895	114.895	684.347	114.895	0	0.16789	sas_voromqa	684.347	1629.18
9cnu-1-9cnu_A-1-9cnu_B-6__receptor.pdb	9cnu-1-9cnu_A-1-9cnu_B-6__ligand.sdf	1735	55	638.752	141.277	141.277	638.752	141.277	0	0.221177	sas_voromqa	638.752	1618.58
9co2-1-9co2_A-1-9co2_I-1__receptor.pdb	9co2-1-9co2_A-1-9co2_I-1__ligand.sdf	3018	144	730.474	40.1587	40.1587	730.474	40.1587	0	0.0549762	sas_voromqa	730.474	3438.48
9cs0-1-9cs0_A-1-9cs0_C-1__receptor.pdb	9cs0-1-9cs0_A-1-9cs0_C-1__ligand.sdf	2932	136	457.19	27.6425	27.6425	457.19	27.6425	0	0.0604617	sas_voromqa	457.19	2970.25
9cs0-1-9cs0_A-1-9cs0_D-1__receptor.pdb	9cs0-1-9cs0_A-1-9cs0_D-1__ligand.sdf	2932	70	632.468	58.4269	58.4269	632.468	58.4269	0	0.0923792	sas_voromqa	632.468	1730
9cs1-1-9cs1_A-1-9cs1_C-1__receptor.pdb	9cs1-1-9cs1_A-1-9cs1_C-1__ligand.sdf	2829	127	564.652	58.7037	58.7037	564.652	58.7037	0	0.103964	sas_voromqa	564.652	2799.59
9d7r-2-9d7r_2F-1-9d7r_2z-1__receptor.pdb	9d7r-2-9d7r_2F-1-9d7r_2z-1__ligand.sdf	1580	121	1956.91	-50.8733	-50.8733	1956.91	-50.8733	0	-0.0259967	sas_voromqa	1956.91	3923.06
9d89-1-9d89_H-1-9d89_T-1__receptor.pdb	9d89-1-9d89_H-1-9d89_T-1__ligand.sdf	1552	143	2285.07	-24.8315	-24.8315	2285.07	-24.8315	0	-0.0108668	sas_voromqa	2285.07	4540.24
9d89-1-9d89_r-1-9d89_T-1__receptor.pdb	9d89-1-9d89_r-1-9d89_T-1__ligand.sdf	857	143	2292.19	54.9556	54.9556	2292.19	54.9556	0	0.0239752	sas_voromqa	2292.19	4592.78
9dek-1-9dek_A-1-9dek_C-1__receptor.pdb	9dek-1-9dek_A-1-9dek_C-1__ligand.sdf	2698	130	881.224	101.575	101.575	881.224	101.575	0	0.115266	sas_voromqa	881.224	3180.29
9del-1-9del_A-1-9del_C-1__receptor.pdb	9del-1-9del_A-1-9del_C-1__ligand.sdf	2635	126	671.857	187.253	187.253	671.857	187.253	0	0.27871	sas_voromqa	671.857	2812.17
9dem-1-9dem_A-1-9dem_G-1__receptor.pdb	9dem-1-9dem_A-1-9dem_G-1__ligand.sdf	2680	126	945.59	90.0825	90.0825	945.59	90.0825	0	0.0952659	sas_voromqa	945.59	3203.97
9dep-1-9dep_A-1-9dep_C-1__receptor.pdb	9dep-1-9dep_A-1-9dep_C-1__ligand.sdf	2582	121	910.226	117.342	117.342	910.226	117.342	0	0.128915	sas_voromqa	910.226	3042.74
9dhk-1-9dhk_A-1-9dhk_C-1__receptor.pdb	9dhk-1-9dhk_A-1-9dhk_C-1__ligand.sdf	1109	129	1287.83	130.718	130.718	1287.83	130.718	0	0.101503	sas_voromqa	1287.83	3485.62
9dhk-1-9dhk_B-1-9dhk_C-1__receptor.pdb	9dhk-1-9dhk_B-1-9dhk_C-1__ligand.sdf	1035	129	1057.36	189.488	189.488	1057.36	189.488	0	0.179209	sas_voromqa	1057.36	3317.89
9di4-1-9di4_A-1-9di4_C-1__receptor.pdb	9di4-1-9di4_A-1-9di4_C-1__ligand.sdf	1114	117	1238.89	205.637	205.637	1238.89	205.637	0	0.165985	sas_voromqa	1238.89	3195.39
9dj8-1-9dj8_A-1-9dj8_G-1__receptor.pdb	9dj8-1-9dj8_A-1-9dj8_G-1__ligand.sdf	7492	75	545.95	25.3793	23.824	544.763	24.533	0	0.0464865	sas_voromqa	545.95	1860.13
9dl1-1-9dl1_A-1-9dl1_E-1__receptor.pdb	9dl1-1-9dl1_A-1-9dl1_E-1__ligand.sdf	1011	76	1204.71	84.4782	84.4782	1204.71	84.4782	0	0.0701233	sas_voromqa	1204.71	2515.83
9dl1-1-9dl1_A-1-9dl1_H-1__receptor.pdb	9dl1-1-9dl1_A-1-9dl1_H-1__ligand.sdf	1011	76	1196.03	55.9866	55.9866	1196.03	55.9866	0	0.0468104	sas_voromqa	1196.03	2518.09
9duj-1-9duj_A-1-9duj_B-1__receptor.pdb	9duj-1-9duj_A-1-9duj_B-1__ligand.sdf	2995	50	138.506	-2.32547	-2.32547	138.506	-2.32547	0	-0.0167897	sas_voromqa	138.506	1087.56
9dxu-1-9dxu_A-1-9dxu_B-1__receptor.pdb	9dxu-1-9dxu_A-1-9dxu_B-1__ligand.sdf	1805	129	802.111	198.078	84.819	715.647	136.453	0	0.246946	sas_voromqa	802.111	3088.36
9dxx-1-9dxx_A-1-9dxx_E-1__receptor.pdb	9dxx-1-9dxx_A-1-9dxx_E-1__ligand.sdf	2553	376	4276.31	191.234	90.414	4199.35	136.378	0	0.0447194	sas_voromqa	4276.31	10592
9dzn-1-9dzn_A-1-9dzn_C-1__receptor.pdb	9dzn-1-9dzn_A-1-9dzn_C-1__ligand.sdf	2271	98	719.401	-3.06223	-9.36095	714.592	-6.48936	0	-0.00425664	sas_voromqa	719.401	2396.22
9e5e-1-9e5e_A-1-9e5e_B-1__receptor.pdb	9e5e-1-9e5e_A-1-9e5e_B-1__ligand.sdf	2023	68	629.247	13.3708	13.3708	629.247	13.3708	0	0.0212489	sas_voromqa	629.247	1924.2
9eaf-1-9eaf_A-1-9eaf_D-1__receptor.pdb	9eaf-1-9eaf_A-1-9eaf_D-1__ligand.sdf	2806	51	439.712	40.8492	40.8492	439.712	40.8492	0	0.0928999	sas_voromqa	439.712	1340.84
9ejg-1-9ejg_B-1-9ejg_C-1__receptor.pdb	9ejg-1-9ejg_B-1-9ejg_C-1__ligand.sdf	1533	86	849.122	103.093	103.093	849.122	103.093	0	0.121411	sas_voromqa	849.122	2290.43
9emz-1-9emz_A-1-9emz_E-1__receptor.pdb	9emz-1-9emz_A-1-9emz_E-1__ligand.sdf	1261	46	241.158	15.1577	15.1577	241.158	15.1577	0	0.0628538	sas_voromqa	241.158	1098.74
9eou-1-9eou_A-1-9eou_P-1__receptor.pdb	9eou-1-9eou_A-1-9eou_P-1__ligand.sdf	2487	20	195.548	-7.42001	-7.42001	195.548	-7.42001	0	-0.0379447	sas_voromqa	195.548	560.104
9eyt-1-9eyt_A-1-9eyt_E-1__receptor.pdb	9eyt-1-9eyt_A-1-9eyt_E-1__ligand.sdf	2844	45	392.61	-47.3816	-47.3816	392.61	-47.3816	0	-0.120684	sas_voromqa	392.61	1204.86
9eyt-1-9eyt_A-1-9eyt_G-1__receptor.pdb	9eyt-1-9eyt_A-1-9eyt_G-1__ligand.sdf	2844	56	449.062	3.26104	3.26104	449.062	3.26104	0	0.00726189	sas_voromqa	449.062	1472.3
9eyt-1-9eyt_A-1-9eyt_M-1__receptor.pdb	9eyt-1-9eyt_A-1-9eyt_M-1__ligand.sdf	2844	50	380.721	-6.11758	-6.11758	380.721	-6.11758	0	-0.0160684	sas_voromqa	380.721	1306.44
9f1i-1-9f1i_H-1-9f1i_P-1__receptor.pdb	9f1i-1-9f1i_H-1-9f1i_P-1__ligand.sdf	1612	83	1017.12	-1.83441	-1.83441	1017.12	-1.83441	0	-0.00180353	sas_voromqa	1017.12	2483.84
9f1i-1-9f1i_L-1-9f1i_P-1__receptor.pdb	9f1i-1-9f1i_L-1-9f1i_P-1__ligand.sdf	1611	83	897.518	-10.8792	-10.8792	897.518	-10.8792	0	-0.0121214	sas_voromqa	897.518	2399.13
9f2m-1-9f2m_A-1-9f2m_D-1__receptor.pdb	9f2m-1-9f2m_A-1-9f2m_D-1__ligand.sdf	891	47	418.388	-85.8729	-85.8729	418.388	-85.8729	0	-0.205247	sas_voromqa	418.388	1232.78
9f6h-1-9f6h_B-1-9f6h_L-1__receptor.pdb	9f6h-1-9f6h_B-1-9f6h_L-1__ligand.sdf	980	97	1096.72	147.126	147.126	1096.72	147.126	0	0.134151	sas_voromqa	1096.72	2823.55
9f6s-1-9f6s_A-1-9f6s_B-1__receptor.pdb	9f6s-1-9f6s_A-1-9f6s_B-1__ligand.sdf	611	47	575.08	-17.686	-17.686	575.08	-17.686	0	-0.030754	sas_voromqa	575.08	1422.11
9f6y-1-9f6y_A-1-9f6y_B-1__receptor.pdb	9f6y-1-9f6y_A-1-9f6y_B-1__ligand.sdf	9914	94	773.996	16.5429	14.5689	772.489	15.4689	0	0.0213734	sas_voromqa	773.996	2455.16
9f7w-1-9f7w_A-1-9f7w_B-1__receptor.pdb	9f7w-1-9f7w_A-1-9f7w_B-1__ligand.sdf	2152	97	1057.13	17.5252	17.5252	1057.13	17.5252	0	0.0165781	sas_voromqa	1057.13	2763.92
9f8t-1-9f8t_A-1-9f8t_D-1__receptor.pdb	9f8t-1-9f8t_A-1-9f8t_D-1__ligand.sdf	2833	50	377.195	-80.3231	-80.3231	377.195	-80.3231	0	-0.212948	sas_voromqa	377.195	1283.15
9f9r-1-9f9r_A-1-9f9r_B-1__receptor.pdb	9f9r-1-9f9r_A-1-9f9r_B-1__ligand.sdf	2827	40	76.3743	-1.38472	-1.38472	76.3743	-1.38472	0	-0.0181307	sas_voromqa	76.3743	847.868
9fgq-1-9fgq_C-1-9fgq_L-1__receptor.pdb	9fgq-1-9fgq_C-1-9fgq_L-1__ligand.sdf	822	60	813.716	-12.1844	-12.1844	813.716	-12.1844	0	-0.0149738	sas_voromqa	813.716	1861.38
9fgq-1-9fgq_D-1-9fgq_L-1__receptor.pdb	9fgq-1-9fgq_D-1-9fgq_L-1__ligand.sdf	729	60	850.109	-46.8469	-46.8469	850.109	-46.8469	0	-0.0551069	sas_voromqa	850.109	1890.35
9fh9-1-9fh9_C-1-9fh9_L-1__receptor.pdb	9fh9-1-9fh9_C-1-9fh9_L-1__ligand.sdf	786	32	458.023	37.9796	37.9796	458.023	37.9796	0	0.0829207	sas_voromqa	458.023	1073.36
9fjc-1-9fjc_1-1-9fjc_4-1__receptor.pdb	9fjc-1-9fjc_1-1-9fjc_4-1__ligand.sdf	1792	138	1813.59	128.632	128.632	1813.59	128.632	0	0.0709267	sas_voromqa	1813.59	4105.61
9fjc-1-9fjc_1-14-9fjc_4-57__receptor.pdb	9fjc-1-9fjc_1-14-9fjc_4-57__ligand.sdf	1792	138	1930.2	142.959	142.959	1930.2	142.959	0	0.0740643	sas_voromqa	1930.2	4181.09
9fjc-1-9fjc_3-1-9fjc_4-1__receptor.pdb	9fjc-1-9fjc_3-1-9fjc_4-1__ligand.sdf	1846	138	1781.56	103.601	103.601	1781.56	103.601	0	0.0581518	sas_voromqa	1781.56	4088.07
9fjc-1-9fjc_3-1-9fjc_4-15__receptor.pdb	9fjc-1-9fjc_3-1-9fjc_4-15__ligand.sdf	1846	138	2041.44	101.242	101.242	2041.44	101.242	0	0.0495934	sas_voromqa	2041.44	4324.32
9fjc-1-9fjc_3-10-9fjc_4-11__receptor.pdb	9fjc-1-9fjc_3-10-9fjc_4-11__ligand.sdf	1846	138	2028.51	79.3009	79.3009	2028.51	79.3009	0	0.0390932	sas_voromqa	2028.51	4295.27
9fjc-1-9fjc_3-10-9fjc_4-14__receptor.pdb	9fjc-1-9fjc_3-10-9fjc_4-14__ligand.sdf	1846	138	2018.48	60.4748	60.4748	2018.48	60.4748	0	0.0299606	sas_voromqa	2018.48	4278.92
9fjc-1-9fjc_3-13-9fjc_4-33__receptor.pdb	9fjc-1-9fjc_3-13-9fjc_4-33__ligand.sdf	1846	138	2021.11	78.0678	78.0678	2021.11	78.0678	0	0.0386262	sas_voromqa	2021.11	4265.03
9fjc-1-9fjc_3-14-9fjc_4-11__receptor.pdb	9fjc-1-9fjc_3-14-9fjc_4-11__ligand.sdf	1846	138	1992.95	59.933	59.933	1992.95	59.933	0	0.0300725	sas_voromqa	1992.95	4045.76
9fjc-1-9fjc_3-14-9fjc_4-19__receptor.pdb	9fjc-1-9fjc_3-14-9fjc_4-19__ligand.sdf	1846	138	1840.9	117.321	117.321	1840.9	117.321	0	0.0637302	sas_voromqa	1840.9	3979.47
9fjc-1-9fjc_3-14-9fjc_4-57__receptor.pdb	9fjc-1-9fjc_3-14-9fjc_4-57__ligand.sdf	1846	138	1967.94	83.5945	83.5945	1967.94	83.5945	0	0.0424782	sas_voromqa	1967.94	4279.64
9fjc-1-9fjc_3-15-9fjc_4-52__receptor.pdb	9fjc-1-9fjc_3-15-9fjc_4-52__ligand.sdf	1846	138	2037.4	100.74	100.74	2037.4	100.74	0	0.0494454	sas_voromqa	2037.4	4327.43
9fjc-1-9fjc_3-19-9fjc_4-14__receptor.pdb	9fjc-1-9fjc_3-19-9fjc_4-14__ligand.sdf	1846	138	2020.16	86.5298	86.5298	2020.16	86.5298	0	0.0428331	sas_voromqa	2020.16	4297.98
9fjc-1-9fjc_3-20-9fjc_4-16__receptor.pdb	9fjc-1-9fjc_3-20-9fjc_4-16__ligand.sdf	1846	138	1956.37	35.6945	35.6945	1956.37	35.6945	0	0.0182453	sas_voromqa	1956.37	4175.99
9fjc-1-9fjc_3-21-9fjc_4-46__receptor.pdb	9fjc-1-9fjc_3-21-9fjc_4-46__ligand.sdf	1846	138	1858.13	60.5589	60.5589	1858.13	60.5589	0	0.0325913	sas_voromqa	1858.13	4113.46
9fjc-1-9fjc_3-32-9fjc_4-37__receptor.pdb	9fjc-1-9fjc_3-32-9fjc_4-37__ligand.sdf	1846	138	1969.74	117.492	117.492	1969.74	117.492	0	0.0596485	sas_voromqa	1969.74	4243.92
9fjc-1-9fjc_3-36-9fjc_4-54__receptor.pdb	9fjc-1-9fjc_3-36-9fjc_4-54__ligand.sdf	1846	138	1991.81	70.9733	70.9733	1991.81	70.9733	0	0.0356326	sas_voromqa	1991.81	4285.86
9fjc-1-9fjc_3-45-9fjc_4-22__receptor.pdb	9fjc-1-9fjc_3-45-9fjc_4-22__ligand.sdf	1846	138	1835.65	36.0159	36.0159	1835.65	36.0159	0	0.0196202	sas_voromqa	1835.65	4063.84
9fjc-1-9fjc_3-45-9fjc_4-23__receptor.pdb	9fjc-1-9fjc_3-45-9fjc_4-23__ligand.sdf	1846	138	1884.12	40.3429	40.3429	1884.12	40.3429	0	0.0214121	sas_voromqa	1884.12	4113.38
9fjc-1-9fjc_3-45-9fjc_4-26__receptor.pdb	9fjc-1-9fjc_3-45-9fjc_4-26__ligand.sdf	1846	138	1860.22	85.7516	85.7516	1860.22	85.7516	0	0.0460976	sas_voromqa	1860.22	4159.79
9fjc-1-9fjc_3-51-9fjc_4-16__receptor.pdb	9fjc-1-9fjc_3-51-9fjc_4-16__ligand.sdf	1846	138	1839.63	31.7484	31.7484	1839.63	31.7484	0	0.017258	sas_voromqa	1839.63	4141.16
9fjc-1-9fjc_3-52-9fjc_4-15__receptor.pdb	9fjc-1-9fjc_3-52-9fjc_4-15__ligand.sdf	1846	138	2010.75	55.4197	55.4197	2010.75	55.4197	0	0.0275617	sas_voromqa	2010.75	4191.24
9fjc-1-9fjc_3-55-9fjc_4-46__receptor.pdb	9fjc-1-9fjc_3-55-9fjc_4-46__ligand.sdf	1846	138	1984.64	42.9917	42.9917	1984.64	42.9917	0	0.0216622	sas_voromqa	1984.64	4101.63
9fjc-1-9fjc_3-56-9fjc_4-15__receptor.pdb	9fjc-1-9fjc_3-56-9fjc_4-15__ligand.sdf	1846	138	1900.43	97.0449	97.0449	1900.43	97.0449	0	0.0510647	sas_voromqa	1900.43	4154.95
9fjc-1-9fjc_3-59-9fjc_4-37__receptor.pdb	9fjc-1-9fjc_3-59-9fjc_4-37__ligand.sdf	1846	138	1746.98	37.2734	37.2734	1746.98	37.2734	0	0.0213359	sas_voromqa	1746.98	4095.43
9fko-1-9fko_B-1-9fko_G-1__receptor.pdb	9fko-1-9fko_B-1-9fko_G-1__ligand.sdf	1364	35	535.028	39.9079	39.9079	535.028	39.9079	0	0.0745903	sas_voromqa	535.028	1192.09
9fku-1-9fku_A-1-9fku_C-1__receptor.pdb	9fku-1-9fku_A-1-9fku_C-1__ligand.sdf	3177	39	64.688	0.889308	0.889308	64.688	0.889308	0	0.0137477	sas_voromqa	64.688	830.193
9fl8-1-9fl8_B-1-9fl8_F-1__receptor.pdb	9fl8-1-9fl8_B-1-9fl8_F-1__ligand.sdf	2182	152	1114.44	-48.4616	-48.4616	1114.44	-48.4616	0	-0.0434852	sas_voromqa	1114.44	3871.12
9fms-1-9fms_A-1-9fms_D-1__receptor.pdb	9fms-1-9fms_A-1-9fms_D-1__ligand.sdf	3075	98	1157.54	12.6437	12.6437	1157.54	12.6437	0	0.0109229	sas_voromqa	1157.54	2800.89
9fvl-1-9fvl_A-1-9fvl_E-1__receptor.pdb	9fvl-1-9fvl_A-1-9fvl_E-1__ligand.sdf	1834	54	480.507	-29.9791	-29.9791	480.507	-29.9791	0	-0.0623906	sas_voromqa	480.507	1456.94
9fx1-1-9fx1_A-1-9fx1_D-1__receptor.pdb	9fx1-1-9fx1_A-1-9fx1_D-1__ligand.sdf	2245	129	1773.48	0.371784	0.371784	1773.48	0.371784	0	0.000209635	sas_voromqa	1773.48	3936.85
9fx1-1-9fx1_A-1-9fx1_D-36__receptor.pdb	9fx1-1-9fx1_A-1-9fx1_D-36__ligand.sdf	2245	129	2043.05	23.9931	23.9931	2043.05	23.9931	0	0.0117438	sas_voromqa	2043.05	4143.05
9fx1-1-9fx1_C-1-9fx1_D-1__receptor.pdb	9fx1-1-9fx1_C-1-9fx1_D-1__ligand.sdf	1673	129	1935.58	47.7551	47.7551	1935.58	47.7551	0	0.0246722	sas_voromqa	1935.58	4070.13
9g13-1-9g13_A-1-9g13_B-1__receptor.pdb	9g13-1-9g13_A-1-9g13_B-1__ligand.sdf	947	107	1343.77	21.0741	21.0741	1343.77	21.0741	0	0.0156828	sas_voromqa	1343.77	3208.12
9g13-1-9g13_A-1-9g13_D-1__receptor.pdb	9g13-1-9g13_A-1-9g13_D-1__ligand.sdf	947	107	1655.79	-17.1214	-17.1214	1655.79	-17.1214	0	-0.0103403	sas_voromqa	1655.79	3475.11
9g1v-1-9g1v_A-1-9g1v_D-1__receptor.pdb	9g1v-1-9g1v_A-1-9g1v_D-1__ligand.sdf	11500	143	2110.69	124.708	124.708	2110.69	124.708	0	0.059084	sas_voromqa	2110.69	4508.04
9g1v-1-9g1v_B-1-9g1v_D-1__receptor.pdb	9g1v-1-9g1v_B-1-9g1v_D-1__ligand.sdf	9254	143	2204.59	118.596	118.596	2204.59	118.596	0	0.053795	sas_voromqa	2204.59	4595.53
9g1v-1-9g1v_F-1-9g1v_D-1__receptor.pdb	9g1v-1-9g1v_F-1-9g1v_D-1__ligand.sdf	827	143	2130.22	103.929	103.929	2130.22	103.929	0	0.0487879	sas_voromqa	2130.22	4507.97
9g1v-1-9g1v_G-1-9g1v_D-1__receptor.pdb	9g1v-1-9g1v_G-1-9g1v_D-1__ligand.sdf	716	143	1482.7	72.3214	72.3214	1482.7	72.3214	0	0.0487768	sas_voromqa	1482.7	3986.41
9g27-1-9g27_B-1-9g27_D-1__receptor.pdb	9g27-1-9g27_B-1-9g27_D-1__ligand.sdf	9214	133	2058.35	122.04	122.04	2058.35	122.04	0	0.0592902	sas_voromqa	2058.35	4289.76
9g6z-1-9g6z_A-1-9g6z_B-1__receptor.pdb	9g6z-1-9g6z_A-1-9g6z_B-1__ligand.sdf	1586	86	659.219	9.7705	9.7705	659.219	9.7705	0	0.0148213	sas_voromqa	659.219	2174.64
9gfe-1-9gfe_A-1-9gfe_B-1__receptor.pdb	9gfe-1-9gfe_A-1-9gfe_B-1__ligand.sdf	1832	86	767.687	-17.3205	-17.3205	767.687	-17.3205	0	-0.0225619	sas_voromqa	767.687	2315.01
9gv6-1-9gv6_D-1-9gv6_C-1__receptor.pdb	9gv6-1-9gv6_D-1-9gv6_C-1__ligand.sdf	1452	79	1259.97	191.185	191.185	1259.97	191.185	0	0.151738	sas_voromqa	1259.97	2543.42
9gv6-1-9gv6_E-1-9gv6_C-1__receptor.pdb	9gv6-1-9gv6_E-1-9gv6_C-1__ligand.sdf	1955	79	1275.61	118.75	118.75	1275.61	118.75	0	0.0930927	sas_voromqa	1275.61	2550.71
9gv7-1-9gv7_D-1-9gv7_C-1__receptor.pdb	9gv7-1-9gv7_D-1-9gv7_C-1__ligand.sdf	1452	74	1124.45	-1.03506	-1.03506	1124.45	-1.03506	0	-0.000920503	sas_voromqa	1124.45	2355.81
9gxg-1-9gxg_A-1-9gxg_F-1__receptor.pdb	9gxg-1-9gxg_A-1-9gxg_F-1__ligand.sdf	8614	115	759.462	54.327	54.327	759.462	54.327	0	0.0715335	sas_voromqa	759.462	2837.06
9gxg-1-9gxg_A-1-9gxg_G-1__receptor.pdb	9gxg-1-9gxg_A-1-9gxg_G-1__ligand.sdf	8614	110	1042.43	98.9778	98.9778	1042.43	98.9778	0	0.0949491	sas_voromqa	1042.43	2978.82
9h3d-1-9h3d_D-1-9h3d_B-1__receptor.pdb	9h3d-1-9h3d_D-1-9h3d_B-1__ligand.sdf	1075	93	1044.99	11.6151	11.6151	1044.99	11.6151	0	0.011115	sas_voromqa	1044.99	2659.25
9h3d-1-9h3d_D-1-9h3d_C-1__receptor.pdb	9h3d-1-9h3d_D-1-9h3d_C-1__ligand.sdf	1075	149	2162.57	198.211	198.211	2162.57	198.211	0	0.0916553	sas_voromqa	2162.57	4640.61
9he1-1-9he1_A-1-9he1_G-1__receptor.pdb	9he1-1-9he1_A-1-9he1_G-1__ligand.sdf	6214	108	844.126	43.9147	43.9147	844.126	43.9147	0	0.0520239	sas_voromqa	844.126	2682.13
9hfv-1-9hfv_A-1-9hfv_B-1__receptor.pdb	9hfv-1-9hfv_A-1-9hfv_B-1__ligand.sdf	1123	77	682.647	30.825	30.825	682.647	30.825	0	0.0451551	sas_voromqa	682.647	2029.81
9hg9-1-9hg9_A-1-9hg9_G-1__receptor.pdb	9hg9-1-9hg9_A-1-9hg9_G-1__ligand.sdf	6228	70	609.138	81.1259	81.1259	609.138	81.1259	0	0.133181	sas_voromqa	609.138	1737.8
9hqv-1-9hqv_BA-1-9hqv_Uo-1__receptor.pdb	9hqv-1-9hqv_BA-1-9hqv_Uo-1__ligand.sdf	4191	130	1726.52	131.169	131.169	1726.52	131.169	0	0.0759731	sas_voromqa	1726.52	3874.45
9hqv-1-9hqv_BA-1-9hqv_Up-1__receptor.pdb	9hqv-1-9hqv_BA-1-9hqv_Up-1__ligand.sdf	4191	120	1448.57	115.186	115.186	1448.57	115.186	0	0.079517	sas_voromqa	1448.57	3412.71
9hqv-1-9hqv_Bb-1-9hqv_Ua-1__receptor.pdb	9hqv-1-9hqv_Bb-1-9hqv_Ua-1__ligand.sdf	6351	100	1738.8	140.983	140.983	1738.8	140.983	0	0.0810806	sas_voromqa	1738.8	3349.52
9hqv-1-9hqv_Bn-1-9hqv_Uc-1__receptor.pdb	9hqv-1-9hqv_Bn-1-9hqv_Uc-1__ligand.sdf	2782	50	728.333	61.6862	61.6862	728.333	61.6862	0	0.0846951	sas_voromqa	728.333	1650.82
9hqv-1-9hqv_Bn-1-9hqv_Uq-1__receptor.pdb	9hqv-1-9hqv_Bn-1-9hqv_Uq-1__ligand.sdf	2782	169	2471.64	256.781	256.781	2471.64	256.781	0	0.103891	sas_voromqa	2471.64	5250.99
9hqv-1-9hqv_Bp-1-9hqv_Uc-1__receptor.pdb	9hqv-1-9hqv_Bp-1-9hqv_Uc-1__ligand.sdf	1749	50	848.74	64.0658	64.0658	848.74	64.0658	0	0.0754834	sas_voromqa	848.74	1691.35
9hqv-1-9hqv_Bp-1-9hqv_Uq-1__receptor.pdb	9hqv-1-9hqv_Bp-1-9hqv_Uq-1__ligand.sdf	1749	169	1669.6	124.979	124.979	1669.6	124.979	0	0.0748557	sas_voromqa	1669.6	4723.34
9hqv-1-9hqv_Bq-1-9hqv_Uq-1__receptor.pdb	9hqv-1-9hqv_Bq-1-9hqv_Uq-1__ligand.sdf	3378	169	2624.85	266.558	266.558	2624.85	266.558	0	0.101552	sas_voromqa	2624.85	5353.28
9hqv-1-9hqv_Br-1-9hqv_Ui-1__receptor.pdb	9hqv-1-9hqv_Br-1-9hqv_Ui-1__ligand.sdf	3437	65	745.934	59.3524	59.3524	745.934	59.3524	0	0.0795679	sas_voromqa	745.934	1922.24
9hqv-1-9hqv_Bv-1-9hqv_Uq-1__receptor.pdb	9hqv-1-9hqv_Bv-1-9hqv_Uq-1__ligand.sdf	1099	169	2733.77	270.152	270.152	2733.77	270.152	0	0.0988203	sas_voromqa	2733.77	5421.41
9hqv-1-9hqv_Bz-1-9hqv_Ua-1__receptor.pdb	9hqv-1-9hqv_Bz-1-9hqv_Ua-1__ligand.sdf	1703	100	1587.53	122.76	122.76	1587.53	122.76	0	0.0773277	sas_voromqa	1587.53	3219.13
9hqv-1-9hqv_Ye-1-9hqv_Ua-1__receptor.pdb	9hqv-1-9hqv_Ye-1-9hqv_Ua-1__ligand.sdf	1956	100	1471.13	123.181	123.181	1471.13	123.181	0	0.0837322	sas_voromqa	1471.13	3197.14
9hqv-1-9hqv_Yk-1-9hqv_Ub-1__receptor.pdb	9hqv-1-9hqv_Yk-1-9hqv_Ub-1__ligand.sdf	5785	37	464.637	34.5823	34.5823	464.637	34.5823	0	0.0744286	sas_voromqa	464.637	1137.59
9hqv-1-9hqv_Ym-1-9hqv_Uk-1__receptor.pdb	9hqv-1-9hqv_Ym-1-9hqv_Uk-1__ligand.sdf	3844	65	465.356	34.719	34.719	465.356	34.719	0	0.0746074	sas_voromqa	465.356	1776.64
9i05-1-9i05_Ac-1-9i05_Ue-1__receptor.pdb	9i05-1-9i05_Ac-1-9i05_Ue-1__ligand.sdf	3511	101	1352.54	58.7119	58.7119	1352.54	58.7119	0	0.0434086	sas_voromqa	1352.54	3045.65
9i05-1-9i05_Ah-1-9i05_Uf-1__receptor.pdb	9i05-1-9i05_Ah-1-9i05_Uf-1__ligand.sdf	898	30	394.872	28.8167	28.8167	394.872	28.8167	0	0.0729773	sas_voromqa	394.872	961.882
9i05-1-9i05_As-1-9i05_Ue-1__receptor.pdb	9i05-1-9i05_As-1-9i05_Ue-1__ligand.sdf	1454	101	1400.56	34.2651	34.2651	1400.56	34.2651	0	0.0244653	sas_voromqa	1400.56	3116.34
9i05-1-9i05_Xb-1-9i05_Uc-1__receptor.pdb	9i05-1-9i05_Xb-1-9i05_Uc-1__ligand.sdf	2901	120	1276.41	45.2991	45.2991	1276.41	45.2991	0	0.0354895	sas_voromqa	1276.41	3392.57
9i05-1-9i05_Xn-1-9i05_Ue-1__receptor.pdb	9i05-1-9i05_Xn-1-9i05_Ue-1__ligand.sdf	1493	101	1326.34	35.8917	35.8917	1326.34	35.8917	0	0.0270607	sas_voromqa	1326.34	3053.77
9i05-1-9i05_Xv-1-9i05_Uc-1__receptor.pdb	9i05-1-9i05_Xv-1-9i05_Uc-1__ligand.sdf	3164	120	1213.84	109.403	109.403	1213.84	109.403	0	0.0901297	sas_voromqa	1213.84	3383.79
9i5r-1-9i5r_A-1-9i5r_B-1__receptor.pdb	9i5r-1-9i5r_A-1-9i5r_B-1__ligand.sdf	2590	123	886.791	-198.359	-198.359	886.791	-198.359	0	-0.223682	sas_voromqa	886.791	2963.05
9i69-1-9i69_A-1-9i69_B-1__receptor.pdb	9i69-1-9i69_A-1-9i69_B-1__ligand.sdf	2392	46	424.623	-8.02131	-8.02131	424.623	-8.02131	0	-0.0188904	sas_voromqa	424.623	1206.49
9i6a-1-9i6a_A-1-9i6a_B-1__receptor.pdb	9i6a-1-9i6a_A-1-9i6a_B-1__ligand.sdf	2340	25	204.669	12.2149	12.2149	204.669	12.2149	0	0.0596812	sas_voromqa	204.669	651.711
9if9-1-9if9_A-1-9if9_C-1__receptor.pdb	9if9-1-9if9_A-1-9if9_C-1__ligand.sdf	1699	95	847.417	-34.6378	-36.6667	845.868	-35.7417	0	-0.0408746	sas_voromqa	847.417	2432.12
9imn-1-9imn_I-1-9imn_W-1__receptor.pdb	9imn-1-9imn_I-1-9imn_W-1__ligand.sdf	275	196	2515.29	520.203	520.203	2515.29	520.203	0	0.206816	sas_voromqa	2515.29	5886.95
9it4-1-9it4_B-1-9it4_F-1__receptor.pdb	9it4-1-9it4_B-1-9it4_F-1__ligand.sdf	2154	108	988.565	9.31449	9.31449	988.565	9.31449	0	0.00942223	sas_voromqa	988.565	2922.55
9iut-1-9iut_A-1-9iut_C-1__receptor.pdb	9iut-1-9iut_A-1-9iut_C-1__ligand.sdf	1303	73	958.945	58.6984	58.6984	958.945	58.6984	0	0.0612114	sas_voromqa	958.945	2201.82
9iut-1-9iut_B-1-9iut_C-1__receptor.pdb	9iut-1-9iut_B-1-9iut_C-1__ligand.sdf	1290	73	826.413	27.5598	27.5598	826.413	27.5598	0	0.0333487	sas_voromqa	826.413	2095.57
9iwj-1-9iwj_A-1-9iwj_E-1__receptor.pdb	9iwj-1-9iwj_A-1-9iwj_E-1__ligand.sdf	1746	104	982.545	89.8641	89.8641	982.545	89.8641	0	0.0914605	sas_voromqa	982.545	2895.39
9iwm-1-9iwm_A-1-9iwm_B-1__receptor.pdb	9iwm-1-9iwm_A-1-9iwm_B-1__ligand.sdf	2083	106	858.934	16.2787	16.2787	858.934	16.2787	0	0.0189522	sas_voromqa	858.934	2737.02
9j5e-1-9j5e_A-1-9j5e_B-1__receptor.pdb	9j5e-1-9j5e_A-1-9j5e_B-1__ligand.sdf	2828	88	906.232	33.5534	33.5534	906.232	33.5534	0	0.0370252	sas_voromqa	906.232	2468.19
9j8a-1-9j8a_H-1-9j8a_P-1__receptor.pdb	9j8a-1-9j8a_H-1-9j8a_P-1__ligand.sdf	1643	110	1182.59	-23.7202	-31.9988	1176.27	-28.2246	0	-0.0200578	sas_voromqa	1182.59	2936.65
9j8a-1-9j8a_L-1-9j8a_P-1__receptor.pdb	9j8a-1-9j8a_L-1-9j8a_P-1__ligand.sdf	1570	110	1414.95	-65.5263	-82.2107	1402.22	-74.6043	0	-0.04631	sas_voromqa	1414.95	3158.67
9ja1-1-9ja1_G-1-9ja1_D-1__receptor.pdb	9ja1-1-9ja1_G-1-9ja1_D-1__ligand.sdf	638	95	1214.27	-123.582	-123.582	1214.27	-123.582	0	-0.101775	sas_voromqa	1214.27	2838.59
9jyy-1-9jyy_G-1-9jyy_C-1__receptor.pdb	9jyy-1-9jyy_G-1-9jyy_C-1__ligand.sdf	5335	116	1842.34	-4.4041	-4.4041	1842.34	-4.4041	0	-0.00239049	sas_voromqa	1842.34	3672.68
9jyy-1-9jyy_G-1-9jyy_F-1__receptor.pdb	9jyy-1-9jyy_G-1-9jyy_F-1__ligand.sdf	5335	112	1444.16	88.1081	88.1081	1444.16	88.1081	0	0.0610099	sas_voromqa	1444.16	3293.39
9jyy-1-9jyy_G-1-9jyy_a-1__receptor.pdb	9jyy-1-9jyy_G-1-9jyy_a-1__ligand.sdf	5335	116	1797.17	-4.1496	-4.1496	1797.17	-4.1496	0	-0.00230896	sas_voromqa	1797.17	3644.97
9jyz-1-9jyz_P-1-9jyz_1-1__receptor.pdb	9jyz-1-9jyz_P-1-9jyz_1-1__ligand.sdf	6313	101	1887.15	27.8743	27.8743	1887.15	27.8743	0	0.0147706	sas_voromqa	1887.15	3504.79
9jyz-1-9jyz_P-1-9jyz_2-1__receptor.pdb	9jyz-1-9jyz_P-1-9jyz_2-1__ligand.sdf	6313	101	1352.57	61.1451	61.1451	1352.57	61.1451	0	0.0452066	sas_voromqa	1352.57	3098.16
9jyz-1-9jyz_P-1-9jyz_v-1__receptor.pdb	9jyz-1-9jyz_P-1-9jyz_v-1__ligand.sdf	6313	101	1546.57	11.668	11.668	1546.57	11.668	0	0.00754444	sas_voromqa	1546.57	3249.06
9jyz-1-9jyz_j-1-9jyz_3-1__receptor.pdb	9jyz-1-9jyz_j-1-9jyz_3-1__ligand.sdf	4070	110	1721.97	189.079	189.079	1721.97	189.079	0	0.109804	sas_voromqa	1721.97	3601.22
9jyz-1-9jyz_m-1-9jyz_0-1__receptor.pdb	9jyz-1-9jyz_m-1-9jyz_0-1__ligand.sdf	4070	110	1744.09	131.134	131.134	1744.09	131.134	0	0.0751876	sas_voromqa	1744.09	3602.18
9jyz-1-9jyz_n-1-9jyz_0-1__receptor.pdb	9jyz-1-9jyz_n-1-9jyz_0-1__ligand.sdf	4070	110	1202.56	165.063	165.063	1202.56	165.063	0	0.13726	sas_voromqa	1202.56	3096.94
9k27-1-9k27_A-1-9k27_F-1__receptor.pdb	9k27-1-9k27_A-1-9k27_F-1__ligand.sdf	2417	148	967.997	70.5636	70.5636	967.997	70.5636	0	0.0728965	sas_voromqa	967.997	3785.57
9knd-1-9knd_A-1-9knd_B-1__receptor.pdb	9knd-1-9knd_A-1-9knd_B-1__ligand.sdf	1797	79	719.083	10.3249	10.3249	719.083	10.3249	0	0.0143584	sas_voromqa	719.083	2129.04
9kpy-2-9kpy_C-1-9kpy_H-1__receptor.pdb	9kpy-2-9kpy_C-1-9kpy_H-1__ligand.sdf	1246	42	258.572	31.559	31.559	258.572	31.559	0	0.122051	sas_voromqa	258.572	1029.44
9kr6-1-9kr6_A-1-9kr6_C-1__receptor.pdb	9kr6-1-9kr6_A-1-9kr6_C-1__ligand.sdf	3334	46	343.459	70.6768	70.6768	343.459	70.6768	0	0.205779	sas_voromqa	343.459	1160.5
9l5r-1-9l5r_B-1-9l5r_H-1__receptor.pdb	9l5r-1-9l5r_B-1-9l5r_H-1__ligand.sdf	2071	110	1297.84	92.6046	92.6046	1297.84	92.6046	0	0.0713529	sas_voromqa	1297.84	3135.05
9l5r-1-9l5r_I-1-9l5r_H-1__receptor.pdb	9l5r-1-9l5r_I-1-9l5r_H-1__ligand.sdf	6135	110	1462.5	103.919	103.919	1462.5	103.919	0	0.0710557	sas_voromqa	1462.5	3227.15
9laf-1-9laf_C-1-9laf_A-1__receptor.pdb	9laf-1-9laf_C-1-9laf_A-1__ligand.sdf	697	114	1034.68	134.481	134.481	1034.68	134.481	0	0.129974	sas_voromqa	1034.68	3111.28
9lds-1-9lds_A-1-9lds_B-1__receptor.pdb	9lds-1-9lds_A-1-9lds_B-1__ligand.sdf	857	124	969.164	-63.4577	-63.4577	969.164	-63.4577	0	-0.0654767	sas_voromqa	969.164	3046.36
9mj9-1-9mj9_A-1-9mj9_C-1__receptor.pdb	9mj9-1-9mj9_A-1-9mj9_C-1__ligand.sdf	6471	105	1358.84	75.1867	74.7087	1358.47	74.9266	0	0.0553315	sas_voromqa	1358.84	3151.47
9mxc-1-9mxc_A-1-9mxc_E-1__receptor.pdb	9mxc-1-9mxc_A-1-9mxc_E-1__ligand.sdf	2314	146	1684.23	-9.50112	-9.50112	1684.23	-9.50112	0	-0.00564122	sas_voromqa	1684.23	4164.21
9mxc-1-9mxc_C-1-9mxc_E-1__receptor.pdb	9mxc-1-9mxc_C-1-9mxc_E-1__ligand.sdf	1899	146	2174.25	-47.1606	-47.1606	2174.25	-47.1606	0	-0.0216905	sas_voromqa	2174.25	4583.19
9nk9-1-9nk9_A-1-9nk9_B-1__receptor.pdb	9nk9-1-9nk9_A-1-9nk9_B-1__ligand.sdf	900	89	720.223	-45.0728	-45.0728	720.223	-45.0728	0	-0.0625817	sas_voromqa	720.223	2182.99
9nkg-1-9nkg_A-1-9nkg_v-1__receptor.pdb	9nkg-1-9nkg_A-1-9nkg_v-1__ligand.sdf	3060	60	1204.38	97.5353	97.5353	1204.38	97.5353	0	0.0809838	sas_voromqa	1204.38	2166.04
9nkg-1-9nkg_B-1-9nkg_v-1__receptor.pdb	9nkg-1-9nkg_B-1-9nkg_v-1__ligand.sdf	3076	60	1201.82	108.812	108.812	1201.82	108.812	0	0.0905393	sas_voromqa	1201.82	2175.58
9nkg-1-9nkg_D-1-9nkg_v-1__receptor.pdb	9nkg-1-9nkg_D-1-9nkg_v-1__ligand.sdf	3039	60	1123.71	92.8483	92.8483	1123.71	92.8483	0	0.0826266	sas_voromqa	1123.71	2105.03
9nkg-1-9nkg_E-1-9nkg_v-1__receptor.pdb	9nkg-1-9nkg_E-1-9nkg_v-1__ligand.sdf	3098	60	1104.14	90.9834	90.9834	1104.14	90.9834	0	0.0824021	sas_voromqa	1104.14	2118.28
9nkg-1-9nkg_F-1-9nkg_v-1__receptor.pdb	9nkg-1-9nkg_F-1-9nkg_v-1__ligand.sdf	3251	60	1120.53	89.8611	89.8611	1120.53	89.8611	0	0.0801952	sas_voromqa	1120.53	2133.7
9obp-1-9obp_E-1-9obp_O-1__receptor.pdb	9obp-1-9obp_E-1-9obp_O-1__ligand.sdf	599	25	531.85	47.5096	47.5096	531.85	47.5096	0	0.0893289	sas_voromqa	531.85	951.683
9oj3-1-9oj3_A-1-9oj3_B-1__receptor.pdb	9oj3-1-9oj3_A-1-9oj3_B-1__ligand.sdf	612	150	1452.1	72.5291	72.5177	1452.09	72.5229	0	0.0499477	sas_voromqa	1452.1	3999.6
9p1c-1-9p1c_B-1-9p1c_A-1__receptor.pdb	9p1c-1-9p1c_B-1-9p1c_A-1__ligand.sdf	1799	100	1202.01	-61.2023	-61.2023	1202.01	-61.2023	0	-0.0509166	sas_voromqa	1202.01	2949.5
9qa4-1-9qa4_A-1-9qa4_B-1__receptor.pdb	9qa4-1-9qa4_A-1-9qa4_B-1__ligand.sdf	4878	26	145.681	-6.19653	-6.19653	145.681	-6.19653	0	-0.0425349	sas_voromqa	145.681	646.916
9qa4-1-9qa4_A-1-9qa4_C-1__receptor.pdb	9qa4-1-9qa4_A-1-9qa4_C-1__ligand.sdf	4878	26	56.6173	8.0392	8.0392	56.6173	8.0392	0	0.141992	sas_voromqa	56.6173	546.879
9qaj-1-9qaj_C-1-9qaj_N-1__receptor.pdb	9qaj-1-9qaj_C-1-9qaj_N-1__ligand.sdf	795	80	1052.66	87.6115	87.6115	1052.66	87.6115	0	0.0832287	sas_voromqa	1052.66	2339.8
9qaj-1-9qaj_D-1-9qaj_N-1__receptor.pdb	9qaj-1-9qaj_D-1-9qaj_N-1__ligand.sdf	700	80	1119.81	96.7861	96.7861	1119.81	96.7861	0	0.0864308	sas_voromqa	1119.81	2393.15
9qaj-1-9qaj_G-1-9qaj_L-1__receptor.pdb	9qaj-1-9qaj_G-1-9qaj_L-1__ligand.sdf	809	80	1071.54	94.4662	94.4662	1071.54	94.4662	0	0.0881593	sas_voromqa	1071.54	2409.97
9qaj-1-9qaj_G-1-9qaj_M-1__receptor.pdb	9qaj-1-9qaj_G-1-9qaj_M-1__ligand.sdf	809	83	1091.24	-48.6412	-48.6412	1091.24	-48.6412	0	-0.0445742	sas_voromqa	1091.24	2492.85
9qaj-1-9qaj_H-1-9qaj_M-1__receptor.pdb	9qaj-1-9qaj_H-1-9qaj_M-1__ligand.sdf	726	83	1124.56	-93.5015	-93.5015	1124.56	-93.5015	0	-0.083145	sas_voromqa	1124.56	2515.54
9qwo-1-9qwo_A-1-9qwo_E-1__receptor.pdb	9qwo-1-9qwo_A-1-9qwo_E-1__ligand.sdf	1369	134	1232.38	-16.9208	-16.9208	1232.38	-16.9208	0	-0.0137302	sas_voromqa	1232.38	3619.4
9qwo-1-9qwo_A-1-9qwo_G-1__receptor.pdb	9qwo-1-9qwo_A-1-9qwo_G-1__ligand.sdf	1369	101	1104.65	-57.2758	-57.2758	1104.65	-57.2758	0	-0.0518497	sas_voromqa	1104.65	2857.38
9qwo-1-9qwo_B-1-9qwo_E-1__receptor.pdb	9qwo-1-9qwo_B-1-9qwo_E-1__ligand.sdf	1270	134	1512.27	-80.0006	-80.0006	1512.27	-80.0006	0	-0.052901	sas_voromqa	1512.27	3831.33
9u4y-1-9u4y_R-1-9u4y_C-1__receptor.pdb	9u4y-1-9u4y_R-1-9u4y_C-1__ligand.sdf	2123	85	255.822	2.20183	2.20183	255.822	2.20183	0	0.00860688	sas_voromqa	255.822	1816.25
